mode,mode_label,region_id,training_seeds,contexts_per_seed,passing_count_difference_all_events_mean,passing_count_difference_all_events_across_seed_sd,passing_count_difference_all_events_mean_within_seed_context_sd,efficiency_difference_pp_all_events_mean,efficiency_difference_pp_all_events_across_seed_sd,efficiency_difference_pp_all_events_mean_within_seed_context_sd,weighted_bin_MAE_pp_supported_mean,weighted_bin_MAE_pp_supported_across_seed_sd,weighted_bin_MAE_pp_supported_mean_within_seed_context_sd,C1_percent_mean,C1_percent_across_seed_sd,C1_percent_mean_within_seed_context_sd,C2_percent_mean,C2_percent_across_seed_sd,C2_percent_mean_within_seed_context_sd,C3_percent_mean,C3_percent_across_seed_sd,C3_percent_mean_within_seed_context_sd
full_density,Full density guidance,overall,3,10,-915.0177781420163,941.950401286546,315.65843926162785,-0.799840715159105,0.8233832179078199,0.27592520914477964,4.288864541831844,0.41636581801054134,0.12769348716637746,47.57918552036199,1.3028217238812676,1.7613585149312068,79.50980392156862,1.3590362964509897,1.2250946442029296,93.41628959276018,0.11312217194570451,1.103297759648455
full_density,Full density guidance,DEP_core,3,10,-14.255719690422223,7.700341363923954,3.8736166266403544,-1.7217052766210414,0.9299929183483037,0.4678280950048738,1.7683534566365313,0.3410096341616002,0.42416239906658565,40.0,17.320508075688775,8.606629658238704,100.0,0.0,0.0,100.0,0.0,0.0
full_density,Full density guidance,feature_1620_core,3,10,61.4395016662528,6.477482991615125,5.522332730714013,7.777152109652255,0.81993455590065,0.6990294595840524,9.984571551566763,0.4067147645062138,0.22462939940810703,21.666666666666668,25.65800719723442,8.050764858994134,50.0,0.0,0.0,50.0,0.0,0.0
full_density,Full density guidance,SE_core,3,10,-1.5110651670062591,27.812410133574435,5.8490686392552504,-0.11143548429249688,2.051062694216404,0.43134724478283554,4.314520501450069,1.8511834602258015,0.3500221328716317,8.333333333333334,14.433756729740644,8.784104611578831,16.666666666666668,28.867513459481287,0.0,76.66666666666667,25.16611478423583,8.606629658238704
full_density,Full density guidance,FE_core,3,10,-333.24689716307745,303.1018919804416,129.59703947405532,-3.9104306167927425,3.556699037555053,1.5207350325516937,4.411136562748727,2.784152611778882,1.1921541667225624,11.666666666666666,20.207259421636902,8.050764858994134,13.333333333333334,23.09401076758503,7.027283689263065,23.333333333333332,36.17089069035118,16.519605395456512
full_density,Full density guidance,DEP_broad,3,10,-30.307834060152377,7.3012782385200685,4.860133102987703,-2.3458075897950756,0.5651144147461352,0.37617129280090583,2.7830132484736367,0.07244487021618666,0.28784522596143086,62.77777777777777,6.735753140545628,3.749714209503082,83.33333333333334,0.0,1.4979556132593925e-14,100.0,0.0,0.0
full_density,Full density guidance,feature_1620_broad,3,10,22.790531653945635,4.650678248847851,6.501610073013109,1.7122863752025268,0.3494123402590423,0.4884755877545537,8.581059068173879,0.19893262799341427,0.08054869934415325,39.44444444444445,8.388704928078614,6.197230130962908,50.0,0.0,0.0,83.33333333333334,0.0,1.4979556132593925e-14
full_density,Full density guidance,SE_broad,3,10,-44.14839250115197,27.48645319237365,6.251274874973364,-2.193164058676203,1.365447252477578,0.31054519994899976,4.3731674184184,1.162142927514106,0.23890076826544984,36.11111111111111,4.811252243246887,2.928034870526281,66.66666666666667,16.66666666666667,9.986370755062616e-15,92.22222222222223,8.388704928078605,2.86887655274624
full_density,Full density guidance,FE_broad,3,10,-319.8160460209144,309.1353781787446,134.09390424603484,-3.6659335857509685,3.5435050226816207,1.5370690537142921,4.3828332196078845,2.637143550673961,1.1276378577622597,48.666666666666664,5.773502691896258,10.669611807907941,62.0,3.4641016151377544,3.220305943597653,69.33333333333333,14.46835627614047,6.6078421581826055
full_density,Full density guidance,continuum_1700_2000,3,10,60.42352766615149,116.85686200853073,12.073144547877435,0.7341862413870169,1.41988896729685,0.1466967745793127,4.427232920766939,0.3047436927301228,0.0541756837314174,53.22222222222222,3.5758966759453537,1.1689439735920795,88.16666666666667,1.3228756555322871,1.013223260688082,99.44444444444446,0.9622504486493708,4.993185377531308e-15
full_density,Full density guidance,continuum_2200_2400,3,10,145.67968590780094,95.90226678114826,17.45945254316209,1.60210806013198,1.054682357650371,0.19200981571716805,3.4989054819326113,0.43002358615376673,0.06665733630657285,48.666666666666664,5.433307770901013,1.405456737852613,89.41666666666667,2.8099525500145606,1.5363395449195805,99.33333333333333,1.1547005383792517,0.35136418446315326
full_density,Full density guidance,sparse_tail_2700_3000,3,10,25.22594454066957,7.33704789402736,15.747411257940707,16.81729636044638,4.891365262684909,10.498274171960473,19.118811317353465,3.8810622370232912,8.776506840251555,38.71794871794871,13.76758334221415,22.647998536375287,53.07692307692307,14.655814525582809,27.27162613012754,66.41025641025641,11.208970766356103,29.341600748326883
global_gate,Global decoder gate,overall,3,10,-1082.2614676553112,673.6054658157093,284.0263804268629,-0.9460327514469505,0.5888159666221235,0.24827480806543958,4.8108307841590685,0.05511094133467637,0.13070282047984094,43.46907993966818,0.5751829552237826,1.0915285571111644,77.13423831070888,0.9927289696473248,1.1876241762936268,91.14630467571642,0.6670692122924857,0.5968011679600053
global_gate,Global decoder gate,DEP_core,3,10,-197.78357020600637,5.489940474569318,5.0994056537980805,-23.886904614251975,0.6630362891991944,0.6158702480432461,23.39455391690285,0.6769993997067815,0.6143654260127881,50.0,0.0,0.0,50.0,0.0,0.0,50.0,0.0,0.0
global_gate,Global decoder gate,feature_1620_core,3,10,149.59326994007827,5.92979430501785,4.55188278556924,18.935856954440286,0.7506068740528916,0.5761876943758528,18.935856954440283,0.7506068740528962,0.5761876943758566,0.0,0.0,0.0,0.0,0.0,0.0,0.0,0.0,0.0
global_gate,Global decoder gate,SE_core,3,10,115.34774780407547,32.07593299598154,1.8790467668079553,8.506471076996716,2.3654817843644205,0.13857277041356617,7.373786005689239,2.3714422859921584,0.13953519756296465,0.0,0.0,0.0,16.666666666666668,28.867513459481287,0.0,50.0,0.0,0.0
global_gate,Global decoder gate,FE_core,3,10,-263.17958083869513,140.92684510310352,123.07915676232176,-3.0882372780884206,1.6536827634722309,1.4442520155165661,3.254968877546912,1.5157086121498267,1.3427444088003888,11.666666666666666,20.207259421636902,13.721210039142742,16.666666666666668,28.867513459481287,17.568209223157663,18.333333333333332,31.75426480542942,16.57381543352922
global_gate,Global decoder gate,DEP_broad,3,10,-194.66378550817572,10.208179874815569,6.772722784224261,-15.066856463481093,0.7901068014563123,0.5242045498625588,15.926840877441357,0.4819870769463311,0.3550254408688869,65.55555555555556,1.9245008972987498,2.3424278964210328,83.33333333333334,0.0,1.4979556132593925e-14,83.33333333333334,0.0,1.4979556132593925e-14
global_gate,Global decoder gate,feature_1620_broad,3,10,137.08954682995878,6.11900805528534,6.353795276483296,10.299740558223798,0.4597301318771873,0.47737004331204336,12.094958991688193,0.4993592383868788,0.2802662381237832,46.11111111111111,6.735753140545636,2.6835882863313767,66.66666666666666,0.0,1.4979556132593925e-14,66.66666666666666,0.0,1.4979556132593925e-14
global_gate,Global decoder gate,SE_broad,3,10,83.30311153629421,45.080451383709345,2.5736060362002733,4.138256906919732,2.2394660399259485,0.12784928148039112,6.3995960981174305,1.571642499988694,0.07882265340627825,18.333333333333332,2.886751345948131,2.6835882863313802,72.22222222222221,9.622504486493773,1.4979556132593925e-14,83.33333333333334,0.0,1.4979556132593925e-14
global_gate,Global decoder gate,FE_broad,3,10,-258.23890399990654,141.53364804945943,125.94530069891248,-2.9600974782199287,1.6223480977700533,1.4436646114043155,3.3714877348114975,1.4674460011477386,1.2575839375243458,28.0,7.211102550927978,9.00212586028863,50.666666666666664,16.77299416721217,5.621826951410452,64.0,16.3707055437449,10.143168018043221
global_gate,Global decoder gate,continuum_1700_2000,3,10,47.44805096445371,106.70193614818399,21.121834535143968,0.5765255281221591,1.2964998316911784,0.25664440504427666,5.187726224787267,0.5094342587936508,0.032736168992540476,46.22222222222223,8.835429520674976,1.4183134143843,84.11111111111113,2.86905585192785,1.1828112517569978,96.38888888888887,0.4811252243246772,0.29280348705263853
global_gate,Global decoder gate,continuum_2200_2400,3,10,85.2986613780278,70.39392527356425,13.418009225572789,0.9380695191688968,0.7741551223310704,0.14756416172410416,4.743231428642374,0.5123256207971347,0.12026259316847154,39.0,6.015604707757983,2.0650252290939948,79.33333333333333,3.843284185866735,0.8417434735286481,93.25,2.704163456597992,0.8695367134908768
global_gate,Global decoder gate,sparse_tail_2700_3000,3,10,15.54812963379114,4.214267272707886,12.318879925938248,10.36541975586076,2.809511515138591,8.212586617292166,12.826103022120884,1.2164908934607315,6.342011116767452,48.2051282051282,10.156565292481208,24.111342901138524,70.25641025641026,6.542231190857994,25.122032198305075,87.17948717948717,7.391556566871583,13.56445134053675
global_attention,Global attention,overall,3,10,-928.6122539993147,967.5464004640462,307.0535143128536,-0.8117239982511492,0.8457573430629776,0.26840342160214475,4.3278495124768455,0.41459232511746164,0.13805390597204895,46.244343891402714,1.6258139568526377,1.3419752827388385,78.06184012066365,1.1940329703176442,0.7490547152244557,92.17948717948717,0.047096515825019204,0.7639574930655999
global_attention,Global attention,DEP_core,3,10,-14.954806143363308,8.990029078481381,3.744865944529668,-1.8061360076525734,1.085752304164418,0.4522784957161435,1.8675557081186793,0.37575099594406675,0.44291925790897535,38.333333333333336,16.072751268321593,13.877092425186001,98.33333333333333,2.8867513459481287,5.270462766947299,100.0,0.0,0.0
global_attention,Global attention,feature_1620_core,3,10,60.10755300325155,4.8022474976053955,5.428190090731292,7.608551013069817,0.6078794300766319,0.6871126697128217,9.85991756251341,0.5225824524314091,0.21957678458465124,21.666666666666668,24.664414311581236,12.297746456210364,50.0,0.0,0.0,50.0,0.0,0.0
global_attention,Global attention,SE_core,3,10,-1.7528113043913696,29.43172227826601,5.688174215232551,-0.1292633705303369,2.17048099397242,0.41948187427968664,4.30362742010445,1.825546361525814,0.34527217788905573,8.333333333333334,14.433756729740644,8.784104611578831,16.666666666666668,28.867513459481287,0.0,80.0,26.457513110645905,7.027283689263065
global_attention,Global attention,FE_core,3,10,-306.83789907411136,325.6017838780992,128.824728719516,-3.600538595096354,3.820720298968542,1.5116724796939218,4.356123178287199,2.641295476328654,1.2182377386556589,6.666666666666667,11.547005383792515,8.606629658238704,18.333333333333332,31.75426480542942,12.297746456210364,23.333333333333332,36.17089069035118,13.321227625941432
global_attention,Global attention,DEP_broad,3,10,-30.585609866460164,9.61089639863086,4.831018021026182,-2.3673072652058953,0.7438774302345867,0.3739178034849986,2.8213791843444596,0.07536547924164463,0.3114391784311435,61.666666666666664,7.264831572567785,6.139102243130303,82.77777777777779,0.962250448649379,1.7568209223157751,100.0,0.0,0.0
global_attention,Global attention,feature_1620_broad,3,10,21.758626018027467,2.848305714592749,6.681894466901066,1.6347577774626199,0.2139974240866077,0.5020206211045127,8.484651141935428,0.25437929136994486,0.07143313411658947,38.333333333333336,7.264831572567794,8.114931968579791,50.0,0.0,0.0,83.33333333333334,0.0,1.4979556132593925e-14
global_attention,Global attention,SE_broad,3,10,-43.72579829424715,29.560706060424998,6.109438223672426,-2.1721708044832164,1.468490117259066,0.3034991666007167,4.3496502121019915,1.156531795864825,0.23625866000318618,36.11111111111111,4.811252243246887,2.928034870526281,66.66666666666667,16.66666666666667,9.986370755062616e-15,93.33333333333333,8.819171036881961,2.3424278964210274
global_attention,Global attention,FE_broad,3,10,-292.92510272236564,331.4340676855501,133.5803448425653,-3.357692603420055,3.7991066905725592,1.5311823113544853,4.337560713277494,2.50264450877174,1.1664364892241392,47.333333333333336,4.618802153517007,13.656809862674754,64.0,6.928203230275509,7.166451331820933,68.66666666666667,13.316656236958787,6.324555320336759
global_attention,Global attention,continuum_1700_2000,3,10,57.634890272756515,116.78106974025165,14.237539155642592,0.7003024334478313,1.4189680405862897,0.17299561549990997,4.430143260050756,0.2664617243144763,0.06052464598863938,54.0,4.567396535348239,1.533356006717585,87.94444444444444,1.2509255832441895,1.0360371433079794,99.44444444444446,0.9622504486493708,4.993185377531308e-15
global_attention,Global attention,continuum_2200_2400,3,10,136.19449123070632,93.26915211834206,15.413906780655944,1.4977949107083066,1.025724756607743,0.1695139863703502,3.4768209543995616,0.3718037203351728,0.05753989184050654,49.5,3.526683994916471,1.5063940872125974,89.66666666666667,1.773649721149397,1.2678960022554027,99.58333333333333,0.7216878364870322,0.43920523057894156
global_attention,Global attention,sparse_tail_2700_3000,3,10,47.5782012123863,7.39539273294949,6.076149007715702,31.718800808257527,4.930261821966324,4.050766005143802,31.44606972634792,5.137574553143143,3.773748672455486,7.435897435897435,0.44411559168432746,2.019569966174025,13.333333333333334,4.885271508527603,1.6216808513684,28.461538461538463,10.000000000000004,16.981211961964927
global_both,Global gate + attention,overall,3,10,-1011.3567968480606,716.7687330727006,285.5586741710373,-0.8840531440979552,0.6265460953432698,0.24961422567398361,4.7798915868416705,0.02556349244811954,0.12803969620150477,41.80241327300151,1.4767246376906618,0.6143276954997929,75.85218702865761,0.28288083459293467,0.9346723573831048,90.65610859728507,0.44161134153717835,0.39966930551377927
global_both,Global gate + attention,DEP_core,3,10,-200.0465058161219,3.428557579774423,5.179598728238404,-24.160206016439844,0.4140770023882178,0.6255554019611599,23.67116438056205,0.4254714077499749,0.6255960107395406,46.666666666666664,5.773502691896258,7.027283689263065,50.0,0.0,0.0,50.0,0.0,0.0
global_both,Global gate + attention,feature_1620_core,3,10,148.36154085431497,5.6532273760380205,4.653625528424944,18.779941880293034,0.7155984020301337,0.589066522585436,18.779941880293034,0.7155984020301277,0.5890665225854336,0.0,0.0,0.0,0.0,0.0,0.0,0.0,0.0,0.0
global_both,Global gate + attention,SE_core,3,10,112.38112406823535,34.55067580060851,1.970384003333816,8.28769351535659,2.547984941047825,0.14530855481812824,7.145376765714175,2.5717238650952545,0.14743130485301745,0.0,0.0,0.0,26.666666666666668,25.16611478423583,8.606629658238704,50.0,0.0,0.0
global_both,Global gate + attention,FE_core,3,10,-239.63261393497484,161.73697459940172,112.32338056109195,-2.8119292881362923,1.897875787366835,1.318040138008589,3.078504005462243,1.5949146764721427,1.1294984543114182,10.0,17.320508075688775,11.653431646335017,15.0,25.98076211353316,16.57381543352922,26.666666666666668,46.18802153517006,14.05456737852613
global_both,Global gate + attention,DEP_broad,3,10,-197.17009414833782,8.927494719125821,6.848152543164248,-15.260843200335747,0.6909825633998323,0.5300427664987808,16.07744643313964,0.3151356969867791,0.36477685300536705,64.44444444444444,1.9245008972987498,4.68485579284205,83.33333333333334,0.0,1.4979556132593925e-14,83.33333333333334,0.0,1.4979556132593925e-14
global_both,Global gate + attention,feature_1620_broad,3,10,136.12600154870753,5.123703011580146,6.4340485288769145,10.227347975109504,0.38495139080241564,0.4833995889464249,12.02273717846994,0.5708324896992534,0.28774107110328223,46.11111111111111,6.735753140545636,2.6835882863313767,66.66666666666666,0.0,1.4979556132593925e-14,66.66666666666666,0.0,1.4979556132593925e-14
global_both,Global gate + attention,SE_broad,3,10,82.51792266417046,43.33097400732713,2.4837278610471905,4.099251001697489,2.152557079350577,0.12338439448818628,6.18090835465009,1.7001525056155675,0.09638727622012745,16.666666666666664,0.0,3.744889033148481e-15,75.55555555555556,8.388704928078619,2.8688765527462423,83.33333333333334,0.0,1.4979556132593925e-14
global_both,Global gate + attention,FE_broad,3,10,-233.04342354461835,164.97174006220993,114.71595244444025,-2.6712909622262537,1.8910103170817276,1.3149467267817543,3.1987828096033883,1.550541580785335,1.0560272829414945,27.333333333333332,6.429100507328636,8.17501450316554,51.333333333333336,14.742229591663987,6.662957806893135,67.33333333333333,21.93931022920578,9.135468796041986
global_both,Global gate + attention,continuum_1700_2000,3,10,39.70086599473931,112.94436080076969,22.786818677679673,0.48239205339901964,1.372349462949814,0.27687507506293646,5.1537504877465965,0.4995280190211691,0.023018601217265035,47.38888888888889,10.788797344845632,1.3678406756316503,84.16666666666667,1.0137937550497076,0.9009659808816709,96.55555555555554,0.6735753140545533,0.5611623156857698
global_both,Global gate + attention,continuum_2200_2400,3,10,93.74640512722611,71.64396693599107,8.57880010615984,1.0309733325330046,0.7879024187395918,0.09434510179434556,4.727797994393817,0.525300797668584,0.11414308487020076,39.416666666666664,5.757241816471958,2.1563299168335646,79.08333333333333,4.719198378255923,0.9295845196444366,93.5,2.4109126902482387,0.8417434735286481
global_both,Global gate + attention,sparse_tail_2700_3000,3,10,31.232026390129096,6.621302257552454,4.800013263150034,20.821350926752732,4.4142015050349706,3.200008842100022,21.305303151915094,2.49854518501299,2.9554392876111373,14.615384615384615,5.80756495020827,3.3436668366722864,32.05128205128205,8.981681993916407,14.660971700813883,68.20512820512822,9.617948376159518,7.576793936161029
density_free_global,Density-free global,overall,3,10,3815.652942630255,894.3770841304172,235.58802200486582,3.3353609638376356,0.7817981504636514,0.205933585668589,7.0471995156116165,0.1696593890448891,0.14395765644190928,44.58521870286577,0.9965885724051124,0.9368905218953554,76.9155354449472,0.9454559569600988,1.0912926010721642,91.78733031674209,0.5527960055597548,0.7424198894701158
density_free_global,Density-free global,DEP_core,3,10,-176.92847116285566,9.193655058275064,2.30077105207033,-21.36817284575551,1.1103448138013374,0.27787090000849396,20.872932131915416,1.1120670028718007,0.27936411781721765,38.333333333333336,20.207259421636902,8.050764858994134,50.0,0.0,0.0,50.0,0.0,0.0
density_free_global,Density-free global,feature_1620_core,3,10,174.5349910108646,7.49962866914327,1.9360223753059114,22.0930368368183,0.9493200847016809,0.24506612345644482,22.0930368368183,0.9493200847016702,0.2450661234564484,0.0,0.0,0.0,0.0,0.0,0.0,0.0,0.0,0.0
density_free_global,Density-free global,SE_core,3,10,286.69472542627653,14.570287255653765,1.2877080816170077,21.14267886624458,1.0745049598564693,0.09496372283311272,20.330768909642583,1.0856494152686156,0.09546123900363285,0.0,0.0,0.0,0.0,0.0,0.0,48.333333333333336,2.8867513459481287,5.270462766947299
density_free_global,Density-free global,FE_core,3,10,248.21701986982922,71.3795059162219,146.0686723528376,2.912661580260844,0.8375910105165674,1.7140186852010981,3.0806976141926867,0.7329885711616371,1.5526385218377727,13.333333333333334,5.773502691896257,22.661197036764833,30.0,5.0,31.686678886423064,40.0,13.228756555322953,32.363344478136675
density_free_global,Density-free global,DEP_broad,3,10,-179.31964189678433,14.335246681895477,3.609024065423128,-13.879229248977117,1.1095392168649758,0.2793362279739262,14.336804414645465,0.7029650738715835,0.17366747506839186,58.888888888888886,3.4694433324435536,8.236053125408992,83.33333333333334,0.0,1.4979556132593925e-14,83.33333333333334,0.0,1.4979556132593925e-14
density_free_global,Density-free global,feature_1620_broad,3,10,155.26280863714217,12.656609219539822,3.2817454090168354,11.665124615863425,0.9509097835867623,0.2465623898585151,14.188000979726873,0.26563891084087443,0.06089866465525536,43.333333333333336,8.819171036881972,2.342427896421024,66.66666666666666,0.0,1.4979556132593925e-14,66.66666666666666,0.0,1.4979556132593925e-14
density_free_global,Density-free global,SE_broad,3,10,239.1597840774655,21.572904874197686,1.9159140234987522,11.880764236337086,1.0716793280773809,0.09517705034767775,15.097099924022713,0.5435268649663366,0.04728212997601192,33.33333333333333,0.0,7.489778066296963e-15,42.22222222222222,15.396007178390024,2.86887655274624,82.77777777777779,0.962250448649379,1.7568209223157751
density_free_global,Density-free global,FE_broad,3,10,248.33894767961647,73.3212567981093,149.47869792158627,2.846617923883729,0.8404545712758977,1.713419279247894,3.051272663024347,0.7024148454346046,1.4719273090876486,60.666666666666664,1.1547005383792517,11.536275522599553,72.0,2.0,12.674671554569224,76.0,5.291502622129181,12.945337791254671
density_free_global,Density-free global,continuum_1700_2000,3,10,95.18708673719554,118.28596697250579,20.448474988984827,1.1565867161263126,1.4372535476610664,0.24846263656117654,4.620019581487855,0.4634646254090224,0.06023354295636981,50.111111111111114,7.004628099679157,1.5195830520522826,87.16666666666667,5.2387445485005735,1.2961175849074047,99.88888888888887,0.19245008972988073,0.23424278964210285
density_free_global,Density-free global,continuum_2200_2400,3,10,213.50069962704174,103.40133508771504,24.792567530479094,2.347967663334892,1.1371531407424949,0.27265553206289556,3.929480091476419,0.3958607957998784,0.10135230249952798,43.0,7.603453162872775,1.5444718424549546,86.5,4.16082924427331,1.2853999512430574,96.75,2.817356917396161,0.656360239006558
density_free_global,Density-free global,sparse_tail_2700_3000,3,10,30.845870598709833,3.449379807389444,4.466442073669977,20.56391373247322,2.2995865382596317,2.977628049113317,19.244746237372357,2.284193010724972,2.680527081490998,15.384615384615381,2.175583928816829e-15,1.8724445165742407e-15,30.76923076923077,12.211159897221187,14.881872344194134,77.43589743589745,9.24144681586672,11.668932969927065
full_density,Full density guidance,peaks_equal_four_cores,3,10,,,,,,,5.119645518100523,1.2797543559506506,0.3297346265776546,20.416666666666668,17.86815136865964,6.799580012781859,45.0,12.99038105676658,1.7568209223157663,62.5,14.737282653189496,5.624571314254607
full_density,Full density guidance,continuum_equal_two_windows,3,10,,,,,,,3.963069201349775,0.3660570514467372,0.032533113121656666,50.944444444444436,4.385965095029235,0.9933101132991412,88.79166666666667,1.134221465734678,0.8226640460922656,99.38888888888887,0.5357583756107217,0.17568209223157663
full_density,Full density guidance,exploratory_continuum_tail_equal_three,3,10,,,,,,,9.014983240017672,1.1806871467213857,2.9362184695221565,46.86894586894587,3.467005504788534,7.691666297648013,76.88675213675212,4.442609849000485,9.1943814065886,88.39601139601139,3.3932413318697106,9.821352396411683
global_gate,Global decoder gate,peaks_equal_four_cores,3,10,,,,,,,13.23979143864482,0.20244841661688795,0.3124665594715074,15.416666666666666,5.0518148554092255,3.4303025097856854,20.833333333333332,7.216878364870322,4.392052305789416,29.583333333333332,7.938566201357354,4.143453858382305
global_gate,Global decoder gate,continuum_equal_two_windows,3,10,,,,,,,4.96547882671482,0.5095969047082715,0.06662588161822408,42.61111111111111,7.4232570594295355,1.2954113730550203,81.72222222222221,3.3484898475669924,0.7224005022292467,94.81944444444446,1.429071506388107,0.5811701002717539
global_gate,Global decoder gate,exploratory_continuum_tail_equal_three,3,10,,,,,,,7.585686891850176,0.5713051553643038,2.135726084156379,44.475783475783466,1.799084816031353,8.1477554737266,77.9002849002849,2.2472074346920676,8.246829008304445,92.27279202279202,3.31090438832126,4.67449196340877
global_attention,Global attention,peaks_equal_four_cores,3,10,,,,,,,5.096805967255935,1.236276106423874,0.329552675731243,18.75,14.737282653189496,7.989810167870613,45.833333333333336,15.528870961320186,4.392052305789416,63.333333333333336,14.48778220892809,4.377883765571645
global_attention,Global attention,continuum_equal_two_windows,3,10,,,,,,,3.9534821072251596,0.3189499189514956,0.02809543894626705,51.75,3.6942616913863073,1.1927834473458656,88.80555555555556,0.7124065890684514,0.7729384737580501,99.51388888888887,0.4336804165554481,0.21960261528947078
global_attention,Global attention,exploratory_continuum_tail_equal_three,3,10,,,,,,,13.11767798026608,1.7810590297827344,1.2663616183718263,36.978632478632484,2.518712385861901,1.0170738094744023,63.64814814814815,1.8788897040744452,0.9121558433517233,75.82977207977207,3.056607563008155,5.691062174099504
global_both,Global gate + attention,peaks_equal_four_cores,3,10,,,,,,,13.168746758007876,0.2717410670462671,0.26457455416894965,14.166666666666666,5.204164998665332,4.670178833899521,22.916666666666668,2.602082499332666,6.2951112729419805,31.666666666666668,11.547005383792515,3.5136418446315325
global_both,Global gate + attention,continuum_equal_two_windows,3,10,,,,,,,4.940774241070208,0.4954691590003979,0.06158847893181734,43.40277777777777,8.255925201085944,1.3352448107356583,81.625,2.854394759742334,0.7434077892078687,95.02777777777779,1.2474511049573298,0.651769161815987
global_both,Global gate + attention,exploratory_continuum_tail_equal_three,3,10,,,,,,,10.395617211351839,1.0814550637653622,1.0154604876448765,33.80698005698006,5.130322004919082,1.4065028903659693,65.10042735042735,4.194241976033907,5.068856474073585,86.08689458689459,3.894848639230648,2.727224598476683
density_free_global,Density-free global,peaks_equal_four_cores,3,10,,,,,,,16.594358873142244,0.3815701887307874,0.4041802332891972,12.916666666666666,5.907269532815761,6.854756591819391,20.0,1.25,7.921669721605766,34.583333333333336,3.818813079129867,8.718463981278738
density_free_global,Density-free global,continuum_equal_two_windows,3,10,,,,,,,4.274749836482137,0.42575492794614034,0.04083173505627765,46.555555555555564,7.231337730349094,1.1472168027081109,86.83333333333333,4.296518293274731,0.7639365582904833,98.31944444444444,1.312555113481304,0.44530151432433146
density_free_global,Density-free global,exploratory_continuum_tail_equal_three,3,10,,,,,,,9.264748636778878,0.5326725715968311,0.9113381711961145,36.16524216524217,4.820891820232728,0.7648112018054064,68.14529914529915,2.174807486465193,4.881940914140658,91.35826210826212,2.363777484020243,4.043061537936796
