bin_index,lower_edge_kev,upper_edge_kev,center_kev,event_count,pass_count,empirical_efficiency,wilson_lower_z1,wilson_upper_z1,wilson_half_width_z1,supported_min_4,in_overall,in_DEP_core,in_feature_1620_core,in_SE_core,in_FE_core,in_DEP_broad,in_feature_1620_broad,in_SE_broad,in_FE_broad,in_continuum_1700_2000,in_continuum_2200_2400,in_sparse_tail_2700_3000
0,500.0,505.0,502.5,919,364,0.39608269858541895,0.3800707007989,0.41232060354892613,0.016124951375013075,True,True,False,False,False,False,False,False,False,False,False,False,False
1,505.0,510.0,507.5,1903,653,0.34314240672622176,0.33234421644170514,0.3541053633902275,0.01088057347426119,True,True,False,False,False,False,False,False,False,False,False,False,False
2,510.0,515.0,512.5,5911,1678,0.28387751649467097,0.278049986414991,0.289778159728446,0.005864086656727496,True,True,False,False,False,False,False,False,False,False,False,False,False
3,515.0,520.0,517.5,837,341,0.4074074074074074,0.390544073125692,0.424491726396981,0.016973826635644507,True,True,False,False,False,False,False,False,False,False,False,False,False
4,520.0,525.0,522.5,780,315,0.40384615384615385,0.38641138069517245,0.42152715963773413,0.01755788947128084,True,True,False,False,False,False,False,False,False,False,False,False,False
5,525.0,530.0,527.5,789,300,0.38022813688212925,0.3631078020924538,0.3976516915784322,0.01727194474298921,True,True,False,False,False,False,False,False,False,False,False,False,False
6,530.0,535.0,532.5,759,301,0.3965744400527009,0.37896535542534754,0.41445569720623127,0.017745170890441864,True,True,False,False,False,False,False,False,False,False,False,False,False
7,535.0,540.0,537.5,729,290,0.39780521262002744,0.3798294992850545,0.4160609116738496,0.018115706194397563,True,True,False,False,False,False,False,False,False,False,False,False,False
8,540.0,545.0,542.5,757,307,0.40554821664464996,0.38783854394946893,0.42350710248852597,0.01783427926952852,True,True,False,False,False,False,False,False,False,False,False,False,False
9,545.0,550.0,547.5,754,287,0.3806366047745358,0.36312326167995135,0.3984661422935585,0.017671440306803565,True,True,False,False,False,False,False,False,False,False,False,False,False
10,550.0,555.0,552.5,712,260,0.3651685393258427,0.3473251822068741,0.3833901053106576,0.018032461551891754,True,True,False,False,False,False,False,False,False,False,False,False,False
11,555.0,560.0,557.5,658,233,0.3541033434650456,0.33569380637605234,0.37295566251620865,0.018630928070078157,True,True,False,False,False,False,False,False,False,False,False,False,False
12,560.0,565.0,562.5,680,250,0.36764705882352944,0.3493638000370331,0.38631901934622687,0.018477609654596883,True,True,False,False,False,False,False,False,False,False,False,False,False
13,565.0,570.0,567.5,646,248,0.38390092879256965,0.3649597565167406,0.4032009853688854,0.01912061442607238,True,True,False,False,False,False,False,False,False,False,False,False,False
14,570.0,575.0,572.5,686,242,0.35276967930029157,0.3347523083334132,0.37121566837692166,0.018231680021754237,True,True,False,False,False,False,False,False,False,False,False,False,False
15,575.0,580.0,577.5,652,242,0.37116564417177916,0.35245609491901797,0.39026978563228365,0.01890684535663284,True,True,False,False,False,False,False,False,False,False,False,False,False
16,580.0,585.0,582.5,14374,3608,0.25100876582718795,0.24740962528808566,0.25464254862495783,0.0036164616684360856,True,True,False,False,False,False,False,False,False,False,False,False,False
17,585.0,590.0,587.5,428,222,0.5186915887850467,0.4945246257269807,0.5427714115690567,0.024123392921038017,True,True,False,False,False,False,False,False,False,False,False,False,False
18,590.0,595.0,592.5,380,173,0.45526315789473687,0.4298672713457457,0.48089388350989754,0.025513306082075915,True,True,False,False,False,False,False,False,False,False,False,False,False
19,595.0,600.0,597.5,395,173,0.4379746835443038,0.41319895134105994,0.46306367492156636,0.02493236179025321,True,True,False,False,False,False,False,False,False,False,False,False,False
20,600.0,605.0,602.5,411,185,0.45012165450121655,0.4257320615054192,0.4747533753877846,0.024510656941182707,True,True,False,False,False,False,False,False,False,False,False,False,False
21,605.0,610.0,607.5,394,170,0.43147208121827413,0.4067246408351879,0.4565664984053184,0.024920928785065244,True,True,False,False,False,False,False,False,False,False,False,False,False
22,610.0,615.0,612.5,393,172,0.43765903307888043,0.412823682663219,0.4628108351032785,0.024993576220029734,True,True,False,False,False,False,False,False,False,False,False,False,False
23,615.0,620.0,617.5,350,157,0.44857142857142857,0.42217106832527335,0.4752648291106241,0.026546880392675387,True,True,False,False,False,False,False,False,False,False,False,False,False
24,620.0,625.0,622.5,367,153,0.41689373297002724,0.3914168270123384,0.44282230342244433,0.025702738205052977,True,True,False,False,False,False,False,False,False,False,False,False,False
25,625.0,630.0,627.5,325,148,0.4553846153846154,0.42793915980948843,0.4831037849757877,0.027582312583149637,True,True,False,False,False,False,False,False,False,False,False,False,False
26,630.0,635.0,632.5,341,158,0.4633431085043988,0.43648593421712223,0.49041465057819933,0.02696435818053855,True,True,False,False,False,False,False,False,False,False,False,False,False
27,635.0,640.0,637.5,336,153,0.45535714285714285,0.42836133729636905,0.48261789119027787,0.02712827694695441,True,True,False,False,False,False,False,False,False,False,False,False,False
28,640.0,645.0,642.5,357,174,0.48739495798319327,0.46101272178269365,0.5138476134128371,0.026417445815071744,True,True,False,False,False,False,False,False,False,False,False,False,False
29,645.0,650.0,647.5,330,155,0.4696969696969697,0.44235640069207166,0.497220638582853,0.02743211894539066,True,True,False,False,False,False,False,False,False,False,False,False,False
30,650.0,655.0,652.5,365,166,0.4547945205479452,0.4288893575500756,0.48094670802369477,0.026028675236809573,True,True,False,False,False,False,False,False,False,False,False,False,False
31,655.0,660.0,657.5,350,150,0.42857142857142855,0.40235984982819656,0.4551900077216609,0.026415078946732173,True,True,False,False,False,False,False,False,False,False,False,False,False
32,660.0,665.0,662.5,331,135,0.4078549848942598,0.381160050247793,0.4351050099931708,0.026972479872688915,True,True,False,False,False,False,False,False,False,False,False,False,False
33,665.0,670.0,667.5,303,137,0.4521452145214521,0.42375687810026824,0.48084838505762656,0.02854575347867916,True,True,False,False,False,False,False,False,False,False,False,False,False
34,670.0,675.0,672.5,316,132,0.4177215189873418,0.39027989518180783,0.4456822499286023,0.027701177373397223,True,True,False,False,False,False,False,False,False,False,False,False,False
35,675.0,680.0,677.5,329,144,0.4376899696048632,0.41056860410919516,0.46518897164838047,0.027310183769592655,True,True,False,False,False,False,False,False,False,False,False,False,False
36,680.0,685.0,682.5,307,131,0.42671009771986973,0.3987646296616723,0.4551314742344316,0.028183422286379656,True,True,False,False,False,False,False,False,False,False,False,False,False
37,685.0,690.0,687.5,303,123,0.40594059405940597,0.3780833244041485,0.4344166755958516,0.028166675595851565,True,True,False,False,False,False,False,False,False,False,False,False,False
38,690.0,695.0,692.5,298,128,0.42953020134228187,0.40113780081048883,0.458393971764762,0.028628085477136578,True,True,False,False,False,False,False,False,False,False,False,False,False
39,695.0,700.0,697.5,275,102,0.3709090909090909,0.3422969667588736,0.40045665642953215,0.02907984483532927,True,True,False,False,False,False,False,False,False,False,False,False,False
40,700.0,705.0,702.5,304,136,0.4473684210526316,0.41906960026639883,0.4760123669467158,0.028471383340158474,True,True,False,False,False,False,False,False,False,False,False,False,False
41,705.0,710.0,707.5,281,117,0.41637010676156583,0.38731004054461426,0.446023292788719,0.029356626122052365,True,True,False,False,False,False,False,False,False,False,False,False,False
42,710.0,715.0,712.5,311,124,0.3987138263665595,0.3713165138275215,0.4267604092494016,0.027721947710940054,True,True,False,False,False,False,False,False,False,False,False,False,False
43,715.0,720.0,717.5,313,137,0.43769968051118213,0.4099006466639703,0.4658955316799789,0.02799744250800429,True,True,False,False,False,False,False,False,False,False,False,False,False
44,720.0,725.0,722.5,339,128,0.3775811209439528,0.3516477140956808,0.40423463884549576,0.026293462374907484,True,True,False,False,False,False,False,False,False,False,False,False,False
45,725.0,730.0,727.5,3356,766,0.22824791418355184,0.2210846095313784,0.23557312058479676,0.007244255526709181,True,True,False,False,False,False,False,False,False,False,False,False,False
46,730.0,735.0,732.5,236,113,0.4788135593220339,0.4464535103597088,0.5113523968132869,0.032449443226789054,True,True,False,False,False,False,False,False,False,False,False,False,False
47,735.0,740.0,737.5,252,112,0.4444444444444444,0.41342317338239953,0.47590488985870716,0.031240858238153812,True,True,False,False,False,False,False,False,False,False,False,False,False
48,740.0,745.0,742.5,259,125,0.4826254826254826,0.45170227907271115,0.5136823363119042,0.030990028619596516,True,True,False,False,False,False,False,False,False,False,False,False,False
49,745.0,750.0,747.5,246,118,0.4796747967479675,0.4479690370385194,0.5115451330019662,0.03178804798172341,True,True,False,False,False,False,False,False,False,False,False,False,False
50,750.0,755.0,752.5,229,116,0.5065502183406113,0.47355553237624903,0.5394879458846205,0.03296620675418571,True,True,False,False,False,False,False,False,False,False,False,False,False
51,755.0,760.0,757.5,201,85,0.4228855721393035,0.38850627508150926,0.45802837838383725,0.034761051651164,True,True,False,False,False,False,False,False,False,False,False,False,False
52,760.0,765.0,762.5,489,157,0.3210633946830266,0.3003336917536445,0.3425234511034983,0.021094879674926903,True,True,False,False,False,False,False,False,False,False,False,False,False
53,765.0,770.0,767.5,197,80,0.40609137055837563,0.3716613350433025,0.44146997808801075,0.03490432152235412,True,True,False,False,False,False,False,False,False,False,False,False,False
54,770.0,775.0,772.5,196,73,0.37244897959183676,0.33864547202256795,0.4075474213784473,0.03445097467793967,True,True,False,False,False,False,False,False,False,False,False,False,False
55,775.0,780.0,777.5,247,111,0.4493927125506073,0.41800913181458266,0.4811844165725143,0.03158764237896583,True,True,False,False,False,False,False,False,False,False,False,False,False
56,780.0,785.0,782.5,350,123,0.3514285714285714,0.32636572814905324,0.3773379755546505,0.025486123702798624,True,True,False,False,False,False,False,False,False,False,False,False,False
57,785.0,790.0,787.5,523,150,0.28680688336520077,0.26745201893146053,0.30697546198457004,0.019761721526554754,True,True,False,False,False,False,False,False,False,False,False,False,False
58,790.0,795.0,792.5,229,101,0.4410480349344978,0.4085642795700994,0.47404441608207454,0.032740068255987576,True,True,False,False,False,False,False,False,False,False,False,False,False
59,795.0,800.0,797.5,193,98,0.5077720207253886,0.47183836551322145,0.5436255520125517,0.03589359324966512,True,True,False,False,False,False,False,False,False,False,False,False,False
60,800.0,805.0,802.5,183,83,0.453551912568306,0.4171023827450585,0.49050631290711544,0.036701965081028465,True,True,False,False,False,False,False,False,False,False,False,False,False
61,805.0,810.0,807.5,205,104,0.5073170731707317,0.47244861505102387,0.5421144917450926,0.03483293834703438,True,True,False,False,False,False,False,False,False,False,False,False,False
62,810.0,815.0,812.5,178,82,0.4606741573033708,0.42363722413755495,0.49815048535965184,0.03725663061104845,True,True,False,False,False,False,False,False,False,False,False,False,False
63,815.0,820.0,817.5,196,89,0.45408163265306123,0.4188409722737201,0.48978846935064546,0.03547374853846269,True,True,False,False,False,False,False,False,False,False,False,False,False
64,820.0,825.0,822.5,183,82,0.44808743169398907,0.41170720064970545,0.48503192978507714,0.036662364567685846,True,True,False,False,False,False,False,False,False,False,False,False,False
65,825.0,830.0,827.5,170,87,0.5117647058823529,0.4734704746867451,0.549921338178752,0.03822543174600346,True,True,False,False,False,False,False,False,False,False,False,False,False
66,830.0,835.0,832.5,197,102,0.5177664974619289,0.4821656408281265,0.5531878945254087,0.035511126848641106,True,True,False,False,False,False,False,False,False,False,False,False,False
67,835.0,840.0,837.5,184,87,0.47282608695652173,0.43626627795673883,0.5096796679892073,0.03670669501623422,True,True,False,False,False,False,False,False,False,False,False,False,False
68,840.0,845.0,842.5,178,73,0.4101123595505618,0.37384821263688256,0.4473808376424471,0.03676631250278228,True,True,False,False,False,False,False,False,False,False,False,False,False
69,845.0,850.0,847.5,190,90,0.47368421052631576,0.4376931403443757,0.5099508387132159,0.03612884918442011,True,True,False,False,False,False,False,False,False,False,False,False,False
70,850.0,855.0,852.5,185,93,0.5027027027027027,0.46602692601137363,0.5393494180746479,0.03666124603163712,True,True,False,False,False,False,False,False,False,False,False,False,False
71,855.0,860.0,857.5,630,162,0.2571428571428571,0.2401244407091822,0.2749310268027036,0.017403293046760693,True,True,False,False,False,False,False,False,False,False,False,False,False
72,860.0,865.0,862.5,1538,338,0.21976592977893367,0.2093910809721187,0.23050495541514568,0.01055693722151349,True,True,False,False,False,False,False,False,False,False,False,False,False
73,865.0,870.0,867.5,169,88,0.5207100591715976,0.48227270193439375,0.5589037686538416,0.03831553335972393,True,True,False,False,False,False,False,False,False,False,False,False,False
74,870.0,875.0,872.5,173,93,0.5375722543352601,0.49955797312683375,0.5751546705513271,0.03779834871224666,True,True,False,False,False,False,False,False,False,False,False,False,False
75,875.0,880.0,877.5,139,67,0.48201438848920863,0.43991229708721236,0.524373417198502,0.042230560055644795,True,True,False,False,False,False,False,False,False,False,False,False,False
76,880.0,885.0,882.5,152,77,0.506578947368421,0.4661168200053377,0.5469550754194988,0.04041912770708056,True,True,False,False,False,False,False,False,False,False,False,False,False
77,885.0,890.0,887.5,185,97,0.5243243243243243,0.48757494536158263,0.5608121514126109,0.03661860302551412,True,True,False,False,False,False,False,False,False,False,False,False,False
78,890.0,895.0,892.5,332,125,0.37650602409638556,0.3503233423061693,0.40343041144758446,0.026553534570707582,True,True,False,False,False,False,False,False,False,False,False,False,False
79,895.0,900.0,897.5,154,78,0.5064935064935064,0.46629401157323047,0.546609214233221,0.04015760132999524,True,True,False,False,False,False,False,False,False,False,False,False,False
80,900.0,905.0,902.5,146,72,0.4931506849315068,0.4519618171552303,0.5344327406678989,0.0412354617563343,True,True,False,False,False,False,False,False,False,False,False,False,False
81,905.0,910.0,907.5,154,73,0.474025974025974,0.43408645766532317,0.5143006391088703,0.04010709072177354,True,True,False,False,False,False,False,False,False,False,False,False,False
82,910.0,915.0,912.5,167,92,0.5508982035928144,0.5122185964155559,0.5889718797749204,0.038376641679682244,True,True,False,False,False,False,False,False,False,False,False,False,False
83,915.0,920.0,917.5,154,80,0.5194805194805194,0.4792241684591334,0.5594855089602213,0.040130670250543954,True,True,False,False,False,False,False,False,False,False,False,False,False
84,920.0,925.0,922.5,170,81,0.4764705882352941,0.43841434448424343,0.5148020297847623,0.038193842650259435,True,True,False,False,False,False,False,False,False,False,False,False,False
85,925.0,930.0,927.5,216,98,0.4537037037037037,0.420119978712937,0.48771412266955166,0.033797071978307336,True,True,False,False,False,False,False,False,False,False,False,False,False
86,930.0,935.0,932.5,159,82,0.5157232704402516,0.47611595642297744,0.5551340435770226,0.03950904357702256,True,True,False,False,False,False,False,False,False,False,False,False,False
87,935.0,940.0,937.5,148,75,0.5067567567567568,0.4657535285390484,0.5476692902528979,0.040957880856924755,True,True,False,False,False,False,False,False,False,False,False,False,False
88,940.0,945.0,942.5,167,89,0.5329341317365269,0.4942455326247872,0.5712306578514033,0.03849256261330802,True,True,False,False,False,False,False,False,False,False,False,False,False
89,945.0,950.0,947.5,159,79,0.4968553459119497,0.45734730615157465,0.5364026938484253,0.03952769384842533,True,True,False,False,False,False,False,False,False,False,False,False,False
90,950.0,955.0,952.5,239,104,0.4351464435146444,0.4034133112993739,0.46742002203395944,0.03200335536729276,True,True,False,False,False,False,False,False,False,False,False,False,False
91,955.0,960.0,957.5,143,66,0.46153846153846156,0.42026148734463314,0.5033496237664778,0.04154406821092235,True,True,False,False,False,False,False,False,False,False,False,False,False
92,960.0,965.0,962.5,149,79,0.5302013422818792,0.4892492159804221,0.570750784019578,0.04075078401957796,True,True,False,False,False,False,False,False,False,False,False,False,False
93,965.0,970.0,967.5,135,64,0.4740740740740741,0.4314473107202999,0.5170821010444062,0.04281739516205316,True,True,False,False,False,False,False,False,False,False,False,False,False
94,970.0,975.0,972.5,166,99,0.5963855421686747,0.5578385356755136,0.6337782307915523,0.037969847558019354,True,True,False,False,False,False,False,False,False,False,False,False,False
95,975.0,980.0,977.5,162,75,0.46296296296296297,0.4241340915035086,0.5022462765946508,0.0390560925455711,True,True,False,False,False,False,False,False,False,False,False,False,False
96,980.0,985.0,982.5,163,80,0.49079754601226994,0.45181679109573303,0.5298905259774377,0.03903686744085233,True,True,False,False,False,False,False,False,False,False,False,False,False
97,985.0,990.0,987.5,142,84,0.5915492957746479,0.5497988573178257,0.6320193245003561,0.0411102335912652,True,True,False,False,False,False,False,False,False,False,False,False,False
98,990.0,995.0,992.5,149,72,0.48322147651006714,0.4425313433539353,0.5241353233127313,0.04080198997939799,True,True,False,False,False,False,False,False,False,False,False,False,False
99,995.0,1000.0,997.5,129,65,0.5038759689922481,0.4599945603809433,0.5476977473113644,0.04385159346521059,True,True,False,False,False,False,False,False,False,False,False,False,False
100,1000.0,1005.0,1002.5,143,75,0.5244755244755245,0.48268849268365066,0.5659226184274605,0.04161706287190492,True,True,False,False,False,False,False,False,False,False,False,False,False
101,1005.0,1010.0,1007.5,138,79,0.572463768115942,0.5299775087027225,0.6139073833836084,0.04196493734044293,True,True,False,False,False,False,False,False,False,False,False,False,False
102,1010.0,1015.0,1012.5,146,81,0.5547945205479452,0.5134291540353018,0.5954143833796641,0.04099261467218118,True,True,False,False,False,False,False,False,False,False,False,False,False
103,1015.0,1020.0,1017.5,141,73,0.5177304964539007,0.4756727696725066,0.5595384979331272,0.04193286413031028,True,True,False,False,False,False,False,False,False,False,False,False,False
104,1020.0,1025.0,1022.5,130,57,0.43846153846153846,0.3955756826309372,0.48228691278891017,0.0433556150789865,True,True,False,False,False,False,False,False,False,False,False,False,False
105,1025.0,1030.0,1027.5,156,84,0.5384615384615384,0.49842969743676874,0.5780034235823395,0.03978686307278537,True,True,False,False,False,False,False,False,False,False,False,False,False
106,1030.0,1035.0,1032.5,132,69,0.5227272727272727,0.4792453672933946,0.5658674146614925,0.04331102368404893,True,True,False,False,False,False,False,False,False,False,False,False,False
107,1035.0,1040.0,1037.5,125,62,0.496,0.45148961981610014,0.540573872247392,0.044542126215645905,True,True,False,False,False,False,False,False,False,False,False,False,False
108,1040.0,1045.0,1042.5,149,72,0.48322147651006714,0.4425313433539353,0.5241353233127313,0.04080198997939799,True,True,False,False,False,False,False,False,False,False,False,False,False
109,1045.0,1050.0,1047.5,133,80,0.6015037593984962,0.558445473439431,0.6430470638740019,0.04230079521728547,True,True,False,False,False,False,False,False,False,False,False,False,False
110,1050.0,1055.0,1052.5,136,80,0.5882352941176471,0.5455388438501246,0.6296436379017002,0.04205239702578778,True,True,False,False,False,False,False,False,False,False,False,False,False
111,1055.0,1060.0,1057.5,129,68,0.5271317829457365,0.48313428937678204,0.5707118644693718,0.043788787546294894,True,True,False,False,False,False,False,False,False,False,False,False,False
112,1060.0,1065.0,1062.5,157,81,0.5159235668789809,0.4760649701314441,0.555580599488809,0.039757814678682446,True,True,False,False,False,False,False,False,False,False,False,False,False
113,1065.0,1070.0,1067.5,131,66,0.5038167938931297,0.46026972318558373,0.5473060343901739,0.04351815560229508,True,True,False,False,False,False,False,False,False,False,False,False,False
114,1070.0,1075.0,1072.5,143,81,0.5664335664335665,0.5246724012991313,0.6072720431453131,0.041299820923090924,True,True,False,False,False,False,False,False,False,False,False,False,False
115,1075.0,1080.0,1077.5,362,98,0.27071823204419887,0.24801999088007912,0.2946797336378273,0.023329871378874087,True,True,False,False,False,False,False,False,False,False,False,False,False
116,1080.0,1085.0,1082.5,133,74,0.556390977443609,0.5130502491467481,0.5988900493607145,0.04291990010698321,True,True,False,False,False,False,False,False,False,False,False,False,False
117,1085.0,1090.0,1087.5,138,75,0.5434782608695652,0.500915505679809,0.5854154295719894,0.04224996194609021,True,True,False,False,False,False,False,False,False,False,False,False,False
118,1090.0,1095.0,1092.5,192,77,0.4010416666666667,0.36627182996198504,0.4368369783281705,0.03528257418309272,True,True,False,False,False,False,False,False,False,False,False,False,False
119,1095.0,1100.0,1097.5,142,68,0.4788732394366197,0.4372459587766746,0.5207959992652834,0.041775020244304406,True,True,False,False,False,False,False,False,False,False,False,False,False
120,1100.0,1105.0,1102.5,115,57,0.4956521739130435,0.4492675606845447,0.5421117496602829,0.046422094487869076,True,True,False,False,False,False,False,False,False,False,False,False,False
121,1105.0,1110.0,1107.5,142,76,0.5352112676056338,0.4932560165713628,0.576674053358707,0.04170901839367211,True,True,False,False,False,False,False,False,False,False,False,False,False
122,1110.0,1115.0,1112.5,151,72,0.4768211920529801,0.4364616426730996,0.517485725747953,0.04051204153742671,True,True,False,False,False,False,False,False,False,False,False,False,False
123,1115.0,1120.0,1117.5,135,68,0.5037037037037037,0.4608029919287003,0.5465499492477702,0.042873478659534975,True,True,False,False,False,False,False,False,False,False,False,False,False
124,1120.0,1125.0,1122.5,115,62,0.5391304347826087,0.492510425431074,0.5850757814654778,0.0462826780172019,True,True,False,False,False,False,False,False,False,False,False,False,False
125,1125.0,1130.0,1127.5,118,69,0.5847457627118644,0.5388562312728891,0.6292109956178673,0.04517738217248912,True,True,False,False,False,False,False,False,False,False,False,False,False
126,1130.0,1135.0,1132.5,132,56,0.42424242424242425,0.38195328835430375,0.4676707717960722,0.04285874172088422,True,True,False,False,False,False,False,False,False,False,False,False,False
127,1135.0,1140.0,1137.5,124,73,0.5887096774193549,0.5439824082087994,0.6320175917912008,0.04401759179120068,True,True,False,False,False,False,False,False,False,False,False,False,False
128,1140.0,1145.0,1142.5,143,86,0.6013986013986014,0.5598875036400839,0.641501385248805,0.040806940804360536,True,True,False,False,False,False,False,False,False,False,False,False,False
129,1145.0,1150.0,1147.5,140,77,0.55,0.5077473603184627,0.5915434198233814,0.041898029752459376,True,True,False,False,False,False,False,False,False,False,False,False,False
130,1150.0,1155.0,1152.5,131,83,0.6335877862595419,0.5906261577624307,0.6745253573890845,0.04194959981332691,True,True,False,False,False,False,False,False,False,False,False,False,False
131,1155.0,1160.0,1157.5,130,76,0.5846153846153846,0.5409095135344724,0.6270294177632376,0.04305995211438263,True,True,False,False,False,False,False,False,False,False,False,False,False
132,1160.0,1165.0,1162.5,140,90,0.6428571428571429,0.6014789197328039,0.6822090235296077,0.040365051898401894,True,True,False,False,False,False,False,False,False,False,False,False,False
133,1165.0,1170.0,1167.5,121,76,0.628099173553719,0.5832795613076537,0.670818799348084,0.043769619020215145,True,True,False,False,False,False,False,False,False,False,False,False,False
134,1170.0,1175.0,1172.5,145,84,0.5793103448275863,0.5379071089813071,0.6196271375940355,0.04086001430636421,True,True,False,False,False,False,False,False,False,False,False,False,False
135,1175.0,1180.0,1177.5,133,75,0.5639097744360902,0.5205910562953349,0.6062746153464562,0.042841779525560675,True,True,False,False,False,False,False,False,False,False,False,False,False
136,1180.0,1185.0,1182.5,147,85,0.5782312925170068,0.53710570365109,0.6182997017543153,0.040596999051612626,True,True,False,False,False,False,False,False,False,False,False,False,False
137,1185.0,1190.0,1187.5,110,65,0.5909090909090909,0.5434160245431013,0.636764155637079,0.04667406554698883,True,True,False,False,False,False,False,False,False,False,False,False,False
138,1190.0,1195.0,1192.5,148,77,0.5202702702702703,0.4792060808237389,0.5610623755520999,0.04092814736418052,True,True,False,False,False,False,False,False,False,False,False,False,False
139,1195.0,1200.0,1197.5,117,56,0.47863247863247865,0.43282652188201803,0.5248005967620498,0.04598703744001589,True,True,False,False,False,False,False,False,False,False,False,False,False
140,1200.0,1205.0,1202.5,126,64,0.5079365079365079,0.4635117359088293,0.5522362955872336,0.04436227983920216,True,True,False,False,False,False,False,False,False,False,False,False,False
141,1205.0,1210.0,1207.5,127,70,0.5511811023622047,0.506817401246373,0.594745098753627,0.04396384875362702,True,True,False,False,False,False,False,False,False,False,False,False,False
142,1210.0,1215.0,1212.5,130,80,0.6153846153846154,0.5719886177928242,0.6570190157949622,0.04251519900106904,True,True,False,False,False,False,False,False,False,False,False,False,False
143,1215.0,1220.0,1217.5,107,55,0.514018691588785,0.4657951055116323,0.5619826722661454,0.04809378337725656,True,True,False,False,False,False,False,False,False,False,False,False,False
144,1220.0,1225.0,1222.5,130,72,0.5538461538461539,0.5100020278964672,0.5968682011111663,0.04343308660734957,True,True,False,False,False,False,False,False,False,False,False,False,False
145,1225.0,1230.0,1227.5,129,76,0.5891472868217055,0.545305837005774,0.631617239917303,0.04315570145576453,True,True,False,False,False,False,False,False,False,False,False,False,False
146,1230.0,1235.0,1232.5,132,66,0.5,0.456644501523794,0.543355498476206,0.04335549847620601,True,True,False,False,False,False,False,False,False,False,False,False,False
147,1235.0,1240.0,1237.5,127,69,0.5433070866141733,0.49893936096710806,0.5869981390328919,0.044029389032891914,True,True,False,False,False,False,False,False,False,False,False,False,False
148,1240.0,1245.0,1242.5,139,78,0.5611510791366906,0.518771530856405,0.6026570405721664,0.04194275485788068,True,True,False,False,False,False,False,False,False,False,False,False,False
149,1245.0,1250.0,1247.5,120,60,0.5,0.45454545454545453,0.5454545454545454,0.04545454545454544,True,True,False,False,False,False,False,False,False,False,False,False,False
150,1250.0,1255.0,1252.5,108,62,0.5740740740740741,0.5260267780441861,0.620762212781502,0.04736771736865797,True,True,False,False,False,False,False,False,False,False,False,False,False
151,1255.0,1260.0,1257.5,135,85,0.6296296296296297,0.5872568357182638,0.6700961054582067,0.04141963486997147,True,True,False,False,False,False,False,False,False,False,False,False,False
152,1260.0,1265.0,1262.5,129,74,0.5736434108527132,0.5296985904734045,0.6164552556804418,0.04337833260351864,True,True,False,False,False,False,False,False,False,False,False,False,False
153,1265.0,1270.0,1267.5,138,77,0.5579710144927537,0.5154284558568544,0.5996794578122105,0.04212550097767809,True,True,False,False,False,False,False,False,False,False,False,False,False
154,1270.0,1275.0,1272.5,133,69,0.518796992481203,0.47549360078595015,0.5618198320498707,0.04316311563196029,True,True,False,False,False,False,False,False,False,False,False,False,False
155,1275.0,1280.0,1277.5,137,78,0.5693430656934306,0.5266860689608438,0.610995090459446,0.0421545107493011,True,True,False,False,False,False,False,False,False,False,False,False,False
156,1280.0,1285.0,1282.5,156,86,0.5512820512820513,0.51126016554887,0.5906506624766077,0.03969524846386885,True,True,False,False,False,False,False,False,False,False,False,False,False
157,1285.0,1290.0,1287.5,132,67,0.5075757575757576,0.4641682379066046,0.5508693560783576,0.04335055908587651,True,True,False,False,False,False,False,False,False,False,False,False,False
158,1290.0,1295.0,1292.5,132,79,0.5984848484848485,0.5552317655615369,0.6402569562429745,0.04251259534071883,True,True,False,False,False,False,False,False,False,False,False,False,False
159,1295.0,1300.0,1297.5,146,80,0.547945205479452,0.5065684819052487,0.5886696133328464,0.04105056571379884,True,True,False,False,False,False,False,False,False,False,False,False,False
160,1300.0,1305.0,1302.5,128,80,0.625,0.5813953488372093,0.6666666666666666,0.04263565891472865,True,True,False,False,False,False,False,False,False,False,False,False,False
161,1305.0,1310.0,1307.5,139,69,0.49640287769784175,0.45417194446438686,0.538685198392756,0.04225662696418456,True,True,False,False,False,False,False,False,False,False,False,False,False
162,1310.0,1315.0,1312.5,129,80,0.6201550387596899,0.5766528928609085,0.66180864560063,0.04257787636986077,True,True,False,False,False,False,False,False,False,False,False,False,False
163,1315.0,1320.0,1317.5,122,71,0.5819672131147541,0.5368222625062756,0.6257793635099845,0.04447855050185445,True,True,False,False,False,False,False,False,False,False,False,False,False
164,1320.0,1325.0,1322.5,128,67,0.5234375,0.4792812845162288,0.5672303433907481,0.04397452943725963,True,True,False,False,False,False,False,False,False,False,False,False,False
165,1325.0,1330.0,1327.5,133,66,0.49624060150375937,0.4530764472549685,0.5394608661778674,0.04319220946144944,True,True,False,False,False,False,False,False,False,False,False,False,False
166,1330.0,1335.0,1332.5,141,85,0.6028368794326241,0.5610442814502655,0.6431810706624105,0.04106839460607248,True,True,False,False,False,False,False,False,False,False,False,False,False
167,1335.0,1340.0,1337.5,133,80,0.6015037593984962,0.558445473439431,0.6430470638740019,0.04230079521728547,True,True,False,False,False,False,False,False,False,False,False,False,False
168,1340.0,1345.0,1342.5,129,72,0.5581395348837209,0.5141345832987911,0.6012500320858243,0.04355772439351657,True,True,False,False,False,False,False,False,False,False,False,False,False
169,1345.0,1350.0,1347.5,129,77,0.5968992248062015,0.5531258796807257,0.6391818126269666,0.04302796647312046,True,True,False,False,False,False,False,False,False,False,False,False,False
170,1350.0,1355.0,1352.5,121,72,0.5950413223140496,0.5498129145121391,0.6387116756517954,0.04444938056982817,True,True,False,False,False,False,False,False,False,False,False,False,False
171,1355.0,1360.0,1357.5,134,85,0.6343283582089553,0.5918703152517273,0.6747963514149395,0.04146301808160613,True,True,False,False,False,False,False,False,False,False,False,False,False
172,1360.0,1365.0,1362.5,115,69,0.6,0.5536438799932456,0.6446319820757199,0.04549405104123716,True,True,False,False,False,False,False,False,False,False,False,False,False
173,1365.0,1370.0,1367.5,143,80,0.5594405594405595,0.5176545312669021,0.6004010242886535,0.041373246510875705,True,True,False,False,False,False,False,False,False,False,False,False,False
174,1370.0,1375.0,1372.5,99,62,0.6262626262626263,0.5766040113524714,0.6733959886475286,0.04839598864752859,True,True,False,False,False,False,False,False,False,False,False,False,False
175,1375.0,1380.0,1377.5,122,69,0.5655737704918032,0.5203433814954104,0.6097379193175978,0.04469726891109371,True,True,False,False,False,False,False,False,False,False,False,False,False
176,1380.0,1385.0,1382.5,125,68,0.544,0.49927868698640115,0.5880229003151862,0.044372106664392535,True,True,False,False,False,False,False,False,False,False,False,False,False
177,1385.0,1390.0,1387.5,130,63,0.4846153846153846,0.44106814794483185,0.5283975009101299,0.043664676482649045,True,True,False,False,False,False,False,False,False,False,False,False,False
178,1390.0,1395.0,1392.5,131,69,0.5267175572519084,0.4830574413228076,0.5699728617074954,0.0434577101923439,True,True,False,False,False,False,False,False,False,False,False,False,False
179,1395.0,1400.0,1397.5,122,74,0.6065573770491803,0.5616347516395808,0.6497473621815575,0.04405630527098836,True,True,False,False,False,False,False,False,False,False,False,False,False
180,1400.0,1405.0,1402.5,110,63,0.5727272727272728,0.525114318895318,0.6190298252488262,0.0469577531767541,True,True,False,False,False,False,False,False,False,False,False,False,False
181,1405.0,1410.0,1407.5,111,60,0.5405405405405406,0.4930871767229284,0.5872699661342146,0.04709139470564308,True,True,False,False,False,False,False,False,False,False,False,False,False
182,1410.0,1415.0,1412.5,127,68,0.5354330708661418,0.49107231850081645,0.5792401814991835,0.04408393149918355,True,True,False,False,False,False,False,False,False,False,False,False,False
183,1415.0,1420.0,1417.5,116,55,0.47413793103448276,0.4281953051027175,0.5205226436152312,0.04616366925625681,True,True,False,False,False,False,False,False,False,False,False,False,False
184,1420.0,1425.0,1422.5,105,53,0.5047619047619047,0.45615486974754593,0.5532790925166049,0.04856211138452948,True,True,False,False,False,False,False,False,False,False,False,False,False
185,1425.0,1430.0,1427.5,133,74,0.556390977443609,0.5130502491467481,0.5988900493607145,0.04291990010698321,True,True,False,False,False,False,False,False,False,False,False,False,False
186,1430.0,1435.0,1432.5,114,65,0.5701754385964912,0.5233974486269093,0.6157329861556995,0.0461677687643951,True,True,False,False,False,False,False,False,False,False,False,False,False
187,1435.0,1440.0,1437.5,127,75,0.5905511811023622,0.5463746030461301,0.6333128969538699,0.04346914695386994,True,True,False,False,False,False,False,False,False,False,False,False,False
188,1440.0,1445.0,1442.5,120,61,0.5083333333333333,0.46281617874330083,0.5537127468765338,0.045448284066616496,True,True,False,False,False,False,False,False,False,False,False,False,False
189,1445.0,1450.0,1447.5,123,56,0.45528455284552843,0.410922300214002,0.5003680223666432,0.04472286107632062,True,True,False,False,False,False,False,False,False,False,False,False,False
190,1450.0,1455.0,1452.5,118,60,0.5084745762711864,0.4625749652197256,0.5542317574693499,0.04582839612481218,True,True,False,False,False,False,False,False,False,False,False,False,False
191,1455.0,1460.0,1457.5,119,71,0.5966386554621849,0.5510431934661886,0.6406234732004781,0.04479013986714475,True,True,False,False,False,False,False,False,False,False,False,False,False
192,1460.0,1465.0,1462.5,103,56,0.5436893203883495,0.4944259180317357,0.5921125435067258,0.048843312737495065,True,True,False,False,False,False,False,False,False,False,False,False,False
193,1465.0,1470.0,1467.5,108,57,0.5277777777777778,0.4797049058987405,0.5753409656608927,0.047818029881076085,True,True,False,False,False,False,False,False,False,False,False,False,False
194,1470.0,1475.0,1472.5,115,64,0.5565217391304348,0.5099056495300677,0.6021633159871737,0.04612883322855299,True,True,False,False,False,False,False,False,False,False,False,False,False
195,1475.0,1480.0,1477.5,112,55,0.49107142857142855,0.44412183264916844,0.5381790523065837,0.04702860982870763,True,True,False,False,False,False,False,False,False,False,False,False,False
196,1480.0,1485.0,1482.5,105,54,0.5142857142857142,0.4656062894082831,0.5626955973841696,0.048544653987943276,True,True,False,False,False,False,False,False,False,False,False,False,False
197,1485.0,1490.0,1487.5,126,65,0.5158730158730159,0.4714023927127159,0.5600936702794103,0.044345638783347185,True,True,False,False,False,False,False,False,False,False,False,False,False
198,1490.0,1495.0,1492.5,118,63,0.5338983050847458,0.4878830920015765,0.5793437987547261,0.0457303533765748,True,True,False,False,False,False,False,False,False,False,False,False,False
199,1495.0,1500.0,1497.5,138,76,0.5507246376811594,0.5081674900751297,0.592551934385302,0.04219222215508611,True,True,False,False,False,False,False,False,False,False,False,False,False
200,1500.0,1505.0,1502.5,103,50,0.4854368932038835,0.43656849020853017,0.534585355945316,0.049008432868392904,True,True,False,False,False,False,False,False,False,False,False,False,False
201,1505.0,1510.0,1507.5,124,70,0.5645161290322581,0.5196494899472905,0.6083505100527096,0.04435051005270951,True,True,False,False,False,False,False,False,False,False,False,False,False
202,1510.0,1515.0,1512.5,237,70,0.29535864978902954,0.26663468844795946,0.3258022863419565,0.02958379894699853,True,True,False,False,False,False,False,False,False,False,False,False,False
203,1515.0,1520.0,1517.5,120,67,0.5583333333333333,0.5127045234390547,0.6029979558997883,0.04514671623036681,True,True,False,False,False,False,False,False,False,False,False,False,False
204,1520.0,1525.0,1522.5,112,52,0.4642857142857143,0.41768480527430213,0.5115187345487067,0.04691696463720227,True,True,False,False,False,False,False,False,False,False,False,False,False
205,1525.0,1530.0,1527.5,122,67,0.5491803278688525,0.5039138417096032,0.593647133900153,0.04486664609527491,True,True,False,False,False,False,False,False,False,False,False,False,False
206,1530.0,1535.0,1532.5,97,56,0.5773195876288659,0.5266243036358449,0.6264369208539509,0.049906308609052985,True,True,False,False,False,False,False,False,False,False,False,False,False
207,1535.0,1540.0,1537.5,111,69,0.6216216216216216,0.5746962963055395,0.6663751322658891,0.04583941798017477,True,True,False,False,False,False,False,False,False,False,False,False,False
208,1540.0,1545.0,1542.5,110,61,0.5545454545454546,0.5068768343020604,0.6012312738060477,0.047177219751993626,True,True,False,False,False,False,False,False,False,False,False,False,False
209,1545.0,1550.0,1547.5,124,73,0.5887096774193549,0.5439824082087994,0.6320175917912008,0.04401759179120068,True,True,False,False,False,False,False,False,False,False,False,False,False
210,1550.0,1555.0,1552.5,117,65,0.5555555555555556,0.5093386024273966,0.6008308890980273,0.04574614333531535,True,True,False,False,False,False,False,False,False,False,False,False,False
211,1555.0,1560.0,1557.5,115,66,0.5739130434782609,0.5273576478535513,0.6191940762843797,0.0459182142154142,True,True,False,False,False,False,False,False,False,False,False,False,False
212,1560.0,1565.0,1562.5,139,83,0.5971223021582733,0.5549699315269414,0.6378872113302014,0.04145863990163001,True,True,False,False,False,False,False,False,False,False,False,False,False
213,1565.0,1570.0,1567.5,102,59,0.5784313725490197,0.5290073794136345,0.6263324264116084,0.04866252349898692,True,True,False,False,False,False,False,False,False,False,False,False,False
214,1570.0,1575.0,1572.5,111,58,0.5225225225225225,0.47512339733200754,0.5695194598108497,0.047198031239421095,True,True,False,False,False,False,False,False,False,False,False,False,False
215,1575.0,1580.0,1577.5,129,65,0.5038759689922481,0.4599945603809433,0.5476977473113644,0.04385159346521059,True,True,False,False,False,False,True,False,False,False,False,False,False
216,1580.0,1585.0,1582.5,125,71,0.568,0.5233273385367029,0.611593296383932,0.04413297892361456,True,True,False,False,False,False,True,False,False,False,False,False,False
217,1585.0,1590.0,1587.5,145,85,0.5862068965517241,0.5448515534744275,0.6263813232379011,0.040764884881736796,True,True,True,False,False,False,True,False,False,False,False,False,False
218,1590.0,1595.0,1592.5,686,551,0.8032069970845481,0.7875908133165755,0.8179404821710518,0.015174834427238104,True,True,True,False,False,False,True,False,False,False,False,False,False
219,1595.0,1600.0,1597.5,116,63,0.5431034482758621,0.496680636754492,0.5887894487155936,0.0460544059805508,True,True,False,False,False,False,True,False,False,False,False,False,False
220,1600.0,1605.0,1602.5,122,75,0.6147540983606558,0.5699311651069581,0.6577111113158063,0.04388997310442411,True,True,False,False,False,False,True,False,False,False,False,False,False
221,1605.0,1610.0,1607.5,143,80,0.5594405594405595,0.5176545312669021,0.6004010242886535,0.041373246510875705,True,True,False,False,False,False,False,True,False,False,False,False,False
222,1610.0,1615.0,1612.5,160,95,0.59375,0.5544566743406276,0.6318787293860804,0.03871102752272637,True,True,False,False,False,False,False,True,False,False,False,False,False
223,1615.0,1620.0,1617.5,305,121,0.39672131147540984,0.36909009856490316,0.4250275484939203,0.027968724964508584,True,True,False,True,False,False,False,True,False,False,False,False,False
224,1620.0,1625.0,1622.5,485,143,0.2948453608247423,0.2745798174059166,0.31595516201795176,0.02068767230601759,True,True,False,True,False,False,False,True,False,False,False,False,False
225,1625.0,1630.0,1627.5,132,82,0.6212121212121212,0.5782286609857368,0.6623728427736617,0.042072090893962466,True,True,False,False,False,False,False,True,False,False,False,False,False
226,1630.0,1635.0,1632.5,136,77,0.5661764705882353,0.5233485966388782,0.6080382646749904,0.04234483401805611,True,True,False,False,False,False,False,True,False,False,False,False,False
227,1635.0,1640.0,1637.5,134,83,0.6194029850746269,0.5767210761811852,0.660315960855852,0.0417974423373334,True,True,False,False,False,False,False,False,False,False,False,False,False
228,1640.0,1645.0,1642.5,99,48,0.48484848484848486,0.4350227324403657,0.5349772675596343,0.049977267559634275,True,True,False,False,False,False,False,False,False,False,False,False,False
229,1645.0,1650.0,1647.5,132,79,0.5984848484848485,0.5552317655615369,0.6402569562429745,0.04251259534071883,True,True,False,False,False,False,False,False,False,False,False,False,False
230,1650.0,1655.0,1652.5,148,85,0.5743243243243243,0.5333159163434854,0.614335090367924,0.040509587012219295,True,True,False,False,False,False,False,False,False,False,False,False,False
231,1655.0,1660.0,1657.5,135,85,0.6296296296296297,0.5872568357182638,0.6700961054582067,0.04141963486997147,True,True,False,False,False,False,False,False,False,False,False,False,False
232,1660.0,1665.0,1662.5,103,50,0.4854368932038835,0.43656849020853017,0.534585355945316,0.049008432868392904,True,True,False,False,False,False,False,False,False,False,False,False,False
233,1665.0,1670.0,1667.5,120,75,0.625,0.5799436451391271,0.6679902391583936,0.044023297009633255,True,True,False,False,False,False,False,False,False,False,False,False,False
234,1670.0,1675.0,1672.5,120,77,0.6416666666666667,0.5968882618343977,0.6841034737027926,0.043607605934197435,True,True,False,False,False,False,False,False,False,False,False,False,False
235,1675.0,1680.0,1677.5,123,56,0.45528455284552843,0.410922300214002,0.5003680223666432,0.04472286107632062,True,True,False,False,False,False,False,False,False,False,False,False,False
236,1680.0,1685.0,1682.5,141,80,0.5673758865248227,0.5253223256223856,0.6084804912790229,0.04157908282831868,True,True,False,False,False,False,False,False,False,False,False,False,False
237,1685.0,1690.0,1687.5,130,77,0.5923076923076923,0.5486629803766336,0.6345431264935955,0.04294007305848091,True,True,False,False,False,False,False,False,False,False,False,False,False
238,1690.0,1695.0,1692.5,139,82,0.5899280575539568,0.5477121384448916,0.630859290126537,0.04157357584082266,True,True,False,False,False,False,False,False,False,False,False,False,False
239,1695.0,1700.0,1697.5,137,67,0.48905109489051096,0.44657774024081665,0.5316831293244006,0.042552694541792,True,True,False,False,False,False,False,False,False,False,False,False,False
240,1700.0,1705.0,1702.5,140,73,0.5214285714285715,0.4792074131973469,0.5633457782920148,0.042069182547333966,True,True,False,False,False,False,False,False,False,False,True,False,False
241,1705.0,1710.0,1707.5,122,61,0.5,0.4549165182666284,0.5450834817333716,0.04508348173337162,True,True,False,False,False,False,False,False,False,False,True,False,False
242,1710.0,1715.0,1712.5,124,61,0.49193548387096775,0.4472844113203489,0.5367155886796511,0.044715588679651086,True,True,False,False,False,False,False,False,False,False,True,False,False
243,1715.0,1720.0,1717.5,121,64,0.5289256198347108,0.4834958435995935,0.5738812055807343,0.04519268099057039,True,True,False,False,False,False,False,False,False,False,True,False,False
244,1720.0,1725.0,1722.5,139,74,0.5323741007194245,0.48997318253577155,0.5743125317499427,0.04216967460708557,True,True,False,False,False,False,False,False,False,False,True,False,False
245,1725.0,1730.0,1727.5,137,87,0.635036496350365,0.5930651047840712,0.6750508372449144,0.04099286623042164,True,True,False,False,False,False,False,False,False,False,True,False,False
246,1730.0,1735.0,1732.5,126,73,0.5793650793650794,0.534930369882238,0.6225499450783921,0.04380978759807708,True,True,False,False,False,False,False,False,False,False,True,False,False
247,1735.0,1740.0,1737.5,132,58,0.4393939393939394,0.3968113893828581,0.48288785873744267,0.043038234677292286,True,True,False,False,False,False,False,False,False,False,True,False,False
248,1740.0,1745.0,1742.5,135,76,0.562962962962963,0.5199641315013733,0.6050358684986267,0.04253586849862667,True,True,False,False,False,False,False,False,False,False,True,False,False
249,1745.0,1750.0,1747.5,136,74,0.5441176470588235,0.5012431332886749,0.5863481075872374,0.04255248714928128,True,True,False,False,False,False,False,False,False,False,True,False,False
250,1750.0,1755.0,1752.5,128,66,0.515625,0.47150266457464063,0.5595050873633439,0.04400121139435165,True,True,False,False,False,False,False,False,False,False,True,False,False
251,1755.0,1760.0,1757.5,136,73,0.5367647058823529,0.4938932575046656,0.5790994432252613,0.04260309286029784,True,True,False,False,False,False,False,False,False,False,True,False,False
252,1760.0,1765.0,1762.5,151,79,0.5231788079470199,0.48251427425204696,0.5635383573269004,0.04051204153742671,True,True,False,False,False,False,False,False,False,False,True,False,False
253,1765.0,1770.0,1767.5,130,78,0.6,0.5564272522356948,0.6420460302070532,0.04280938898567921,True,True,False,False,False,False,False,False,False,False,True,False,False
254,1770.0,1775.0,1772.5,135,64,0.4740740740740741,0.4314473107202999,0.5170821010444062,0.04281739516205316,True,True,False,False,False,False,False,False,False,False,True,False,False
255,1775.0,1780.0,1777.5,140,74,0.5285714285714286,0.4863295132172011,0.5704080754352813,0.042039281109040094,True,True,False,False,False,False,False,False,False,False,True,False,False
256,1780.0,1785.0,1782.5,138,75,0.5434782608695652,0.500915505679809,0.5854154295719894,0.04224996194609021,True,True,False,False,False,False,False,False,False,False,True,False,False
257,1785.0,1790.0,1787.5,121,67,0.5537190082644629,0.5082706817969317,0.5982866952522486,0.04500800672765848,True,True,False,False,False,False,False,False,False,False,True,False,False
258,1790.0,1795.0,1792.5,148,76,0.5135135135135135,0.4724760854646062,0.5543695521192864,0.04094673332734011,True,True,False,False,False,False,False,False,False,False,True,False,False
259,1795.0,1800.0,1797.5,113,58,0.5132743362831859,0.466344965641019,0.5599708238326653,0.04681292909582313,True,True,False,False,False,False,False,False,False,False,True,False,False
260,1800.0,1805.0,1802.5,135,69,0.5111111111111111,0.4681652752589364,0.5538935482704753,0.04286413650576945,True,True,False,False,False,False,False,False,False,False,True,False,False
261,1805.0,1810.0,1807.5,165,74,0.4484848484848485,0.4101929322103932,0.48739742923539,0.03860224851249838,True,True,False,False,False,False,False,False,False,False,True,False,False
262,1810.0,1815.0,1812.5,128,59,0.4609375,0.4173512719083594,0.5051293482466793,0.043889038169159955,True,True,False,False,False,False,False,False,False,False,True,False,False
263,1815.0,1820.0,1817.5,127,66,0.5196850393700787,0.47537107222221414,0.5636914277777858,0.04416017777778583,True,True,False,False,False,False,False,False,False,False,True,False,False
264,1820.0,1825.0,1822.5,139,72,0.5179856115107914,0.47562658280149817,0.5600877029127876,0.04223056005564474,True,True,False,False,False,False,False,False,False,False,True,False,False
265,1825.0,1830.0,1827.5,128,76,0.59375,0.5497753612317415,0.6362711503961656,0.04324789458221201,True,True,False,False,False,False,False,False,False,False,True,False,False
266,1830.0,1835.0,1832.5,128,78,0.609375,0.5655624045011718,0.6514918590647196,0.04296472728177392,True,True,False,False,False,False,False,False,False,False,True,False,False
267,1835.0,1840.0,1837.5,128,60,0.46875,0.42505510058622237,0.5129293955378087,0.043937147475793165,True,True,False,False,False,False,False,False,False,False,True,False,False
268,1840.0,1845.0,1842.5,130,76,0.5846153846153846,0.5409095135344724,0.6270294177632376,0.04305995211438263,True,True,False,False,False,False,False,False,False,False,True,False,False
269,1845.0,1850.0,1847.5,137,71,0.5182481751824818,0.4755812658840388,0.5606506181739324,0.04253467614494677,True,True,False,False,False,False,False,False,False,False,True,False,False
270,1850.0,1855.0,1852.5,148,77,0.5202702702702703,0.4792060808237389,0.5610623755520999,0.04092814736418052,True,True,False,False,False,False,False,False,False,False,True,False,False
271,1855.0,1860.0,1857.5,125,63,0.504,0.45942612775260805,0.5485103801838999,0.044542126215645905,True,True,False,False,False,False,False,False,False,False,True,False,False
272,1860.0,1865.0,1862.5,135,65,0.48148148148148145,0.43877220097156117,0.524463093146086,0.0428454460872624,True,True,False,False,False,False,False,False,False,False,True,False,False
273,1865.0,1870.0,1867.5,129,61,0.4728682170542636,0.42928813553062817,0.516865710623218,0.043788787546294894,True,True,False,False,False,False,False,False,False,False,True,False,False
274,1870.0,1875.0,1872.5,149,73,0.4899328859060403,0.44918339154551085,0.530816608454489,0.04081660845448906,True,True,False,False,False,False,False,False,False,False,True,False,False
275,1875.0,1880.0,1877.5,152,73,0.48026315789473684,0.4400008516526507,0.5207834620728395,0.04039130521009443,True,True,False,False,False,False,False,False,False,False,True,False,False
276,1880.0,1885.0,1882.5,147,75,0.5102040816326531,0.46904389023893195,0.5512263800313385,0.04109124489620328,True,True,False,False,False,False,False,False,False,False,True,False,False
277,1885.0,1890.0,1887.5,143,66,0.46153846153846156,0.42026148734463314,0.5033496237664778,0.04154406821092235,True,True,False,False,False,False,False,False,False,False,True,False,False
278,1890.0,1895.0,1892.5,151,75,0.4966887417218543,0.4561560545246689,0.53726499810691,0.04055447179112054,True,True,False,False,False,False,False,False,False,False,True,False,False
279,1895.0,1900.0,1897.5,129,68,0.5271317829457365,0.48313428937678204,0.5707118644693718,0.043788787546294894,True,True,False,False,False,False,False,False,False,False,True,False,False
280,1900.0,1905.0,1902.5,133,63,0.47368421052631576,0.4307465948362006,0.51701459919365,0.043134002178724706,True,True,False,False,False,False,False,False,False,False,True,False,False
281,1905.0,1910.0,1907.5,142,86,0.6056338028169014,0.5640201008919355,0.6457701088982742,0.040875004003169346,True,True,False,False,False,False,False,False,False,False,True,False,False
282,1910.0,1915.0,1912.5,139,64,0.460431654676259,0.4185881545899338,0.5028404168386377,0.04212613112435193,True,True,False,False,False,False,False,False,False,False,True,False,False
283,1915.0,1920.0,1917.5,145,74,0.5103448275862069,0.46890247510791394,0.5516454700975656,0.041371497494825826,True,True,False,False,False,False,False,False,False,False,True,False,False
284,1920.0,1925.0,1922.5,141,78,0.5531914893617021,0.5110942600097328,0.5945395428071687,0.04172264139871795,True,True,False,False,False,False,False,False,False,False,True,False,False
285,1925.0,1930.0,1927.5,149,67,0.44966442953020136,0.4093811848624712,0.4906188151375287,0.04061881513752874,True,True,False,False,False,False,False,False,False,False,True,False,False
286,1930.0,1935.0,1932.5,139,80,0.5755395683453237,0.5332238505865486,0.6167761494134513,0.04177614941345131,True,True,False,False,False,False,False,False,False,False,True,False,False
287,1935.0,1940.0,1937.5,140,87,0.6214285714285714,0.5797113168651222,0.6614234349079275,0.04085605902140266,True,True,False,False,False,False,False,False,False,False,True,False,False
288,1940.0,1945.0,1942.5,144,65,0.4513888888888889,0.41039674393483494,0.49305153192723405,0.04132739399619956,True,True,False,False,False,False,False,False,False,False,True,False,False
289,1945.0,1950.0,1947.5,167,92,0.5508982035928144,0.5122185964155559,0.5889718797749204,0.038376641679682244,True,True,False,False,False,False,False,False,False,False,True,False,False
290,1950.0,1955.0,1952.5,134,78,0.582089552238806,0.5390279145441853,0.6239350484187777,0.04245356693729618,True,True,False,False,False,False,False,False,False,False,True,False,False
291,1955.0,1960.0,1957.5,131,59,0.45038167938931295,0.40745134819730205,0.49406380331784955,0.04330622756027375,True,True,False,False,False,False,False,False,False,False,True,False,False
292,1960.0,1965.0,1962.5,135,72,0.5333333333333333,0.4903082699770916,0.5758682006111437,0.042779965317026075,True,True,False,False,False,False,False,False,False,False,True,False,False
293,1965.0,1970.0,1967.5,163,89,0.5460122699386503,0.5068529260063329,0.5846104886278133,0.038878781310740185,True,True,False,False,False,False,False,False,False,False,True,False,False
294,1970.0,1975.0,1972.5,135,75,0.5555555555555556,0.5125359346796233,0.5977581829674355,0.04261112414390611,True,True,False,False,False,False,False,False,False,False,True,False,False
295,1975.0,1980.0,1977.5,142,67,0.47183098591549294,0.4302818147532793,0.5137741293026648,0.04174615727469272,True,True,False,False,False,False,False,False,False,False,True,False,False
296,1980.0,1985.0,1982.5,144,61,0.4236111111111111,0.38309926290702945,0.4651765991619361,0.041038668127453326,True,True,False,False,False,False,False,False,False,False,True,False,False
297,1985.0,1990.0,1987.5,138,83,0.6014492753623188,0.5591856913233884,0.642253157597475,0.04153373313704334,True,True,False,False,False,False,False,False,False,False,True,False,False
298,1990.0,1995.0,1992.5,124,60,0.4838709677419355,0.4393017284017495,0.5286982715982506,0.044698271598250516,True,True,False,False,False,False,False,False,False,False,True,False,False
299,1995.0,2000.0,1997.5,140,78,0.5571428571428572,0.5149039217263166,0.5985712555786479,0.041833666926165636,True,True,False,False,False,False,False,False,False,False,True,False,False
300,2000.0,2005.0,2002.5,149,79,0.5302013422818792,0.4892492159804221,0.570750784019578,0.04075078401957796,True,True,False,False,False,False,False,False,False,False,False,False,False
301,2005.0,2010.0,2007.5,132,76,0.5757575757575758,0.5323292282039278,0.6180467116456962,0.04285874172088422,True,True,False,False,False,False,False,False,False,False,False,False,False
302,2010.0,2015.0,2012.5,137,76,0.5547445255474452,0.5120390273612645,0.5966566248126486,0.04230879872569204,True,True,False,False,False,False,False,False,False,False,False,False,False
303,2015.0,2020.0,2017.5,145,85,0.5862068965517241,0.5448515534744275,0.6263813232379011,0.040764884881736796,True,True,False,False,False,False,False,False,False,False,False,False,False
304,2020.0,2025.0,2022.5,144,67,0.4652777777777778,0.42409405263840827,0.5069404301202124,0.04142318874090206,True,True,False,False,False,False,False,False,False,False,False,False,False
305,2025.0,2030.0,2027.5,152,75,0.4934210526315789,0.4530449245805011,0.5338831799946623,0.04041912770708059,True,True,False,False,False,False,False,False,False,False,False,False,False
306,2030.0,2035.0,2032.5,148,80,0.5405405405405406,0.4994408194165874,0.5810960933350906,0.040827636959251595,True,True,False,False,False,False,False,False,False,False,False,False,False
307,2035.0,2040.0,2037.5,137,73,0.5328467153284672,0.4901371440945127,0.5750802472098352,0.04247155155766125,True,True,False,False,False,False,False,False,False,False,False,False,False
308,2040.0,2045.0,2042.5,152,77,0.506578947368421,0.4661168200053377,0.5469550754194988,0.04041912770708056,True,True,False,False,False,False,False,False,False,False,False,False,False
309,2045.0,2050.0,2047.5,144,80,0.5555555555555556,0.5139050044344454,0.5964398231517615,0.041267409358658025,True,True,False,False,False,False,False,False,False,False,False,False,False
310,2050.0,2055.0,2052.5,160,79,0.49375,0.45438635911740427,0.5331912806341484,0.03940246075837209,True,True,False,False,False,False,False,False,False,False,False,False,False
311,2055.0,2060.0,2057.5,149,80,0.5369127516778524,0.4959524977620966,0.5773808355712367,0.040714168904570025,True,True,False,False,False,False,False,False,False,False,False,False,False
312,2060.0,2065.0,2062.5,151,89,0.5894039735099338,0.5489096895318214,0.628721889415547,0.03990609994186278,True,True,False,False,False,False,False,False,False,False,False,False,False
313,2065.0,2070.0,2067.5,149,86,0.5771812080536913,0.5363278702832661,0.6170054630500672,0.040338796383400544,True,True,False,False,False,False,False,False,False,False,False,False,False
314,2070.0,2075.0,2072.5,157,79,0.5031847133757962,0.4633874945404094,0.5429416193836413,0.03977706242161594,True,True,False,False,False,False,False,False,False,False,False,False,False
315,2075.0,2080.0,2077.5,137,69,0.5036496350364964,0.46106148752609977,0.5461848892854945,0.04256170087969735,True,True,False,False,False,False,False,False,False,False,False,False,False
316,2080.0,2085.0,2082.5,165,87,0.5272727272727272,0.4883583323685775,0.565858535101302,0.038750101366362255,True,True,False,False,False,False,False,False,False,False,False,False,False
317,2085.0,2090.0,2087.5,151,86,0.5695364238410596,0.52891509734219,0.609242797394652,0.04016385002623102,True,True,False,False,False,False,False,False,False,False,False,False,False
318,2090.0,2095.0,2092.5,153,71,0.46405228758169936,0.42409815457656935,0.5044732739948592,0.04018755970914492,True,True,False,False,False,False,False,False,True,False,False,False,False
319,2095.0,2100.0,2097.5,204,86,0.4215686274509804,0.38745989667122793,0.4564425423531623,0.034491322840967176,True,True,False,False,False,False,False,False,True,False,False,False,False
320,2100.0,2105.0,2102.5,1045,199,0.19043062200956937,0.17858266588083355,0.2028704889948834,0.012143911557024933,True,True,False,False,True,False,False,False,True,False,False,False,False
321,2105.0,2110.0,2107.5,285,100,0.3508771929824561,0.32317372134138683,0.379623481455816,0.028224880057214574,True,True,False,False,True,False,False,False,True,False,False,False,False
322,2110.0,2115.0,2112.5,173,87,0.5028901734104047,0.46496929065237813,0.5407778357844035,0.0379042725660127,True,True,False,False,False,False,False,False,True,False,False,False,False
323,2115.0,2120.0,2117.5,163,81,0.49693251533742333,0.4579085093222076,0.5359939297021826,0.039042710189987506,True,True,False,False,False,False,False,False,True,False,False,False,False
324,2120.0,2125.0,2122.5,162,80,0.49382716049382713,0.45470497450929126,0.533025086840402,0.039160056165555346,True,True,False,False,False,False,False,False,False,False,False,False,False
325,2125.0,2130.0,2127.5,186,94,0.5053763440860215,0.4687860748819932,0.5419091122837822,0.036561518700894524,True,True,False,False,False,False,False,False,False,False,False,False,False
326,2130.0,2135.0,2132.5,155,91,0.5870967741935483,0.5471145020171826,0.6259624210597403,0.03942395952127886,True,True,False,False,False,False,False,False,False,False,False,False,False
327,2135.0,2140.0,2137.5,178,83,0.46629213483146065,0.4291932385657989,0.5037676552889498,0.03728720836157548,True,True,False,False,False,False,False,False,False,False,False,False,False
328,2140.0,2145.0,2142.5,162,84,0.5185185185185185,0.47926859057463267,0.5575412253762876,0.03913631740082746,True,True,False,False,False,False,False,False,False,False,False,False,False
329,2145.0,2150.0,2147.5,171,85,0.49707602339181284,0.45896902879191087,0.5352170177197172,0.03812399446390316,True,True,False,False,False,False,False,False,False,False,False,False,False
330,2150.0,2155.0,2152.5,144,72,0.5,0.45847726007313,0.54152273992687,0.04152273992686997,True,True,False,False,False,False,False,False,False,False,False,False,False
331,2155.0,2160.0,2157.5,189,101,0.5343915343915344,0.49802217056223846,0.5703988820693404,0.03618835575355098,True,True,False,False,False,False,False,False,False,False,False,False,False
332,2160.0,2165.0,2162.5,171,86,0.5029239766081871,0.4647829822802829,0.5410309712080892,0.03812399446390313,True,True,False,False,False,False,False,False,False,False,False,False,False
333,2165.0,2170.0,2167.5,187,97,0.5187165775401069,0.4821761953670949,0.5550578471860965,0.03644082590950082,True,True,False,False,False,False,False,False,False,False,False,False,False
334,2170.0,2175.0,2172.5,167,86,0.5149700598802395,0.47632230570291706,0.5534395990589877,0.0385586466780353,True,True,False,False,False,False,False,False,False,False,False,False,False
335,2175.0,2180.0,2177.5,172,86,0.5,0.4619857039365147,0.5380142960634853,0.038014296063485276,True,True,False,False,False,False,False,False,False,False,False,False,False
336,2180.0,2185.0,2182.5,165,77,0.4666666666666667,0.42814575790952053,0.5055891818495157,0.0387217119699976,True,True,False,False,False,False,False,False,False,False,False,False,False
337,2185.0,2190.0,2187.5,200,113,0.565,0.5297071191974223,0.5996461146334233,0.03496949771800051,True,True,False,False,False,False,False,False,False,False,False,False,False
338,2190.0,2195.0,2192.5,161,77,0.4782608695652174,0.4391482699723646,0.5176418534844256,0.03924679175603049,True,True,False,False,False,False,False,False,False,False,False,False,False
339,2195.0,2200.0,2197.5,182,93,0.510989010989011,0.4739767772025462,0.5478811462947215,0.036952184546087646,True,True,False,False,False,False,False,False,False,False,False,False,False
340,2200.0,2205.0,2202.5,195,108,0.5538461538461539,0.5180637846246681,0.5890790725181891,0.035507643946760536,True,True,False,False,False,False,False,False,False,False,False,True,False
341,2205.0,2210.0,2207.5,188,107,0.5691489361702128,0.5327610499460309,0.6048050876201068,0.03602201883703793,True,True,False,False,False,False,False,False,False,False,False,True,False
342,2210.0,2215.0,2212.5,198,99,0.5,0.4645559397495832,0.5354440602504168,0.0354440602504168,True,True,False,False,False,False,False,False,False,False,False,True,False
343,2215.0,2220.0,2217.5,222,126,0.5675675675675675,0.5340878426973048,0.6004413052847579,0.03317673129372656,True,True,False,False,False,False,False,False,False,False,False,True,False
344,2220.0,2225.0,2222.5,179,97,0.5418994413407822,0.5045292200105748,0.5788041133227587,0.03713744665609198,True,True,False,False,False,False,False,False,False,False,False,True,False
345,2225.0,2230.0,2227.5,190,106,0.5578947368421052,0.5216549605936902,0.5935282854796082,0.03593666244295901,True,True,False,False,False,False,False,False,False,False,False,True,False
346,2230.0,2235.0,2232.5,216,109,0.5046296296296297,0.4706675315903911,0.53854905827136,0.03394076334048446,True,True,False,False,False,False,False,False,False,False,False,True,False
347,2235.0,2240.0,2237.5,207,107,0.5169082125603864,0.4821778938691966,0.5514759522846494,0.03464902920772639,True,True,False,False,False,False,False,False,False,False,False,True,False
348,2240.0,2245.0,2242.5,217,112,0.5161290322580645,0.48220831580798507,0.5499017759351341,0.033846730063574526,True,True,False,False,False,False,False,False,False,False,False,True,False
349,2245.0,2250.0,2247.5,226,107,0.47345132743362833,0.4404287243460939,0.5067078395305582,0.03313955759223214,True,True,False,False,False,False,False,False,False,False,False,True,False
350,2250.0,2255.0,2252.5,193,106,0.5492227979274611,0.5132446396482542,0.5846935046816426,0.035724432516694216,True,True,False,False,False,False,False,False,False,False,False,True,False
351,2255.0,2260.0,2257.5,218,119,0.5458715596330275,0.5120170686471415,0.5793071322661005,0.03364503180947953,True,True,False,False,False,False,False,False,False,False,False,True,False
352,2260.0,2265.0,2262.5,183,95,0.5191256830601093,0.4821880798245845,0.5558553984362851,0.03683365930585028,True,True,False,False,False,False,False,False,False,False,False,True,False
353,2265.0,2270.0,2267.5,211,110,0.5213270142180095,0.48691737948764086,0.5555354507010384,0.03430903560669876,True,True,False,False,False,False,False,False,False,False,False,True,False
354,2270.0,2275.0,2272.5,186,106,0.5698924731182796,0.5333121519697614,0.6057252811853189,0.03620656460777871,True,True,False,False,False,False,False,False,False,False,False,True,False
355,2275.0,2280.0,2277.5,204,118,0.5784313725490197,0.5435574576468377,0.6125401033287722,0.03449132284096723,True,True,False,False,False,False,False,False,False,False,False,True,False
356,2280.0,2285.0,2282.5,223,122,0.547085201793722,0.5136151410181776,0.5801348589818224,0.03325985898182238,True,True,False,False,False,False,False,False,False,False,False,True,False
357,2285.0,2290.0,2287.5,224,114,0.5089285714285714,0.47556084698083423,0.5422169307969434,0.033328041908054606,True,True,False,False,False,False,False,False,False,False,False,True,False
358,2290.0,2295.0,2292.5,233,123,0.5278969957081545,0.4951424524507807,0.5604131031047749,0.03263532532699709,True,True,False,False,False,False,False,False,False,False,False,True,False
359,2295.0,2300.0,2297.5,233,118,0.5064377682403434,0.4737269317554589,0.5390935810650539,0.03268332465479751,True,True,False,False,False,False,False,False,False,False,False,True,False
360,2300.0,2305.0,2302.5,222,118,0.5315315315315315,0.49797400425861815,0.5648062647996778,0.03341613027052981,True,True,False,False,False,False,False,False,False,False,False,True,False
361,2305.0,2310.0,2307.5,225,122,0.5422222222222223,0.5088941630485626,0.5751766334116144,0.0331412351815259,True,True,False,False,False,False,False,False,False,False,False,True,False
362,2310.0,2315.0,2312.5,238,122,0.5126050420168067,0.48022022605621495,0.5448843764542453,0.03233207519901515,True,True,False,False,False,False,False,False,False,False,False,True,False
363,2315.0,2320.0,2317.5,241,133,0.5518672199170125,0.5196843576659758,0.5836214274579912,0.031968534896007705,True,True,False,False,False,False,False,False,False,False,False,True,False
364,2320.0,2325.0,2322.5,248,143,0.5766129032258065,0.5449916727746409,0.6076187689924275,0.03131354810889331,True,True,False,False,False,False,False,False,False,False,False,True,False
365,2325.0,2330.0,2327.5,233,124,0.5321888412017167,0.49943277317600154,0.5646697909265626,0.032618508875280505,True,True,False,False,False,False,False,False,False,False,False,True,False
366,2330.0,2335.0,2332.5,254,121,0.4763779527559055,0.4451941994008364,0.5077469770697518,0.03127638883445771,True,True,False,False,False,False,False,False,False,False,False,True,False
367,2335.0,2340.0,2337.5,245,139,0.5673469387755102,0.5354836523457182,0.5986626891176966,0.031589518385989224,True,True,False,False,False,False,False,False,False,False,False,True,False
368,2340.0,2345.0,2342.5,250,129,0.516,0.4843926331309036,0.5474798768292558,0.03154362184917611,True,True,False,False,False,False,False,False,False,False,False,True,False
369,2345.0,2350.0,2347.5,310,179,0.5774193548387097,0.5491588496551912,0.6051819863576705,0.028011568351239635,True,True,False,False,False,False,False,False,False,False,False,True,False
370,2350.0,2355.0,2352.5,258,138,0.5348837209302325,0.5037559589019958,0.5657421105960736,0.03099307584703892,True,True,False,False,False,False,False,False,False,False,False,True,False
371,2355.0,2360.0,2357.5,262,146,0.5572519083969466,0.526404909659775,0.5876635314048638,0.03062931087254439,True,True,False,False,False,False,False,False,False,False,False,True,False
372,2360.0,2365.0,2362.5,274,136,0.49635036496350365,0.46621330221202106,0.5265139705152517,0.030150334151615332,True,True,False,False,False,False,False,False,False,False,False,True,False
373,2365.0,2370.0,2367.5,307,160,0.5211726384364821,0.4926392236019424,0.5495685686058498,0.028464672501953697,True,True,False,False,False,False,False,False,False,False,False,True,False
374,2370.0,2375.0,2372.5,286,160,0.5594405594405595,0.5299279499622284,0.5885389489924756,0.029305499515123623,True,True,False,False,False,False,False,False,False,False,False,True,False
375,2375.0,2380.0,2377.5,273,148,0.5421245421245421,0.5118716965998027,0.5720699092396133,0.03009910631990531,True,True,False,False,False,False,False,False,False,False,False,True,False
376,2380.0,2385.0,2382.5,219,93,0.4246575342465753,0.3916731533916456,0.4583268466083545,0.03332684660835444,True,True,False,False,False,False,False,False,False,False,False,True,False
377,2385.0,2390.0,2387.5,215,97,0.4511627906976744,0.41753011568145765,0.48524766209632003,0.03385877320743119,True,True,False,False,False,False,False,False,False,False,False,True,False
378,2390.0,2395.0,2392.5,209,78,0.37320574162679426,0.3404286216449295,0.40719042597411825,0.033380902164594384,True,True,False,False,False,False,False,False,False,False,False,True,False
379,2395.0,2400.0,2397.5,178,71,0.398876404494382,0.36283753211343395,0.43604514945081185,0.03660380866868895,True,True,False,False,False,False,False,False,False,False,False,True,False
380,2400.0,2405.0,2402.5,178,52,0.29213483146067415,0.2592870980684081,0.3273050807025417,0.034008991317066806,True,True,False,False,False,False,False,False,False,False,False,False,False
381,2405.0,2410.0,2407.5,162,51,0.3148148148148148,0.27955527253464685,0.3523465679561507,0.03639564771075193,True,True,False,False,False,False,False,False,False,False,False,False,False
382,2410.0,2415.0,2412.5,151,58,0.3841059602649007,0.3454101706133591,0.42432667149190406,0.03945825043927248,True,True,False,False,False,False,False,False,False,False,False,False,False
383,2415.0,2420.0,2417.5,163,46,0.2822085889570552,0.2483666037532334,0.3187065669784739,0.035169981612620235,True,True,False,False,False,False,False,False,False,False,False,False,False
384,2420.0,2425.0,2422.5,134,48,0.3582089552238806,0.31797934545230383,0.4005391730662147,0.04127991380695545,True,True,False,False,False,False,False,False,False,False,False,False,False
385,2425.0,2430.0,2427.5,159,52,0.3270440251572327,0.2910209914712794,0.3652290085287206,0.03710400852872059,True,True,False,False,False,False,False,False,False,False,False,False,False
386,2430.0,2435.0,2432.5,166,58,0.3493975903614458,0.3133940578738466,0.38720474452136294,0.036905343323758166,True,True,False,False,False,False,False,False,False,False,False,False,False
387,2435.0,2440.0,2437.5,161,41,0.2546583850931677,0.22190996225800788,0.2904357167543379,0.034262877248165,True,True,False,False,False,False,False,False,False,False,False,False,False
388,2440.0,2445.0,2442.5,167,60,0.3592814371257485,0.3230929826840822,0.39714511255401314,0.037026064934965464,True,True,False,False,False,False,False,False,False,False,False,False,False
389,2445.0,2450.0,2447.5,134,56,0.417910447761194,0.3760649515812224,0.46097208545581475,0.04245356693729618,True,True,False,False,False,False,False,False,False,False,False,False,False
390,2450.0,2455.0,2452.5,134,36,0.26865671641791045,0.23218207203913904,0.3085586687016018,0.038188298331231385,True,True,False,False,False,False,False,False,False,False,False,False,False
391,2455.0,2460.0,2457.5,132,38,0.2878787878787879,0.25018078918695674,0.3287665792340959,0.039292895023569585,True,True,False,False,False,False,False,False,False,False,False,False,False
392,2460.0,2465.0,2462.5,123,44,0.35772357723577236,0.31581055761266286,0.40193137787120825,0.0430604101292727,True,True,False,False,False,False,False,False,False,False,False,False,False
393,2465.0,2470.0,2467.5,115,49,0.4260869565217391,0.3808059237156203,0.4726423521464487,0.0459182142154142,True,True,False,False,False,False,False,False,False,False,False,False,False
394,2470.0,2475.0,2472.5,103,32,0.3106796116504854,0.26708498774290407,0.35791501225709593,0.04541501225709593,True,True,False,False,False,False,False,False,False,False,False,False,False
395,2475.0,2480.0,2477.5,117,37,0.3162393162393162,0.2749608793509774,0.3606323409880056,0.042835730818514106,True,True,False,False,False,False,False,False,False,False,False,False,False
396,2480.0,2485.0,2482.5,112,35,0.3125,0.2705241528245221,0.35779443124627436,0.04363513921087614,True,True,False,False,False,False,False,False,False,False,False,False,False
397,2485.0,2490.0,2487.5,100,23,0.23,0.19071362356353053,0.2746329110899348,0.041959643763202145,True,True,False,False,False,False,False,False,False,False,False,False,False
398,2490.0,2495.0,2492.5,75,18,0.24,0.19431195366704856,0.29253015159610923,0.049109098964530334,True,True,False,False,False,False,False,False,False,False,False,False,False
399,2495.0,2500.0,2497.5,56,14,0.25,0.19686457434822807,0.31190735547633336,0.057521390564052644,True,True,False,False,False,False,False,False,False,False,False,False,False
400,2500.0,2505.0,2502.5,65,14,0.2153846153846154,0.16891200335469936,0.2704819360392401,0.050784966342270366,True,True,False,False,False,False,False,False,False,False,False,False,False
401,2505.0,2510.0,2507.5,49,10,0.20408163265306123,0.15269665394248122,0.2673033460575188,0.0573033460575188,True,True,False,False,False,False,False,False,False,False,False,False,False
402,2510.0,2515.0,2512.5,44,10,0.22727272727272727,0.17056874188724852,0.2960979247794181,0.06276459144608479,True,True,False,False,False,False,False,False,False,False,False,False,False
403,2515.0,2520.0,2517.5,40,10,0.25,0.18819799557524364,0.3239971263759759,0.06789956540036612,True,True,False,False,False,False,False,False,False,False,False,False,False
404,2520.0,2525.0,2522.5,40,9,0.225,0.16614790216724096,0.2972667319791006,0.06555941490592981,True,True,False,False,False,False,False,False,False,False,False,False,False
405,2525.0,2530.0,2527.5,33,8,0.24242424242424243,0.1761149420888689,0.3238850579111311,0.07388505791113109,True,True,False,False,False,False,False,False,False,False,False,False,False
406,2530.0,2535.0,2532.5,40,6,0.15,0.10212178777453476,0.21495138295717262,0.05641479759131893,True,True,False,False,False,False,False,False,False,False,False,False,False
407,2535.0,2540.0,2537.5,36,8,0.2222222222222222,0.1609714526014696,0.2984880068579899,0.06875827712826013,True,True,False,False,False,False,False,False,False,False,False,False,False
408,2540.0,2545.0,2542.5,28,4,0.14285714285714285,0.08903585427538149,0.22130897331082536,0.06613655951772193,True,True,False,False,False,False,False,False,False,False,False,False,False
409,2545.0,2550.0,2547.5,31,8,0.25806451612903225,0.18790427179482982,0.3433457282051702,0.07772072820517018,True,True,False,False,False,False,False,False,False,False,False,False,False
410,2550.0,2555.0,2552.5,35,8,0.22857142857142856,0.16572072827032341,0.30650149395189885,0.07039038284078772,True,True,False,False,False,False,False,False,False,False,False,False,False
411,2555.0,2560.0,2557.5,28,3,0.10714285714285714,0.061679071178763846,0.17970023916606373,0.059010583993649945,True,True,False,False,False,False,False,False,False,False,False,False,False
412,2560.0,2565.0,2562.5,27,4,0.14814814814814814,0.09241303778548214,0.2290155336430893,0.06830124792880357,True,True,False,False,False,False,False,False,False,False,False,False,False
413,2565.0,2570.0,2567.5,21,5,0.23809523809523808,0.1584170000084847,0.3415829999915152,0.09158299999151526,True,True,False,False,False,False,False,False,False,False,False,False,False
414,2570.0,2575.0,2572.5,26,6,0.23076923076923078,0.15904586348182526,0.3224356179996562,0.08169487725891547,True,True,False,False,False,False,False,False,False,False,False,False,False
415,2575.0,2580.0,2577.5,32,7,0.21875,0.15480633912989017,0.29973911541556436,0.0724663881428371,True,True,False,False,False,False,False,False,False,False,False,False,False
416,2580.0,2585.0,2582.5,22,1,0.045454545454545456,0.017499223448025146,0.1129355591606705,0.04771816785632267,True,True,False,False,False,False,False,False,False,False,False,False,False
417,2585.0,2590.0,2587.5,29,6,0.20689655172413793,0.1420668402619299,0.2912664930714034,0.07459982640473675,True,True,False,False,False,False,False,False,False,False,False,False,False
418,2590.0,2595.0,2592.5,34,4,0.11764705882352941,0.0730265449759303,0.18411631216692687,0.055544883595498286,True,True,False,False,False,False,False,False,False,False,False,False,False
419,2595.0,2600.0,2597.5,31,6,0.1935483870967742,0.132630723321997,0.273619276678003,0.07049427667800301,True,True,False,False,False,False,False,False,False,False,False,False,False
420,2600.0,2605.0,2602.5,44,12,0.2727272727272727,0.21119533940332522,0.3443602161522302,0.0665824383744525,True,True,False,False,False,False,False,False,False,True,False,False,False
421,2605.0,2610.0,2607.5,222,53,0.23873873873873874,0.21133827132646912,0.26848235647622154,0.028572042574876208,True,True,False,False,False,False,False,False,False,True,False,False,False
422,2610.0,2615.0,2612.5,6129,1208,0.1970957741882852,0.1920640514957258,0.20222632370818933,0.0050811361062317595,True,True,False,False,False,True,False,False,False,True,False,False,False
423,2615.0,2620.0,2617.5,2310,499,0.21601731601731602,0.20757884838574409,0.22470154971031825,0.008561350662287082,True,True,False,False,False,True,False,False,False,True,False,False,False
424,2620.0,2625.0,2622.5,4,1,0.25,0.09999999999999998,0.5,0.2,True,True,False,False,False,False,False,False,False,True,False,False,False
425,2625.0,2630.0,2627.5,3,0,0.0,0.0,0.25,0.125,False,True,False,False,False,False,False,False,False,True,False,False,False
426,2630.0,2635.0,2632.5,4,1,0.25,0.09999999999999998,0.5,0.2,True,True,False,False,False,False,False,False,False,False,False,False,False
427,2635.0,2640.0,2637.5,1,0,0.0,0.0,0.5,0.25,False,True,False,False,False,False,False,False,False,False,False,False,False
428,2640.0,2645.0,2642.5,1,0,0.0,0.0,0.5,0.25,False,True,False,False,False,False,False,False,False,False,False,False,False
429,2645.0,2650.0,2647.5,1,0,0.0,0.0,0.5,0.25,False,True,False,False,False,False,False,False,False,False,False,False,False
430,2650.0,2655.0,2652.5,5,0,0.0,0.0,0.16666666666666669,0.08333333333333334,True,True,False,False,False,False,False,False,False,False,False,False,False
431,2655.0,2660.0,2657.5,2,1,0.5,0.21132486540518713,0.7886751345948129,0.28867513459481287,False,True,False,False,False,False,False,False,False,False,False,False,False
432,2660.0,2665.0,2662.5,2,0,0.0,0.0,0.3333333333333333,0.16666666666666666,False,True,False,False,False,False,False,False,False,False,False,False,False
433,2665.0,2670.0,2667.5,3,0,0.0,0.0,0.25,0.125,False,True,False,False,False,False,False,False,False,False,False,False,False
434,2670.0,2675.0,2672.5,2,2,1.0,0.6666666666666667,1.0,0.16666666666666663,False,True,False,False,False,False,False,False,False,False,False,False,False
435,2675.0,2680.0,2677.5,0,0,nan,nan,nan,nan,False,True,False,False,False,False,False,False,False,False,False,False,False
436,2680.0,2685.0,2682.5,2,0,0.0,0.0,0.3333333333333333,0.16666666666666666,False,True,False,False,False,False,False,False,False,False,False,False,False
437,2685.0,2690.0,2687.5,4,0,0.0,0.0,0.2,0.1,True,True,False,False,False,False,False,False,False,False,False,False,False
438,2690.0,2695.0,2692.5,4,1,0.25,0.09999999999999998,0.5,0.2,True,True,False,False,False,False,False,False,False,False,False,False,False
439,2695.0,2700.0,2697.5,2,0,0.0,0.0,0.3333333333333333,0.16666666666666666,False,True,False,False,False,False,False,False,False,False,False,False,False
440,2700.0,2705.0,2702.5,1,0,0.0,0.0,0.5,0.25,False,True,False,False,False,False,False,False,False,False,False,False,True
441,2705.0,2710.0,2707.5,1,0,0.0,0.0,0.5,0.25,False,True,False,False,False,False,False,False,False,False,False,False,True
442,2710.0,2715.0,2712.5,1,0,0.0,0.0,0.5,0.25,False,True,False,False,False,False,False,False,False,False,False,False,True
443,2715.0,2720.0,2717.5,1,0,0.0,0.0,0.5,0.25,False,True,False,False,False,False,False,False,False,False,False,False,True
444,2720.0,2725.0,2722.5,2,0,0.0,0.0,0.3333333333333333,0.16666666666666666,False,True,False,False,False,False,False,False,False,False,False,False,True
445,2725.0,2730.0,2727.5,4,0,0.0,0.0,0.2,0.1,True,True,False,False,False,False,False,False,False,False,False,False,True
446,2730.0,2735.0,2732.5,2,0,0.0,0.0,0.3333333333333333,0.16666666666666666,False,True,False,False,False,False,False,False,False,False,False,False,True
447,2735.0,2740.0,2737.5,5,0,0.0,0.0,0.16666666666666669,0.08333333333333334,True,True,False,False,False,False,False,False,False,False,False,False,True
448,2740.0,2745.0,2742.5,2,0,0.0,0.0,0.3333333333333333,0.16666666666666666,False,True,False,False,False,False,False,False,False,False,False,False,True
449,2745.0,2750.0,2747.5,2,0,0.0,0.0,0.3333333333333333,0.16666666666666666,False,True,False,False,False,False,False,False,False,False,False,False,True
450,2750.0,2755.0,2752.5,7,1,0.14285714285714285,0.05597392979771218,0.3190260702022878,0.1315260702022878,True,True,False,False,False,False,False,False,False,False,False,False,True
451,2755.0,2760.0,2757.5,2,0,0.0,0.0,0.3333333333333333,0.16666666666666666,False,True,False,False,False,False,False,False,False,False,False,False,True
452,2760.0,2765.0,2762.5,1,0,0.0,0.0,0.5,0.25,False,True,False,False,False,False,False,False,False,False,False,False,True
453,2765.0,2770.0,2767.5,2,1,0.5,0.21132486540518713,0.7886751345948129,0.28867513459481287,False,True,False,False,False,False,False,False,False,False,False,False,True
454,2770.0,2775.0,2772.5,4,0,0.0,0.0,0.2,0.1,True,True,False,False,False,False,False,False,False,False,False,False,True
455,2775.0,2780.0,2777.5,6,0,0.0,0.0,0.14285714285714285,0.07142857142857142,True,True,False,False,False,False,False,False,False,False,False,False,True
456,2780.0,2785.0,2782.5,3,0,0.0,0.0,0.25,0.125,False,True,False,False,False,False,False,False,False,False,False,False,True
457,2785.0,2790.0,2787.5,2,0,0.0,0.0,0.3333333333333333,0.16666666666666666,False,True,False,False,False,False,False,False,False,False,False,False,True
458,2790.0,2795.0,2792.5,1,0,0.0,0.0,0.5,0.25,False,True,False,False,False,False,False,False,False,False,False,False,True
459,2795.0,2800.0,2797.5,10,0,0.0,0.0,0.09090909090909091,0.045454545454545456,True,True,False,False,False,False,False,False,False,False,False,False,True
460,2800.0,2805.0,2802.5,4,0,0.0,0.0,0.2,0.1,True,True,False,False,False,False,False,False,False,False,False,False,True
461,2805.0,2810.0,2807.5,2,0,0.0,0.0,0.3333333333333333,0.16666666666666666,False,True,False,False,False,False,False,False,False,False,False,False,True
462,2810.0,2815.0,2812.5,3,0,0.0,0.0,0.25,0.125,False,True,False,False,False,False,False,False,False,False,False,False,True
463,2815.0,2820.0,2817.5,4,0,0.0,0.0,0.2,0.1,True,True,False,False,False,False,False,False,False,False,False,False,True
464,2820.0,2825.0,2822.5,1,0,0.0,0.0,0.5,0.25,False,True,False,False,False,False,False,False,False,False,False,False,True
465,2825.0,2830.0,2827.5,2,0,0.0,0.0,0.3333333333333333,0.16666666666666666,False,True,False,False,False,False,False,False,False,False,False,False,True
466,2830.0,2835.0,2832.5,2,0,0.0,0.0,0.3333333333333333,0.16666666666666666,False,True,False,False,False,False,False,False,False,False,False,False,True
467,2835.0,2840.0,2837.5,3,0,0.0,0.0,0.25,0.125,False,True,False,False,False,False,False,False,False,False,False,False,True
468,2840.0,2845.0,2842.5,5,0,0.0,0.0,0.16666666666666669,0.08333333333333334,True,True,False,False,False,False,False,False,False,False,False,False,True
469,2845.0,2850.0,2847.5,2,0,0.0,0.0,0.3333333333333333,0.16666666666666666,False,True,False,False,False,False,False,False,False,False,False,False,True
470,2850.0,2855.0,2852.5,3,0,0.0,0.0,0.25,0.125,False,True,False,False,False,False,False,False,False,False,False,False,True
471,2855.0,2860.0,2857.5,4,0,0.0,0.0,0.2,0.1,True,True,False,False,False,False,False,False,False,False,False,False,True
472,2860.0,2865.0,2862.5,2,0,0.0,0.0,0.3333333333333333,0.16666666666666666,False,True,False,False,False,False,False,False,False,False,False,False,True
473,2865.0,2870.0,2867.5,0,0,nan,nan,nan,nan,False,True,False,False,False,False,False,False,False,False,False,False,True
474,2870.0,2875.0,2872.5,2,0,0.0,0.0,0.3333333333333333,0.16666666666666666,False,True,False,False,False,False,False,False,False,False,False,False,True
475,2875.0,2880.0,2877.5,2,0,0.0,0.0,0.3333333333333333,0.16666666666666666,False,True,False,False,False,False,False,False,False,False,False,False,True
476,2880.0,2885.0,2882.5,0,0,nan,nan,nan,nan,False,True,False,False,False,False,False,False,False,False,False,False,True
477,2885.0,2890.0,2887.5,2,0,0.0,0.0,0.3333333333333333,0.16666666666666666,False,True,False,False,False,False,False,False,False,False,False,False,True
478,2890.0,2895.0,2892.5,6,0,0.0,0.0,0.14285714285714285,0.07142857142857142,True,True,False,False,False,False,False,False,False,False,False,False,True
479,2895.0,2900.0,2897.5,2,0,0.0,0.0,0.3333333333333333,0.16666666666666666,False,True,False,False,False,False,False,False,False,False,False,False,True
480,2900.0,2905.0,2902.5,2,0,0.0,0.0,0.3333333333333333,0.16666666666666666,False,True,False,False,False,False,False,False,False,False,False,False,True
481,2905.0,2910.0,2907.5,1,0,0.0,0.0,0.5,0.25,False,True,False,False,False,False,False,False,False,False,False,False,True
482,2910.0,2915.0,2912.5,0,0,nan,nan,nan,nan,False,True,False,False,False,False,False,False,False,False,False,False,True
483,2915.0,2920.0,2917.5,3,0,0.0,0.0,0.25,0.125,False,True,False,False,False,False,False,False,False,False,False,False,True
484,2920.0,2925.0,2922.5,2,1,0.5,0.21132486540518713,0.7886751345948129,0.28867513459481287,False,True,False,False,False,False,False,False,False,False,False,False,True
485,2925.0,2930.0,2927.5,3,0,0.0,0.0,0.25,0.125,False,True,False,False,False,False,False,False,False,False,False,False,True
486,2930.0,2935.0,2932.5,0,0,nan,nan,nan,nan,False,True,False,False,False,False,False,False,False,False,False,False,True
487,2935.0,2940.0,2937.5,2,0,0.0,0.0,0.3333333333333333,0.16666666666666666,False,True,False,False,False,False,False,False,False,False,False,False,True
488,2940.0,2945.0,2942.5,2,0,0.0,0.0,0.3333333333333333,0.16666666666666666,False,True,False,False,False,False,False,False,False,False,False,False,True
489,2945.0,2950.0,2947.5,2,0,0.0,0.0,0.3333333333333333,0.16666666666666666,False,True,False,False,False,False,False,False,False,False,False,False,True
490,2950.0,2955.0,2952.5,5,1,0.2,0.07921748723400673,0.4207825127659934,0.17078251276599332,True,True,False,False,False,False,False,False,False,False,False,False,True
491,2955.0,2960.0,2957.5,2,0,0.0,0.0,0.3333333333333333,0.16666666666666666,False,True,False,False,False,False,False,False,False,False,False,False,True
492,2960.0,2965.0,2962.5,3,0,0.0,0.0,0.25,0.125,False,True,False,False,False,False,False,False,False,False,False,False,True
493,2965.0,2970.0,2967.5,3,0,0.0,0.0,0.25,0.125,False,True,False,False,False,False,False,False,False,False,False,False,True
494,2970.0,2975.0,2972.5,1,0,0.0,0.0,0.5,0.25,False,True,False,False,False,False,False,False,False,False,False,False,True
495,2975.0,2980.0,2977.5,4,0,0.0,0.0,0.2,0.1,True,True,False,False,False,False,False,False,False,False,False,False,True
496,2980.0,2985.0,2982.5,1,0,0.0,0.0,0.5,0.25,False,True,False,False,False,False,False,False,False,False,False,False,True
497,2985.0,2990.0,2987.5,3,0,0.0,0.0,0.25,0.125,False,True,False,False,False,False,False,False,False,False,False,False,True
498,2990.0,2995.0,2992.5,1,0,0.0,0.0,0.5,0.25,False,True,False,False,False,False,False,False,False,False,False,False,True
499,2995.0,3000.0,2997.5,0,0,nan,nan,nan,nan,False,True,False,False,False,False,False,False,False,False,False,False,True
