phase,context_seed,unique_event_count,identity_sha256,run_id,executed_dropout_seed
development,100,2000,7cc331ae6892f5741152c50adfd764d5bfc9d4e361b96c9aad82677d22900d3b,20260908-cell17-dev-s100-mc50,10100
development,101,2000,c2d39a0545a153a6d2c0e7b03706bab9996f0794e5b7a910fffff0a9904cd684,20260908-cell17-dev-ctx-s101-drop10100-mc50,10100
development,102,2000,840542f054f04a50ec2145d2d7fcb76b8fa42d79d75c07a364abf2054ceefe0e,20260908-cell17-dev-ctx-s102-drop10100-mc50,10100
development,103,2000,f6776cd7d108599c6388ecf0a941ffd2cb54ba8b337607aef5e5262ba2ed889a,20260908-cell17-dev-ctx-s103-drop10100-mc50,10100
development,104,2000,428fd7c5c3626002a28c5c73ce7812e507b8ac9c90bf4661e02b4fd2174de80d,20260908-cell17-dev-ctx-s104-drop10100-mc50,10100
development,105,2000,f5b0441f1598a8dfe459878342ae025e0ec31b4cb6a6cb139d8052ddc6b5d7ff,20260908-cell17-dev-ctx-s105-drop10100-mc50,10100
development,106,2000,44a6b11c2ab91e7ef4123d4f8ff4217994b98977eb48330e2609bbfc0306ff09,20260908-cell17-dev-ctx-s106-drop10100-mc50,10100
development,107,2000,c401a1e043da877afbecd71412b46202fa867fd7ff60dafb25d490b6e9a54ac0,20260908-cell17-dev-ctx-s107-drop10100-mc50,10100
development,108,2000,b3cb6699577a0b072e7e11a11b0051f1293c506565c5c196f8663e20855d8ba7,20260908-cell17-dev-ctx-s108-drop10100-mc50,10100
development,109,2000,ff64c6387e21bc1d30041586c8e1c9957b2454e3a297576ab4ddd09819e34e4d,20260908-cell17-dev-ctx-s109-drop10100-mc50,10100
final,100,2000,a861abee438d9cfe4063761f296876568976d96bae644170fed6cc66c07b7c00,20260908-cell17_seed0_recovered-final-ctx-s100-drop10100-mc50,10100
final,101,2000,3724a9ab19d4ac14baa6c8435a9a5dccf603b6b48b43da6bacdcf1baf8d29168,20260908-cell17_seed0_recovered-final-ctx-s101-drop10100-mc50,10100
final,102,2000,29e1d18516efb5c59434d3a1cfcdee829e8e320ca491065b00be3cf1121dd35e,20260908-cell17_seed0_recovered-final-ctx-s102-drop10100-mc50,10100
final,103,2000,23059f015858fe2a9cbda295378a1f384ef7576a1ab9167bdbd3bfb2714ab2c8,20260908-cell17_seed0_recovered-final-ctx-s103-drop10100-mc50,10100
final,104,2000,be41273cff59dfd21379eb2542f0518000fb8ffcd79723edf97e5bf5978beca9,20260908-cell17_seed0_recovered-final-ctx-s104-drop10100-mc50,10100
final,105,2000,4026fb4ac0d33f4a1333f80d2f4d16f28baafa49c44a83c533245b76fc9b481d,20260908-cell17_seed0_recovered-final-ctx-s105-drop10100-mc50,10100
final,106,2000,b4aad30eb49106b84a17c4f68f69def91b4a1afdfcbfab250f305a2c0cacd2e8,20260908-cell17_seed0_recovered-final-ctx-s106-drop10100-mc50,10100
final,107,2000,9671a2869e657ef46ff4407dae3577c5c16000b1e36e78d18592ffc2bb6b24f6,20260908-cell17_seed0_recovered-final-ctx-s107-drop10100-mc50,10100
final,108,2000,e48de6f48f3d0d0ae41723f56ec7671cde6ce57ee2815c67151f2a644a930cf3,20260908-cell17_seed0_recovered-final-ctx-s108-drop10100-mc50,10100
final,109,2000,c8e41969f826823838af928f85ae0ad06943bbb4e8b6f0146c1f935418dd4c4c,20260908-cell17_seed0_recovered-final-ctx-s109-drop10100-mc50,10100
