model,model_id,training_seed,context_seed,dropout_seed,region,n_events,brier,log_loss
Cell 15 v9,v9,0,100,10100,full,2074,0.22597285732604036,0.6447528714131938
Cell 15 v9,v9,0,100,10100,Bi-214,21,0.28251193353514836,0.7941044477746921
Cell 15 v9,v9,0,100,10100,continuum_1700_2000,154,0.24991410097496436,0.6929823607739495
Cell 15 v9,v9,0,100,10100,SE,36,0.20184983826047237,0.5960285717819706
Cell 15 v9,v9,0,100,10100,continuum_2200_2400,152,0.2517007827896008,0.6965515918242408
Cell 15 v9,v9,0,100,10100,FE,167,0.1880308339123505,0.5697744659961795
Cell 15 v9,v9,0,100,10100,equal_region_mean,,0.23480149789450727,
Cell 15 v9,v9,0,101,10100,full,2074,0.22590852369790973,0.6446395561472155
Cell 15 v9,v9,0,101,10100,Bi-214,21,0.28276969828307363,0.7950591677443651
Cell 15 v9,v9,0,101,10100,continuum_1700_2000,154,0.2498977235828349,0.6929495240045327
Cell 15 v9,v9,0,101,10100,SE,36,0.20179312506420333,0.595870402905796
Cell 15 v9,v9,0,101,10100,continuum_2200_2400,152,0.25165422011226235,0.6964582431153615
Cell 15 v9,v9,0,101,10100,FE,167,0.18840814168943523,0.5713383401064274
Cell 15 v9,v9,0,101,10100,equal_region_mean,,0.2349045817463619,
Cell 15 v9,v9,0,102,10100,full,2074,0.22597705012366093,0.6448476979413925
Cell 15 v9,v9,0,102,10100,Bi-214,21,0.2827960001856922,0.7951444754644916
Cell 15 v9,v9,0,102,10100,continuum_1700_2000,154,0.24990650897334596,0.692967071480584
Cell 15 v9,v9,0,102,10100,SE,36,0.2017372242740541,0.595747602113626
Cell 15 v9,v9,0,102,10100,continuum_2200_2400,152,0.25154702886121977,0.6962436195328928
Cell 15 v9,v9,0,102,10100,FE,167,0.1885562484093549,0.5719176381396137
Cell 15 v9,v9,0,102,10100,equal_region_mean,,0.2349086021407334,
Cell 15 v9,v9,0,103,10100,full,2074,0.22600357679968575,0.6448990340111569
Cell 15 v9,v9,0,103,10100,Bi-214,21,0.2825355184845936,0.7941537876736194
Cell 15 v9,v9,0,103,10100,continuum_1700_2000,154,0.2499394583971118,0.6930331355627088
Cell 15 v9,v9,0,103,10100,SE,36,0.20166608376663964,0.5956104307445026
Cell 15 v9,v9,0,103,10100,continuum_2200_2400,152,0.25155277822525784,0.6962553149899475
Cell 15 v9,v9,0,103,10100,FE,167,0.18843091118357524,0.5714144530537035
Cell 15 v9,v9,0,103,10100,equal_region_mean,,0.2348249500114356,
Cell 15 v9,v9,0,104,10100,full,2074,0.22589663496523085,0.6445652856188253
Cell 15 v9,v9,0,104,10100,Bi-214,21,0.28284830866911,0.7952918226894267
Cell 15 v9,v9,0,104,10100,continuum_1700_2000,154,0.2499179274068087,0.6929899454002778
Cell 15 v9,v9,0,104,10100,SE,36,0.20166421677485197,0.5956053043095328
Cell 15 v9,v9,0,104,10100,continuum_2200_2400,152,0.25153979054867026,0.6962293659423144
Cell 15 v9,v9,0,104,10100,FE,167,0.18802004196763605,0.5697526425460465
Cell 15 v9,v9,0,104,10100,equal_region_mean,,0.2347980570734154,
Cell 15 v9,v9,0,105,10100,full,2074,0.2260463358055841,0.6449376437231474
Cell 15 v9,v9,0,105,10100,Bi-214,21,0.28284291103733983,0.7952447457210388
Cell 15 v9,v9,0,105,10100,continuum_1700_2000,154,0.24989522545015722,0.6929445086932982
Cell 15 v9,v9,0,105,10100,SE,36,0.20190649940988645,0.5961815401499438
Cell 15 v9,v9,0,105,10100,continuum_2200_2400,152,0.2517378127862344,0.6966257182265603
Cell 15 v9,v9,0,105,10100,FE,167,0.18809769651889538,0.5700627744418514
Cell 15 v9,v9,0,105,10100,equal_region_mean,,0.23489602904050266,
Cell 15 v9,v9,0,106,10100,full,2074,0.22593572225650532,0.6446663595332865
Cell 15 v9,v9,0,106,10100,Bi-214,21,0.28256464081797883,0.7943208507793703
Cell 15 v9,v9,0,106,10100,continuum_1700_2000,154,0.24987908666290867,0.6929122471532557
Cell 15 v9,v9,0,106,10100,SE,36,0.20190376517833483,0.5961363900444481
Cell 15 v9,v9,0,106,10100,continuum_2200_2400,152,0.2517036164801901,0.6965571397517016
Cell 15 v9,v9,0,106,10100,FE,167,0.18807941652927426,0.5700012714771875
Cell 15 v9,v9,0,106,10100,equal_region_mean,,0.23482610513373733,
Cell 15 v9,v9,0,107,10100,full,2074,0.2258726419281956,0.6445472926868252
Cell 15 v9,v9,0,107,10100,Bi-214,21,0.2825970007216031,0.7944605516270398
Cell 15 v9,v9,0,107,10100,continuum_1700_2000,154,0.24991986978650663,0.6929938771181507
Cell 15 v9,v9,0,107,10100,SE,36,0.20169604554123183,0.5956813888280128
Cell 15 v9,v9,0,107,10100,continuum_2200_2400,152,0.2515721434623523,0.6962939612609563
Cell 15 v9,v9,0,107,10100,FE,167,0.1883714229316522,0.5711851518467403
Cell 15 v9,v9,0,107,10100,equal_region_mean,,0.23483129648866924,
Cell 15 v9,v9,0,108,10100,full,2074,0.2259757792860643,0.6448435857241912
Cell 15 v9,v9,0,108,10100,Bi-214,21,0.28270598079534565,0.7948041827432173
Cell 15 v9,v9,0,108,10100,continuum_1700_2000,154,0.24992117818286352,0.692996454496402
Cell 15 v9,v9,0,108,10100,SE,36,0.20167725775539208,0.5956112687146227
Cell 15 v9,v9,0,108,10100,continuum_2200_2400,152,0.2515460315123772,0.6962418173244257
Cell 15 v9,v9,0,108,10100,FE,167,0.18846470111531796,0.5715424281437936
Cell 15 v9,v9,0,108,10100,equal_region_mean,,0.2348630298722593,
Cell 15 v9,v9,0,109,10100,full,2074,0.2259632558340904,0.6448014071973588
Cell 15 v9,v9,0,109,10100,Bi-214,21,0.2829855107129258,0.7957247189803731
Cell 15 v9,v9,0,109,10100,continuum_1700_2000,154,0.2499048594020183,0.6929636044371966
Cell 15 v9,v9,0,109,10100,SE,36,0.20163344329247396,0.5955286333910338
Cell 15 v9,v9,0,109,10100,continuum_2200_2400,152,0.25157560706328413,0.696301035603649
Cell 15 v9,v9,0,109,10100,FE,167,0.18850061024421833,0.5716853267508911
Cell 15 v9,v9,0,109,10100,equal_region_mean,,0.23492000614298414,
Cell 15 v5,v5,0,100,10100,full,2074,0.22582983181083757,0.6441321182994043
Cell 15 v5,v5,0,100,10100,Bi-214,21,0.2800742673638056,0.7844150820513055
Cell 15 v5,v5,0,100,10100,continuum_1700_2000,154,0.25078855373067716,0.6947304155024274
Cell 15 v5,v5,0,100,10100,SE,36,0.20566914680280857,0.6039223979816543
Cell 15 v5,v5,0,100,10100,continuum_2200_2400,152,0.25083971394174576,0.6948685621326547
Cell 15 v5,v5,0,100,10100,FE,167,0.1857149088093696,0.5616083870243563
Cell 15 v5,v5,0,100,10100,equal_region_mean,,0.23461731812968134,
Cell 15 v5,v5,0,101,10100,full,2074,0.2257587065434441,0.6439967545452381
Cell 15 v5,v5,0,101,10100,Bi-214,21,0.2806552358603752,0.7863881332415342
Cell 15 v5,v5,0,101,10100,continuum_1700_2000,154,0.2506941396812289,0.6945407494180368
Cell 15 v5,v5,0,101,10100,SE,36,0.20549198146546663,0.6037966968417686
Cell 15 v5,v5,0,101,10100,continuum_2200_2400,152,0.2509439766565306,0.6950834052208558
Cell 15 v5,v5,0,101,10100,FE,167,0.18594776117728215,0.5626012279709116
Cell 15 v5,v5,0,101,10100,equal_region_mean,,0.2347466189681767,
Cell 15 v5,v5,0,102,10100,full,2074,0.22582441435646775,0.6442280601375805
Cell 15 v5,v5,0,102,10100,Bi-214,21,0.28056587641757885,0.786084371107503
Cell 15 v5,v5,0,102,10100,continuum_1700_2000,154,0.2506417443443088,0.694436158406732
Cell 15 v5,v5,0,102,10100,SE,36,0.20506739964612525,0.6031523752863378
Cell 15 v5,v5,0,102,10100,continuum_2200_2400,152,0.25091531119229166,0.6950277600544312
Cell 15 v5,v5,0,102,10100,FE,167,0.1861046085802763,0.5631795061535957
Cell 15 v5,v5,0,102,10100,equal_region_mean,,0.23465898803611615,
Cell 15 v5,v5,0,103,10100,full,2074,0.22586031100986972,0.6442680593726017
Cell 15 v5,v5,0,103,10100,Bi-214,21,0.28039439062433236,0.7855168337095357
Cell 15 v5,v5,0,103,10100,continuum_1700_2000,154,0.2506726552959924,0.6944982379188107
Cell 15 v5,v5,0,103,10100,SE,36,0.20521368034715343,0.6035119241076284
Cell 15 v5,v5,0,103,10100,continuum_2200_2400,152,0.2509083534354249,0.6950104189620083
Cell 15 v5,v5,0,103,10100,FE,167,0.18587483731808793,0.5622952094011988
Cell 15 v5,v5,0,103,10100,equal_region_mean,,0.23461278340419817,
Cell 15 v5,v5,0,104,10100,full,2074,0.22575858202125101,0.6439291594755642
Cell 15 v5,v5,0,104,10100,Bi-214,21,0.28057774230715743,0.786086023227673
Cell 15 v5,v5,0,104,10100,continuum_1700_2000,154,0.2506681913210959,0.6944890633811783
Cell 15 v5,v5,0,104,10100,SE,36,0.20527804617734305,0.6035916933447711
Cell 15 v5,v5,0,104,10100,continuum_2200_2400,152,0.250789564032568,0.6947681339174124
Cell 15 v5,v5,0,104,10100,FE,167,0.18548586378528137,0.5607523506557152
Cell 15 v5,v5,0,104,10100,equal_region_mean,,0.23455988152468915,
Cell 15 v5,v5,0,105,10100,full,2074,0.22591762040936858,0.6443423019805999
Cell 15 v5,v5,0,105,10100,Bi-214,21,0.2804740023714494,0.7856976390162913
Cell 15 v5,v5,0,105,10100,continuum_1700_2000,154,0.250766636038608,0.6946861016664931
Cell 15 v5,v5,0,105,10100,SE,36,0.20572193387428703,0.6039623375587104
Cell 15 v5,v5,0,105,10100,continuum_2200_2400,152,0.2508458016662617,0.6948806100345907
Cell 15 v5,v5,0,105,10100,FE,167,0.18563709407479573,0.5613350250991456
Cell 15 v5,v5,0,105,10100,equal_region_mean,,0.23468909360508036,
Cell 15 v5,v5,0,106,10100,full,2074,0.22583354480617032,0.6441519165386504
Cell 15 v5,v5,0,106,10100,Bi-214,21,0.28024271587609373,0.7849531412821475
Cell 15 v5,v5,0,106,10100,continuum_1700_2000,154,0.25084186140142634,0.694836891444361
Cell 15 v5,v5,0,106,10100,SE,36,0.20611286534919449,0.6046702832807186
Cell 15 v5,v5,0,106,10100,continuum_2200_2400,152,0.25083084466995004,0.6948482380135976
Cell 15 v5,v5,0,106,10100,FE,167,0.1857183079512557,0.561648738354895
Cell 15 v5,v5,0,106,10100,equal_region_mean,,0.23474931904958404,
Cell 15 v5,v5,0,107,10100,full,2074,0.2257168698995253,0.6439309778378214
Cell 15 v5,v5,0,107,10100,Bi-214,21,0.28026021926167693,0.7850517158342223
Cell 15 v5,v5,0,107,10100,continuum_1700_2000,154,0.2506278441852326,0.6944085312722442
Cell 15 v5,v5,0,107,10100,SE,36,0.20510360762189536,0.6033111434136578
Cell 15 v5,v5,0,107,10100,continuum_2200_2400,152,0.25093084517695063,0.6950585505238704
Cell 15 v5,v5,0,107,10100,FE,167,0.18597597476754976,0.5626825759955009
Cell 15 v5,v5,0,107,10100,equal_region_mean,,0.23457969820266106,
Cell 15 v5,v5,0,108,10100,full,2074,0.2258089614200715,0.6441781751338111
Cell 15 v5,v5,0,108,10100,Bi-214,21,0.280454728295011,0.7856574483882278
Cell 15 v5,v5,0,108,10100,continuum_1700_2000,154,0.25068439075520693,0.6945216746449829
Cell 15 v5,v5,0,108,10100,SE,36,0.2052287393290839,0.6035412729614748
Cell 15 v5,v5,0,108,10100,continuum_2200_2400,152,0.25094514269543183,0.6950872554407053
Cell 15 v5,v5,0,108,10100,FE,167,0.1859805862416323,0.562695353953474
Cell 15 v5,v5,0,108,10100,equal_region_mean,,0.23465871746327321,
Cell 15 v5,v5,0,109,10100,full,2074,0.22579594982472362,0.6441232206822957
Cell 15 v5,v5,0,109,10100,Bi-214,21,0.28054106972553694,0.7859023641309086
Cell 15 v5,v5,0,109,10100,continuum_1700_2000,154,0.25060248380058886,0.69435747762893
Cell 15 v5,v5,0,109,10100,SE,36,0.2050670184497548,0.6032718930843495
Cell 15 v5,v5,0,109,10100,continuum_2200_2400,152,0.25095638011577637,0.6951097581097454
Cell 15 v5,v5,0,109,10100,FE,167,0.1859499956940623,0.5626132973623924
Cell 15 v5,v5,0,109,10100,equal_region_mean,,0.23462338955714385,
Cell 17,cell17,0,100,10100,full,2074,0.22562319286813629,0.6438495788753521
Cell 17,cell17,0,100,10100,Bi-214,21,0.28205253626920507,0.7895827126310263
Cell 17,cell17,0,100,10100,continuum_1700_2000,154,0.24914827357421165,0.6914452507084835
Cell 17,cell17,0,100,10100,SE,36,0.2004300987604296,0.5919484485931052
Cell 17,cell17,0,100,10100,continuum_2200_2400,152,0.2512823318842936,0.6957154876260007
Cell 17,cell17,0,100,10100,FE,167,0.18749451143989762,0.567613178692886
Cell 17,cell17,0,100,10100,equal_region_mean,,0.23408155038560752,
Cell 17,cell17,0,101,10100,full,2074,0.2255834382327517,0.6437938150331289
Cell 17,cell17,0,101,10100,Bi-214,21,0.2823645662504517,0.7906471148890484
Cell 17,cell17,0,101,10100,continuum_1700_2000,154,0.24912057274785784,0.6913896259856207
Cell 17,cell17,0,101,10100,SE,36,0.20042249736465254,0.5919611679669754
Cell 17,cell17,0,101,10100,continuum_2200_2400,152,0.25127717560534824,0.6957056869429662
Cell 17,cell17,0,101,10100,FE,167,0.1879819166232967,0.5695759067232461
Cell 17,cell17,0,101,10100,equal_region_mean,,0.23423334571832138,
Cell 17,cell17,0,102,10100,full,2074,0.22564935275907788,0.6440108800701837
Cell 17,cell17,0,102,10100,Bi-214,21,0.2823873745818854,0.7907748039288081
Cell 17,cell17,0,102,10100,continuum_1700_2000,154,0.24912248931393002,0.6913935703880627
Cell 17,cell17,0,102,10100,SE,36,0.2004261868130783,0.5920386807285439
Cell 17,cell17,0,102,10100,continuum_2200_2400,152,0.2512145538683834,0.6955807148257717
Cell 17,cell17,0,102,10100,FE,167,0.1881731884403852,0.5703159129638701
Cell 17,cell17,0,102,10100,equal_region_mean,,0.23426475860353246,
Cell 17,cell17,0,103,10100,full,2074,0.2256709931152476,0.6440507482992957
Cell 17,cell17,0,103,10100,Bi-214,21,0.28209721523026154,0.7896811349095826
Cell 17,cell17,0,103,10100,continuum_1700_2000,154,0.24913514639136597,0.6914188810460798
Cell 17,cell17,0,103,10100,SE,36,0.20040128400643964,0.5920648818450207
Cell 17,cell17,0,103,10100,continuum_2200_2400,152,0.25124692705644863,0.6956456764842547
Cell 17,cell17,0,103,10100,FE,167,0.18801837734642604,0.5696981063127362
Cell 17,cell17,0,103,10100,equal_region_mean,,0.23417979000618838,
Cell 17,cell17,0,104,10100,full,2074,0.2255621418968776,0.6436899942908471
Cell 17,cell17,0,104,10100,Bi-214,21,0.28243867211462614,0.7908739095864826
Cell 17,cell17,0,104,10100,continuum_1700_2000,154,0.24912502468257455,0.6913986254068913
Cell 17,cell17,0,104,10100,SE,36,0.20041500231346415,0.592094675176589
Cell 17,cell17,0,104,10100,continuum_2200_2400,152,0.2512128089783744,0.6955770435363826
Cell 17,cell17,0,104,10100,FE,167,0.1874687008314737,0.5675437597686213
Cell 17,cell17,0,104,10100,equal_region_mean,,0.23413204178410263,
Cell 17,cell17,0,105,10100,full,2074,0.2256843400351902,0.6440158945161648
Cell 17,cell17,0,105,10100,Bi-214,21,0.2824308002008967,0.7908294347113971
Cell 17,cell17,0,105,10100,continuum_1700_2000,154,0.24914166080157815,0.6914319447577904
Cell 17,cell17,0,105,10100,SE,36,0.20042104561269025,0.5919015026388448
Cell 17,cell17,0,105,10100,continuum_2200_2400,152,0.25125700876723495,0.6956648249546047
Cell 17,cell17,0,105,10100,FE,167,0.18758331704522824,0.5679841286392948
Cell 17,cell17,0,105,10100,equal_region_mean,,0.23416676648552565,
Cell 17,cell17,0,106,10100,full,2074,0.22559349221052785,0.6437791480965526
Cell 17,cell17,0,106,10100,Bi-214,21,0.28213042248659664,0.7898413853970797
Cell 17,cell17,0,106,10100,continuum_1700_2000,154,0.24913584748220038,0.6914203812924639
Cell 17,cell17,0,106,10100,SE,36,0.20043636155996072,0.5919260780165467
Cell 17,cell17,0,106,10100,continuum_2200_2400,152,0.25125383910416055,0.695658420210262
Cell 17,cell17,0,106,10100,FE,167,0.1875797465469832,0.5679685084461537
Cell 17,cell17,0,106,10100,equal_region_mean,,0.23410724343598027,
Cell 17,cell17,0,107,10100,full,2074,0.22555564905082898,0.6437194580283129
Cell 17,cell17,0,107,10100,Bi-214,21,0.28217250817626444,0.7900282299875963
Cell 17,cell17,0,107,10100,continuum_1700_2000,154,0.24912371292051405,0.6913960018462211
Cell 17,cell17,0,107,10100,SE,36,0.2004406879770793,0.5921433585586624
Cell 17,cell17,0,107,10100,continuum_2200_2400,152,0.2512291104182927,0.6956095652917426
Cell 17,cell17,0,107,10100,FE,167,0.18794422342725228,0.5694195308484777
Cell 17,cell17,0,107,10100,equal_region_mean,,0.23418204858388053,
Cell 17,cell17,0,108,10100,full,2074,0.22565025220632673,0.6440092334484363
Cell 17,cell17,0,108,10100,Bi-214,21,0.2822699671572235,0.7903254023461201
Cell 17,cell17,0,108,10100,continuum_1700_2000,154,0.24912705336103733,0.6914026504143757
Cell 17,cell17,0,108,10100,SE,36,0.2004140880222571,0.5920691853639881
Cell 17,cell17,0,108,10100,continuum_2200_2400,152,0.2512472149539816,0.6956462793065398
Cell 17,cell17,0,108,10100,FE,167,0.18804878121867524,0.5698163192971819
Cell 17,cell17,0,108,10100,equal_region_mean,,0.23422142094263498,
Cell 17,cell17,0,109,10100,full,2074,0.22563347698779992,0.643957936191074
Cell 17,cell17,0,109,10100,Bi-214,21,0.2825951101343217,0.7913938416441708
Cell 17,cell17,0,109,10100,continuum_1700_2000,154,0.249094343692873,0.6913370824661957
Cell 17,cell17,0,109,10100,SE,36,0.20038194013923036,0.5920250890422021
Cell 17,cell17,0,109,10100,continuum_2200_2400,152,0.25125596316995,0.6956636573948032
Cell 17,cell17,0,109,10100,FE,167,0.18810270755618122,0.5700307245042806
Cell 17,cell17,0,109,10100,equal_region_mean,,0.23428601293851128,
