method,architecture_id,training_seed,context_seed,region_id,region,valid_bin_count,excluded_bin_count,events_in_valid_bins,mae_percentage_points,rmse_percentage_points
Attentive CNP + PE,m2,0,100,full,Full 500-3000 keV,442,58,114299,8.92589607504761,11.161436237947719
Attentive CNP + PE,m2,0,100,DEP,Tl-208 DEP 1592 keV,6,0,1323,7.094211960510914,8.221034868151854
Attentive CNP + PE,m2,0,100,Bi-214,Bi-212 1620.74-keV feature,6,0,1361,8.934031977446978,10.50617832348963
Attentive CNP + PE,m2,0,100,continuum_1700_2000,Continuum 1700-2000 keV,60,0,8230,8.133872715516437,10.088234137358427
Attentive CNP + PE,m2,0,100,SE,Tl-208 SE 2103 keV,6,0,2023,6.468680053489473,8.010932395052302
Attentive CNP + PE,m2,0,100,continuum_2200_2400,Continuum 2200-2400 keV,40,0,9093,8.56774451799428,9.72718990470627
Attentive CNP + PE,m2,0,100,FE,Tl-208 FE 2614 keV,5,1,8709,6.5074008452527625,7.96518596468734
Attentive CNP + PE,m2,0,100,sparse_tail,Sparse tail 2700-3000 keV,13,47,68,24.23981022144931,25.971045689295853
Attentive CNP + PE,m2,0,101,full,Full 500-3000 keV,442,58,114299,9.123389874164047,11.340211867959221
Attentive CNP + PE,m2,0,101,DEP,Tl-208 DEP 1592 keV,6,0,1323,7.172405043608561,8.424823823145234
Attentive CNP + PE,m2,0,101,Bi-214,Bi-212 1620.74-keV feature,6,0,1361,9.115138260739249,10.784236162205987
Attentive CNP + PE,m2,0,101,continuum_1700_2000,Continuum 1700-2000 keV,60,0,8230,8.35750841249468,10.328586026655486
Attentive CNP + PE,m2,0,101,SE,Tl-208 SE 2103 keV,6,0,2023,6.759195212462461,8.31388747338843
Attentive CNP + PE,m2,0,101,continuum_2200_2400,Continuum 2200-2400 keV,40,0,9093,8.981152398927064,10.15472143992691
Attentive CNP + PE,m2,0,101,FE,Tl-208 FE 2614 keV,5,1,8709,6.6854819405025205,8.202628545010647
Attentive CNP + PE,m2,0,101,sparse_tail,Sparse tail 2700-3000 keV,13,47,68,23.97732187551268,25.728615909482315
Attentive CNP + PE,m2,0,102,full,Full 500-3000 keV,442,58,114299,9.025469851507605,11.269737834069044
Attentive CNP + PE,m2,0,102,DEP,Tl-208 DEP 1592 keV,6,0,1323,7.071118167578634,8.244833065498774
Attentive CNP + PE,m2,0,102,Bi-214,Bi-212 1620.74-keV feature,6,0,1361,9.008234312045165,10.6994128708114
Attentive CNP + PE,m2,0,102,continuum_1700_2000,Continuum 1700-2000 keV,60,0,8230,8.265500683198814,10.236646555422404
Attentive CNP + PE,m2,0,102,SE,Tl-208 SE 2103 keV,6,0,2023,6.608158274363827,8.126650152663663
Attentive CNP + PE,m2,0,102,continuum_2200_2400,Continuum 2200-2400 keV,40,0,9093,8.833401450032023,10.020697125337465
Attentive CNP + PE,m2,0,102,FE,Tl-208 FE 2614 keV,5,1,8709,6.646353479748424,8.177050693883785
Attentive CNP + PE,m2,0,102,sparse_tail,Sparse tail 2700-3000 keV,13,47,68,24.22625279131375,26.00192234819194
Attentive CNP + PE,m2,0,103,full,Full 500-3000 keV,442,58,114299,9.165440036933546,11.36952855304536
Attentive CNP + PE,m2,0,103,DEP,Tl-208 DEP 1592 keV,6,0,1323,7.222180703926156,8.49979952836374
Attentive CNP + PE,m2,0,103,Bi-214,Bi-212 1620.74-keV feature,6,0,1361,9.165381277619026,10.809040117820924
Attentive CNP + PE,m2,0,103,continuum_1700_2000,Continuum 1700-2000 keV,60,0,8230,8.385213429165244,10.354733853341239
Attentive CNP + PE,m2,0,103,SE,Tl-208 SE 2103 keV,6,0,2023,6.836286842695885,8.373190708322596
Attentive CNP + PE,m2,0,103,continuum_2200_2400,Continuum 2200-2400 keV,40,0,9093,8.995098217862761,10.161740309741568
Attentive CNP + PE,m2,0,103,FE,Tl-208 FE 2614 keV,5,1,8709,6.687097898104681,8.193857926036761
Attentive CNP + PE,m2,0,103,sparse_tail,Sparse tail 2700-3000 keV,13,47,68,23.87925206951122,25.613883277330125
Attentive CNP + PE,m2,0,104,full,Full 500-3000 keV,442,58,114299,8.373921448026083,10.708803433534847
Attentive CNP + PE,m2,0,104,DEP,Tl-208 DEP 1592 keV,6,0,1323,6.737084415786164,7.551581146559455
Attentive CNP + PE,m2,0,104,Bi-214,Bi-212 1620.74-keV feature,6,0,1361,8.323404757845655,9.797808314550835
Attentive CNP + PE,m2,0,104,continuum_1700_2000,Continuum 1700-2000 keV,60,0,8230,7.556117003025063,9.493378921505627
Attentive CNP + PE,m2,0,104,SE,Tl-208 SE 2103 keV,6,0,2023,5.61928966794821,7.104060634808899
Attentive CNP + PE,m2,0,104,continuum_2200_2400,Continuum 2200-2400 keV,40,0,9093,7.569812752962384,8.706669977016485
Attentive CNP + PE,m2,0,104,FE,Tl-208 FE 2614 keV,5,1,8709,6.120265215674976,7.491720948687923
Attentive CNP + PE,m2,0,104,sparse_tail,Sparse tail 2700-3000 keV,13,47,68,25.309139232590006,27.0447099763445
Attentive CNP + PE,m2,0,105,full,Full 500-3000 keV,442,58,114299,8.564733950256102,10.862515726251308
Attentive CNP + PE,m2,0,105,DEP,Tl-208 DEP 1592 keV,6,0,1323,6.8709130586529525,7.795293736790569
Attentive CNP + PE,m2,0,105,Bi-214,Bi-212 1620.74-keV feature,6,0,1361,8.554579497652865,10.055958679228901
Attentive CNP + PE,m2,0,105,continuum_1700_2000,Continuum 1700-2000 keV,60,0,8230,7.763290241560353,9.70415980548969
Attentive CNP + PE,m2,0,105,SE,Tl-208 SE 2103 keV,6,0,2023,5.926941444708384,7.429133107371627
Attentive CNP + PE,m2,0,105,continuum_2200_2400,Continuum 2200-2400 keV,40,0,9093,7.919707514197734,9.068929604907527
Attentive CNP + PE,m2,0,105,FE,Tl-208 FE 2614 keV,5,1,8709,6.264975255634591,7.667247814231619
Attentive CNP + PE,m2,0,105,sparse_tail,Sparse tail 2700-3000 keV,13,47,68,24.85445526984938,26.58578693846773
Attentive CNP + PE,m2,0,106,full,Full 500-3000 keV,442,58,114299,8.732382038465952,11.019926634866804
Attentive CNP + PE,m2,0,106,DEP,Tl-208 DEP 1592 keV,6,0,1323,6.910912779845534,7.915189630388696
Attentive CNP + PE,m2,0,106,Bi-214,Bi-212 1620.74-keV feature,6,0,1361,8.714557380030929,10.329453238959326
Attentive CNP + PE,m2,0,106,continuum_1700_2000,Continuum 1700-2000 keV,60,0,8230,7.962162434672641,9.907834481013882
Attentive CNP + PE,m2,0,106,SE,Tl-208 SE 2103 keV,6,0,2023,6.184229777249023,7.668977319809002
Attentive CNP + PE,m2,0,106,continuum_2200_2400,Continuum 2200-2400 keV,40,0,9093,8.279482326536055,9.458220610056525
Attentive CNP + PE,m2,0,106,FE,Tl-208 FE 2614 keV,5,1,8709,6.42657045135048,7.897767946183443
Attentive CNP + PE,m2,0,106,sparse_tail,Sparse tail 2700-3000 keV,13,47,68,24.684543668160853,26.451987530040793
Attentive CNP + PE,m2,0,107,full,Full 500-3000 keV,442,58,114299,9.161837962686214,11.37964388152112
Attentive CNP + PE,m2,0,107,DEP,Tl-208 DEP 1592 keV,6,0,1323,7.175671710152237,8.447317488019882
Attentive CNP + PE,m2,0,107,Bi-214,Bi-212 1620.74-keV feature,6,0,1361,9.13711043605357,10.834296538478204
Attentive CNP + PE,m2,0,107,continuum_1700_2000,Continuum 1700-2000 keV,60,0,8230,8.402100758780987,10.381460809472012
Attentive CNP + PE,m2,0,107,SE,Tl-208 SE 2103 keV,6,0,2023,6.811980041658357,8.363451331467754
Attentive CNP + PE,m2,0,107,continuum_2200_2400,Continuum 2200-2400 keV,40,0,9093,9.082047241490674,10.257937916213402
Attentive CNP + PE,m2,0,107,FE,Tl-208 FE 2614 keV,5,1,8709,6.756974457163628,8.304683625750782
Attentive CNP + PE,m2,0,107,sparse_tail,Sparse tail 2700-3000 keV,13,47,68,23.953669567192854,25.71639756900789
Attentive CNP + PE,m2,0,108,full,Full 500-3000 keV,442,58,114299,9.084834444950657,11.296333554874169
Attentive CNP + PE,m2,0,108,DEP,Tl-208 DEP 1592 keV,6,0,1323,7.179544260575496,8.436350291259597
Attentive CNP + PE,m2,0,108,Bi-214,Bi-212 1620.74-keV feature,6,0,1361,9.075905729270445,10.719399130215294
Attentive CNP + PE,m2,0,108,continuum_1700_2000,Continuum 1700-2000 keV,60,0,8230,8.335142008206828,10.304535899527446
Attentive CNP + PE,m2,0,108,SE,Tl-208 SE 2103 keV,6,0,2023,6.71390349581527,8.284692688537321
Attentive CNP + PE,m2,0,108,continuum_2200_2400,Continuum 2200-2400 keV,40,0,9093,8.949934722560721,10.12763917237084
Attentive CNP + PE,m2,0,108,FE,Tl-208 FE 2614 keV,5,1,8709,6.729185618161934,8.255550841717618
Attentive CNP + PE,m2,0,108,sparse_tail,Sparse tail 2700-3000 keV,13,47,68,23.852847309898806,25.586962234775285
Attentive CNP + PE,m2,0,109,full,Full 500-3000 keV,442,58,114299,9.084742273384414,11.30680961804504
Attentive CNP + PE,m2,0,109,DEP,Tl-208 DEP 1592 keV,6,0,1323,7.1601703115850475,8.361311723186354
Attentive CNP + PE,m2,0,109,Bi-214,Bi-212 1620.74-keV feature,6,0,1361,9.091348670513199,10.725917315821778
Attentive CNP + PE,m2,0,109,continuum_1700_2000,Continuum 1700-2000 keV,60,0,8230,8.296418301566503,10.261109506358643
Attentive CNP + PE,m2,0,109,SE,Tl-208 SE 2103 keV,6,0,2023,6.67513364264002,8.22141866612293
Attentive CNP + PE,m2,0,109,continuum_2200_2400,Continuum 2200-2400 keV,40,0,9093,8.845841266544442,10.016462695078838
Attentive CNP + PE,m2,0,109,FE,Tl-208 FE 2614 keV,5,1,8709,6.624754614024278,8.124621897337638
Attentive CNP + PE,m2,0,109,sparse_tail,Sparse tail 2700-3000 keV,13,47,68,24.103342073134453,25.8518630374893
Attentive CNP + PE,m2,1,100,full,Full 500-3000 keV,442,58,114299,8.442710043116008,10.863410518695005
Attentive CNP + PE,m2,1,100,DEP,Tl-208 DEP 1592 keV,6,0,1323,6.03929138106108,7.436899111874674
Attentive CNP + PE,m2,1,100,Bi-214,Bi-212 1620.74-keV feature,6,0,1361,8.121855210484338,10.11428055910196
Attentive CNP + PE,m2,1,100,continuum_1700_2000,Continuum 1700-2000 keV,60,0,8230,7.142759982525643,8.880224843408964
Attentive CNP + PE,m2,1,100,SE,Tl-208 SE 2103 keV,6,0,2023,5.031942426107294,6.678355737348435
Attentive CNP + PE,m2,1,100,continuum_2200_2400,Continuum 2200-2400 keV,40,0,9093,7.433186146038687,8.888227873199707
Attentive CNP + PE,m2,1,100,FE,Tl-208 FE 2614 keV,5,1,8709,4.181768940376835,5.2552851287724165
Attentive CNP + PE,m2,1,100,sparse_tail,Sparse tail 2700-3000 keV,13,47,68,23.23997780878892,27.874145886132506
Attentive CNP + PE,m2,1,101,full,Full 500-3000 keV,442,58,114299,8.609234983106678,11.003857325779121
Attentive CNP + PE,m2,1,101,DEP,Tl-208 DEP 1592 keV,6,0,1323,6.1110155103628845,7.576842728585767
Attentive CNP + PE,m2,1,101,Bi-214,Bi-212 1620.74-keV feature,6,0,1361,8.103438645399956,10.130035643166948
Attentive CNP + PE,m2,1,101,continuum_1700_2000,Continuum 1700-2000 keV,60,0,8230,7.398098790883778,9.165237074495646
Attentive CNP + PE,m2,1,101,SE,Tl-208 SE 2103 keV,6,0,2023,5.071793184013628,6.78038969343699
Attentive CNP + PE,m2,1,101,continuum_2200_2400,Continuum 2200-2400 keV,40,0,9093,7.866041794609446,9.30148073882533
Attentive CNP + PE,m2,1,101,FE,Tl-208 FE 2614 keV,5,1,8709,4.372891890803934,5.460961966613623
Attentive CNP + PE,m2,1,101,sparse_tail,Sparse tail 2700-3000 keV,13,47,68,23.082119846174287,27.756406552502895
Attentive CNP + PE,m2,1,102,full,Full 500-3000 keV,442,58,114299,8.501267161015196,10.93383222886755
Attentive CNP + PE,m2,1,102,DEP,Tl-208 DEP 1592 keV,6,0,1323,5.992415459547642,7.408037750403398
Attentive CNP + PE,m2,1,102,Bi-214,Bi-212 1620.74-keV feature,6,0,1361,8.09117690220076,10.038965403310643
Attentive CNP + PE,m2,1,102,continuum_1700_2000,Continuum 1700-2000 keV,60,0,8230,7.250008674750476,9.016816034174191
Attentive CNP + PE,m2,1,102,SE,Tl-208 SE 2103 keV,6,0,2023,4.970673036906303,6.631155737966397
Attentive CNP + PE,m2,1,102,continuum_2200_2400,Continuum 2200-2400 keV,40,0,9093,7.578082020441465,9.025265093915277
Attentive CNP + PE,m2,1,102,FE,Tl-208 FE 2614 keV,5,1,8709,4.157774392179787,5.214642763628056
Attentive CNP + PE,m2,1,102,sparse_tail,Sparse tail 2700-3000 keV,13,47,68,23.485262955968402,28.1602945536335
Attentive CNP + PE,m2,1,103,full,Full 500-3000 keV,442,58,114299,8.545670109452958,10.943197432729209
Attentive CNP + PE,m2,1,103,DEP,Tl-208 DEP 1592 keV,6,0,1323,6.140582676295022,7.572502837747386
Attentive CNP + PE,m2,1,103,Bi-214,Bi-212 1620.74-keV feature,6,0,1361,8.15960377606322,10.214873311844878
Attentive CNP + PE,m2,1,103,continuum_1700_2000,Continuum 1700-2000 keV,60,0,8230,7.2578398045511054,9.013551613584065
Attentive CNP + PE,m2,1,103,SE,Tl-208 SE 2103 keV,6,0,2023,5.141538943540286,6.8095420042600985
Attentive CNP + PE,m2,1,103,continuum_2200_2400,Continuum 2200-2400 keV,40,0,9093,7.697786613201426,9.149078987744682
Attentive CNP + PE,m2,1,103,FE,Tl-208 FE 2614 keV,5,1,8709,4.340550659295863,5.418615187597018
Attentive CNP + PE,m2,1,103,sparse_tail,Sparse tail 2700-3000 keV,13,47,68,23.033307091767107,27.663488451954027
Attentive CNP + PE,m2,1,104,full,Full 500-3000 keV,442,58,114299,8.032959586686053,10.57757958068193
Attentive CNP + PE,m2,1,104,DEP,Tl-208 DEP 1592 keV,6,0,1323,5.3663881557948825,6.777020127981028
Attentive CNP + PE,m2,1,104,Bi-214,Bi-212 1620.74-keV feature,6,0,1361,7.763214210811051,9.35479878132087
Attentive CNP + PE,m2,1,104,continuum_1700_2000,Continuum 1700-2000 keV,60,0,8230,6.789203636190486,8.462359483750435
Attentive CNP + PE,m2,1,104,SE,Tl-208 SE 2103 keV,6,0,2023,4.6404246864415635,6.0323894531235105
Attentive CNP + PE,m2,1,104,continuum_2200_2400,Continuum 2200-2400 keV,40,0,9093,6.583194852898404,8.047337501621216
Attentive CNP + PE,m2,1,104,FE,Tl-208 FE 2614 keV,5,1,8709,3.74674949042891,4.780619950691464
Attentive CNP + PE,m2,1,104,sparse_tail,Sparse tail 2700-3000 keV,13,47,68,24.320635589918297,29.052684619102738
Attentive CNP + PE,m2,1,105,full,Full 500-3000 keV,442,58,114299,8.168298070513883,10.671228296030497
Attentive CNP + PE,m2,1,105,DEP,Tl-208 DEP 1592 keV,6,0,1323,5.625299633698715,7.003849511767222
Attentive CNP + PE,m2,1,105,Bi-214,Bi-212 1620.74-keV feature,6,0,1361,7.941902248920946,9.684194902301572
Attentive CNP + PE,m2,1,105,continuum_1700_2000,Continuum 1700-2000 keV,60,0,8230,6.881664086637559,8.573790924666197
Attentive CNP + PE,m2,1,105,SE,Tl-208 SE 2103 keV,6,0,2023,4.788819427983813,6.2704275195643255
Attentive CNP + PE,m2,1,105,continuum_2200_2400,Continuum 2200-2400 keV,40,0,9093,6.848433529546323,8.305574640810308
Attentive CNP + PE,m2,1,105,FE,Tl-208 FE 2614 keV,5,1,8709,3.7968628347532243,4.8635652678782515
Attentive CNP + PE,m2,1,105,sparse_tail,Sparse tail 2700-3000 keV,13,47,68,23.99538295309426,28.676888421266376
Attentive CNP + PE,m2,1,106,full,Full 500-3000 keV,442,58,114299,8.284712045103856,10.775682074286063
Attentive CNP + PE,m2,1,106,DEP,Tl-208 DEP 1592 keV,6,0,1323,5.676328910405795,7.083295447832148
Attentive CNP + PE,m2,1,106,Bi-214,Bi-212 1620.74-keV feature,6,0,1361,7.919261496850407,9.67849884288886
Attentive CNP + PE,m2,1,106,continuum_1700_2000,Continuum 1700-2000 keV,60,0,8230,7.038469791448056,8.788346446936757
Attentive CNP + PE,m2,1,106,SE,Tl-208 SE 2103 keV,6,0,2023,4.795178987238775,6.326565131877694
Attentive CNP + PE,m2,1,106,continuum_2200_2400,Continuum 2200-2400 keV,40,0,9093,7.141651025230414,8.586741730030756
Attentive CNP + PE,m2,1,106,FE,Tl-208 FE 2614 keV,5,1,8709,3.925156136968952,4.9765791835473
Attentive CNP + PE,m2,1,106,sparse_tail,Sparse tail 2700-3000 keV,13,47,68,23.96489588486275,28.662284393780084
Attentive CNP + PE,m2,1,107,full,Full 500-3000 keV,442,58,114299,8.458929308809052,10.879987772723377
Attentive CNP + PE,m2,1,107,DEP,Tl-208 DEP 1592 keV,6,0,1323,5.9880041552774355,7.42672904657246
Attentive CNP + PE,m2,1,107,Bi-214,Bi-212 1620.74-keV feature,6,0,1361,8.082110078976891,10.04932365466552
Attentive CNP + PE,m2,1,107,continuum_1700_2000,Continuum 1700-2000 keV,60,0,8230,7.217777022978438,8.975578723674307
Attentive CNP + PE,m2,1,107,SE,Tl-208 SE 2103 keV,6,0,2023,5.008209877841276,6.658556400253958
Attentive CNP + PE,m2,1,107,continuum_2200_2400,Continuum 2200-2400 keV,40,0,9093,7.57522256785323,9.031575209690764
Attentive CNP + PE,m2,1,107,FE,Tl-208 FE 2614 keV,5,1,8709,4.3618472428574515,5.476481442975207
Attentive CNP + PE,m2,1,107,sparse_tail,Sparse tail 2700-3000 keV,13,47,68,23.07356956380785,27.805462659826425
Attentive CNP + PE,m2,1,108,full,Full 500-3000 keV,442,58,114299,8.401628947991895,10.813467367884003
Attentive CNP + PE,m2,1,108,DEP,Tl-208 DEP 1592 keV,6,0,1323,5.96055966415527,7.405955371640363
Attentive CNP + PE,m2,1,108,Bi-214,Bi-212 1620.74-keV feature,6,0,1361,8.106492222755064,10.06653598918308
Attentive CNP + PE,m2,1,108,continuum_1700_2000,Continuum 1700-2000 keV,60,0,8230,7.19538846432078,8.949967342893665
Attentive CNP + PE,m2,1,108,SE,Tl-208 SE 2103 keV,6,0,2023,4.973364615248134,6.600513818362969
Attentive CNP + PE,m2,1,108,continuum_2200_2400,Continuum 2200-2400 keV,40,0,9093,7.50160948018659,8.956461458620229
Attentive CNP + PE,m2,1,108,FE,Tl-208 FE 2614 keV,5,1,8709,4.417391267337431,5.558689544659438
Attentive CNP + PE,m2,1,108,sparse_tail,Sparse tail 2700-3000 keV,13,47,68,22.828006480119832,27.51102680366489
Attentive CNP + PE,m2,1,109,full,Full 500-3000 keV,442,58,114299,8.44959018236215,10.880038274994803
Attentive CNP + PE,m2,1,109,DEP,Tl-208 DEP 1592 keV,6,0,1323,6.048395228095441,7.428035065851854
Attentive CNP + PE,m2,1,109,Bi-214,Bi-212 1620.74-keV feature,6,0,1361,8.153891640846025,10.141554428134786
Attentive CNP + PE,m2,1,109,continuum_1700_2000,Continuum 1700-2000 keV,60,0,8230,7.15725542612171,8.902723567701493
Attentive CNP + PE,m2,1,109,SE,Tl-208 SE 2103 keV,6,0,2023,5.045912248729464,6.686654620468481
Attentive CNP + PE,m2,1,109,continuum_2200_2400,Continuum 2200-2400 keV,40,0,9093,7.408831629709602,8.86391930410244
Attentive CNP + PE,m2,1,109,FE,Tl-208 FE 2614 keV,5,1,8709,4.1988839816413925,5.254571378637747
Attentive CNP + PE,m2,1,109,sparse_tail,Sparse tail 2700-3000 keV,13,47,68,23.323846497458955,27.97266247402591
Attentive CNP + PE,m2,2,100,full,Full 500-3000 keV,442,58,114299,7.909472379790114,10.271041305947056
Attentive CNP + PE,m2,2,100,DEP,Tl-208 DEP 1592 keV,6,0,1323,4.685502092457975,5.784809645246828
Attentive CNP + PE,m2,2,100,Bi-214,Bi-212 1620.74-keV feature,6,0,1361,7.647408222942376,8.886065248553779
Attentive CNP + PE,m2,2,100,continuum_1700_2000,Continuum 1700-2000 keV,60,0,8230,6.913829289449882,8.647521366959348
Attentive CNP + PE,m2,2,100,SE,Tl-208 SE 2103 keV,6,0,2023,4.334014219845014,5.393199024087865
Attentive CNP + PE,m2,2,100,continuum_2200_2400,Continuum 2200-2400 keV,40,0,9093,6.022097893143628,7.218690515188561
Attentive CNP + PE,m2,2,100,FE,Tl-208 FE 2614 keV,5,1,8709,4.057482615333487,4.57163482789968
Attentive CNP + PE,m2,2,100,sparse_tail,Sparse tail 2700-3000 keV,13,47,68,21.827013623083737,23.906107977787183
Attentive CNP + PE,m2,2,101,full,Full 500-3000 keV,442,58,114299,8.10835080053562,10.421690137626761
Attentive CNP + PE,m2,2,101,DEP,Tl-208 DEP 1592 keV,6,0,1323,4.948967205727182,5.990930341560567
Attentive CNP + PE,m2,2,101,Bi-214,Bi-212 1620.74-keV feature,6,0,1361,7.828923906277787,9.15780997451539
Attentive CNP + PE,m2,2,101,continuum_1700_2000,Continuum 1700-2000 keV,60,0,8230,7.223085714786584,8.977743084266029
Attentive CNP + PE,m2,2,101,SE,Tl-208 SE 2103 keV,6,0,2023,4.437401233318665,5.62841113164667
Attentive CNP + PE,m2,2,101,continuum_2200_2400,Continuum 2200-2400 keV,40,0,9093,6.504036497442275,7.714841853435998
Attentive CNP + PE,m2,2,101,FE,Tl-208 FE 2614 keV,5,1,8709,4.207101549852588,4.7468658312938095
Attentive CNP + PE,m2,2,101,sparse_tail,Sparse tail 2700-3000 keV,13,47,68,21.283661393407506,23.29226207416507
Attentive CNP + PE,m2,2,102,full,Full 500-3000 keV,442,58,114299,8.0120531523437,10.351102182516934
Attentive CNP + PE,m2,2,102,DEP,Tl-208 DEP 1592 keV,6,0,1323,4.839828095511523,5.8485868554690015
Attentive CNP + PE,m2,2,102,Bi-214,Bi-212 1620.74-keV feature,6,0,1361,7.702155722046901,9.028282693648892
Attentive CNP + PE,m2,2,102,continuum_1700_2000,Continuum 1700-2000 keV,60,0,8230,7.13331514075044,8.895242311207499
Attentive CNP + PE,m2,2,102,SE,Tl-208 SE 2103 keV,6,0,2023,4.335802436180287,5.447011755579425
Attentive CNP + PE,m2,2,102,continuum_2200_2400,Continuum 2200-2400 keV,40,0,9093,6.254236661288292,7.475116556812497
Attentive CNP + PE,m2,2,102,FE,Tl-208 FE 2614 keV,5,1,8709,4.031091733223152,4.521702506724152
Attentive CNP + PE,m2,2,102,sparse_tail,Sparse tail 2700-3000 keV,13,47,68,21.545313520697825,23.543128265235318
Attentive CNP + PE,m2,2,103,full,Full 500-3000 keV,442,58,114299,8.055986771501368,10.389187350013707
Attentive CNP + PE,m2,2,103,DEP,Tl-208 DEP 1592 keV,6,0,1323,4.821099436567735,5.949582059327372
Attentive CNP + PE,m2,2,103,Bi-214,Bi-212 1620.74-keV feature,6,0,1361,7.8346269151381405,9.111266925273494
Attentive CNP + PE,m2,2,103,continuum_1700_2000,Continuum 1700-2000 keV,60,0,8230,7.098330253720324,8.851514142955892
Attentive CNP + PE,m2,2,103,SE,Tl-208 SE 2103 keV,6,0,2023,4.431229976454764,5.590571766375513
Attentive CNP + PE,m2,2,103,continuum_2200_2400,Continuum 2200-2400 keV,40,0,9093,6.3507337492069755,7.554410562763257
Attentive CNP + PE,m2,2,103,FE,Tl-208 FE 2614 keV,5,1,8709,4.247923697120044,4.80394872815265
Attentive CNP + PE,m2,2,103,sparse_tail,Sparse tail 2700-3000 keV,13,47,68,21.495994400295444,23.57783032503127
Attentive CNP + PE,m2,2,104,full,Full 500-3000 keV,442,58,114299,7.600363877804919,10.055054618868287
Attentive CNP + PE,m2,2,104,DEP,Tl-208 DEP 1592 keV,6,0,1323,4.6397378912096245,5.344525558417918
Attentive CNP + PE,m2,2,104,Bi-214,Bi-212 1620.74-keV feature,6,0,1361,7.059797700131266,8.286996949326129
Attentive CNP + PE,m2,2,104,continuum_1700_2000,Continuum 1700-2000 keV,60,0,8230,6.6421312261016,8.297359519031358
Attentive CNP + PE,m2,2,104,SE,Tl-208 SE 2103 keV,6,0,2023,4.001297918709726,4.845586479518265
Attentive CNP + PE,m2,2,104,continuum_2200_2400,Continuum 2200-2400 keV,40,0,9093,5.277687791182908,6.442640262948659
Attentive CNP + PE,m2,2,104,FE,Tl-208 FE 2614 keV,5,1,8709,3.4572358248724373,3.9294700255606982
Attentive CNP + PE,m2,2,104,sparse_tail,Sparse tail 2700-3000 keV,13,47,68,23.017665858647756,25.10681138744687
Attentive CNP + PE,m2,2,105,full,Full 500-3000 keV,442,58,114299,7.687004083849771,10.106105796162629
Attentive CNP + PE,m2,2,105,DEP,Tl-208 DEP 1592 keV,6,0,1323,4.629319043046113,5.472604815009691
Attentive CNP + PE,m2,2,105,Bi-214,Bi-212 1620.74-keV feature,6,0,1361,7.261137830947138,8.491754340838817
Attentive CNP + PE,m2,2,105,continuum_1700_2000,Continuum 1700-2000 keV,60,0,8230,6.7221803146286385,8.409889678767373
Attentive CNP + PE,m2,2,105,SE,Tl-208 SE 2103 keV,6,0,2023,4.1024516198338485,5.002794653674075
Attentive CNP + PE,m2,2,105,continuum_2200_2400,Continuum 2200-2400 keV,40,0,9093,5.496381828966839,6.675717866517211
Attentive CNP + PE,m2,2,105,FE,Tl-208 FE 2614 keV,5,1,8709,3.7341114573792473,4.233777264750218
Attentive CNP + PE,m2,2,105,sparse_tail,Sparse tail 2700-3000 keV,13,47,68,22.50354201933817,24.592813342823682
Attentive CNP + PE,m2,2,106,full,Full 500-3000 keV,442,58,114299,7.831577845807251,10.229388477935203
Attentive CNP + PE,m2,2,106,DEP,Tl-208 DEP 1592 keV,6,0,1323,4.565850503774641,5.599240192828403
Attentive CNP + PE,m2,2,106,Bi-214,Bi-212 1620.74-keV feature,6,0,1361,7.447580704555813,8.719573222353803
Attentive CNP + PE,m2,2,106,continuum_1700_2000,Continuum 1700-2000 keV,60,0,8230,6.903807631629981,8.64787174954855
Attentive CNP + PE,m2,2,106,SE,Tl-208 SE 2103 keV,6,0,2023,4.199816602154627,5.192340610192258
Attentive CNP + PE,m2,2,106,continuum_2200_2400,Continuum 2200-2400 keV,40,0,9093,5.811852023110851,7.023851349457162
Attentive CNP + PE,m2,2,106,FE,Tl-208 FE 2614 keV,5,1,8709,3.8126018188133535,4.281911389856433
Attentive CNP + PE,m2,2,106,sparse_tail,Sparse tail 2700-3000 keV,13,47,68,22.23302743020198,24.285717284952355
Attentive CNP + PE,m2,2,107,full,Full 500-3000 keV,442,58,114299,8.058588174425621,10.379063664471845
Attentive CNP + PE,m2,2,107,DEP,Tl-208 DEP 1592 keV,6,0,1323,4.9024182452400815,5.940402912120247
Attentive CNP + PE,m2,2,107,Bi-214,Bi-212 1620.74-keV feature,6,0,1361,7.785800835883329,9.101451520284503
Attentive CNP + PE,m2,2,107,continuum_1700_2000,Continuum 1700-2000 keV,60,0,8230,7.164779503942996,8.915039674939655
Attentive CNP + PE,m2,2,107,SE,Tl-208 SE 2103 keV,6,0,2023,4.396480116519771,5.548696644019743
Attentive CNP + PE,m2,2,107,continuum_2200_2400,Continuum 2200-2400 keV,40,0,9093,6.395706316180723,7.609273041318465
Attentive CNP + PE,m2,2,107,FE,Tl-208 FE 2614 keV,5,1,8709,4.142272473646555,4.664110864060888
Attentive CNP + PE,m2,2,107,sparse_tail,Sparse tail 2700-3000 keV,13,47,68,21.337479408039545,23.33789196823689
Attentive CNP + PE,m2,2,108,full,Full 500-3000 keV,442,58,114299,8.02234325269881,10.335495461471975
Attentive CNP + PE,m2,2,108,DEP,Tl-208 DEP 1592 keV,6,0,1323,4.892452139655585,5.938950077439915
Attentive CNP + PE,m2,2,108,Bi-214,Bi-212 1620.74-keV feature,6,0,1361,7.75380098239032,9.075709723037267
Attentive CNP + PE,m2,2,108,continuum_1700_2000,Continuum 1700-2000 keV,60,0,8230,7.133285523187936,8.876695150968214
Attentive CNP + PE,m2,2,108,SE,Tl-208 SE 2103 keV,6,0,2023,4.3838739410039995,5.510355240690538
Attentive CNP + PE,m2,2,108,continuum_2200_2400,Continuum 2200-2400 keV,40,0,9093,6.348041395466411,7.558156556721336
Attentive CNP + PE,m2,2,108,FE,Tl-208 FE 2614 keV,5,1,8709,4.268028766485235,4.858048410309345
Attentive CNP + PE,m2,2,108,sparse_tail,Sparse tail 2700-3000 keV,13,47,68,21.1331385553282,23.127872156747426
Attentive CNP + PE,m2,2,109,full,Full 500-3000 keV,442,58,114299,7.986500584299924,10.348529290140192
Attentive CNP + PE,m2,2,109,DEP,Tl-208 DEP 1592 keV,6,0,1323,4.706703602213922,5.84121594436169
Attentive CNP + PE,m2,2,109,Bi-214,Bi-212 1620.74-keV feature,6,0,1361,7.746303964866612,8.992309173127179
Attentive CNP + PE,m2,2,109,continuum_1700_2000,Continuum 1700-2000 keV,60,0,8230,7.005761497091837,8.763386655009706
Attentive CNP + PE,m2,2,109,SE,Tl-208 SE 2103 keV,6,0,2023,4.370461569671626,5.4808592109625724
Attentive CNP + PE,m2,2,109,continuum_2200_2400,Continuum 2200-2400 keV,40,0,9093,6.152245281784849,7.357907317058282
Attentive CNP + PE,m2,2,109,FE,Tl-208 FE 2614 keV,5,1,8709,4.097450975248744,4.595229493302471
Attentive CNP + PE,m2,2,109,sparse_tail,Sparse tail 2700-3000 keV,13,47,68,21.855858843977995,23.956094545752606
Density-guided CNP (ours),cell17,0,100,full,Full 500-3000 keV,442,58,114299,4.428832614392169,5.82385679084519
Density-guided CNP (ours),cell17,0,100,DEP,Tl-208 DEP 1592 keV,6,0,1323,3.5722088095544646,4.066631845535583
Density-guided CNP (ours),cell17,0,100,Bi-214,Bi-212 1620.74-keV feature,6,0,1361,4.411746759958931,5.308379959355871
Density-guided CNP (ours),cell17,0,100,continuum_1700_2000,Continuum 1700-2000 keV,60,0,8230,4.253080630588498,5.149222585224199
Density-guided CNP (ours),cell17,0,100,SE,Tl-208 SE 2103 keV,6,0,2023,2.9014601985037176,3.479973659154439
Density-guided CNP (ours),cell17,0,100,continuum_2200_2400,Continuum 2200-2400 keV,40,0,9093,4.005308441445149,4.857810815925948
Density-guided CNP (ours),cell17,0,100,FE,Tl-208 FE 2614 keV,5,1,8709,3.9599721287238876,5.312771588208448
Density-guided CNP (ours),cell17,0,100,sparse_tail,Sparse tail 2700-3000 keV,13,47,68,10.908974902982127,14.685053753015323
Density-guided CNP (ours),cell17,0,101,full,Full 500-3000 keV,442,58,114299,4.428054310030174,5.8037407920382655
Density-guided CNP (ours),cell17,0,101,DEP,Tl-208 DEP 1592 keV,6,0,1323,3.505374546961517,4.013664963775038
Density-guided CNP (ours),cell17,0,101,Bi-214,Bi-212 1620.74-keV feature,6,0,1361,4.313766546890572,5.244952885897969
Density-guided CNP (ours),cell17,0,101,continuum_1700_2000,Continuum 1700-2000 keV,60,0,8230,4.252185194968685,5.150301161372099
Density-guided CNP (ours),cell17,0,101,SE,Tl-208 SE 2103 keV,6,0,2023,2.9141542895658357,3.4540999088467093
Density-guided CNP (ours),cell17,0,101,continuum_2200_2400,Continuum 2200-2400 keV,40,0,9093,4.139665317328686,5.000622893924831
Density-guided CNP (ours),cell17,0,101,FE,Tl-208 FE 2614 keV,5,1,8709,4.2483265377138135,5.487470653800112
Density-guided CNP (ours),cell17,0,101,sparse_tail,Sparse tail 2700-3000 keV,13,47,68,10.708891382632475,14.441368827022572
Density-guided CNP (ours),cell17,0,102,full,Full 500-3000 keV,442,58,114299,4.354206718037168,5.583235529543071
Density-guided CNP (ours),cell17,0,102,DEP,Tl-208 DEP 1592 keV,6,0,1323,3.5505099162961553,4.047591862867169
Density-guided CNP (ours),cell17,0,102,Bi-214,Bi-212 1620.74-keV feature,6,0,1361,4.386508535317205,5.289492739614201
Density-guided CNP (ours),cell17,0,102,continuum_1700_2000,Continuum 1700-2000 keV,60,0,8230,4.250936316206092,5.149518239713184
Density-guided CNP (ours),cell17,0,102,SE,Tl-208 SE 2103 keV,6,0,2023,2.907912201946891,3.4650287578442898
Density-guided CNP (ours),cell17,0,102,continuum_2200_2400,Continuum 2200-2400 keV,40,0,9093,4.079290815086867,4.943838456961328
Density-guided CNP (ours),cell17,0,102,FE,Tl-208 FE 2614 keV,5,1,8709,5.539299313704582,6.73775101645036
Density-guided CNP (ours),cell17,0,102,sparse_tail,Sparse tail 2700-3000 keV,13,47,68,9.634353851295296,12.501733017700737
Density-guided CNP (ours),cell17,0,103,full,Full 500-3000 keV,442,58,114299,4.419756908048175,5.787538794629624
Density-guided CNP (ours),cell17,0,103,DEP,Tl-208 DEP 1592 keV,6,0,1323,3.5679208134810403,4.062715490742791
Density-guided CNP (ours),cell17,0,103,Bi-214,Bi-212 1620.74-keV feature,6,0,1361,4.415417879501823,5.31035415432239
Density-guided CNP (ours),cell17,0,103,continuum_1700_2000,Continuum 1700-2000 keV,60,0,8230,4.247615639100477,5.147425127116718
Density-guided CNP (ours),cell17,0,103,SE,Tl-208 SE 2103 keV,6,0,2023,2.904384090582255,3.4741549153072335
Density-guided CNP (ours),cell17,0,103,continuum_2200_2400,Continuum 2200-2400 keV,40,0,9093,3.9980377653767807,4.849706339244388
Density-guided CNP (ours),cell17,0,103,FE,Tl-208 FE 2614 keV,5,1,8709,3.965643748420504,5.299508782363045
Density-guided CNP (ours),cell17,0,103,sparse_tail,Sparse tail 2700-3000 keV,13,47,68,10.659188010960078,14.416639265105191
Density-guided CNP (ours),cell17,0,104,full,Full 500-3000 keV,442,58,114299,4.404970769614437,5.761737742981892
Density-guided CNP (ours),cell17,0,104,DEP,Tl-208 DEP 1592 keV,6,0,1323,3.4335792551593656,3.965207734135668
Density-guided CNP (ours),cell17,0,104,Bi-214,Bi-212 1620.74-keV feature,6,0,1361,4.306750617718308,5.157061229315098
Density-guided CNP (ours),cell17,0,104,continuum_1700_2000,Continuum 1700-2000 keV,60,0,8230,4.263075037680806,5.153027183628939
Density-guided CNP (ours),cell17,0,104,SE,Tl-208 SE 2103 keV,6,0,2023,2.9046218891703313,3.476962557389303
Density-guided CNP (ours),cell17,0,104,continuum_2200_2400,Continuum 2200-2400 keV,40,0,9093,4.024099280625092,4.88062820208775
Density-guided CNP (ours),cell17,0,104,FE,Tl-208 FE 2614 keV,5,1,8709,4.262742780729452,5.573190079822518
Density-guided CNP (ours),cell17,0,104,sparse_tail,Sparse tail 2700-3000 keV,13,47,68,10.68814266096268,14.218899899874016
Density-guided CNP (ours),cell17,0,105,full,Full 500-3000 keV,442,58,114299,4.417900101311031,5.7807373033239555
Density-guided CNP (ours),cell17,0,105,DEP,Tl-208 DEP 1592 keV,6,0,1323,3.527733108268357,4.030400978579141
Density-guided CNP (ours),cell17,0,105,Bi-214,Bi-212 1620.74-keV feature,6,0,1361,4.3431996974408555,5.262456625318509
Density-guided CNP (ours),cell17,0,105,continuum_1700_2000,Continuum 1700-2000 keV,60,0,8230,4.255441673379902,5.150225306834082
Density-guided CNP (ours),cell17,0,105,SE,Tl-208 SE 2103 keV,6,0,2023,2.901002413330279,3.4792356737368606
Density-guided CNP (ours),cell17,0,105,continuum_2200_2400,Continuum 2200-2400 keV,40,0,9093,4.0020581303524185,4.85489330587671
Density-guided CNP (ours),cell17,0,105,FE,Tl-208 FE 2614 keV,5,1,8709,4.27289696877972,5.691893775039017
Density-guided CNP (ours),cell17,0,105,sparse_tail,Sparse tail 2700-3000 keV,13,47,68,10.579841284702871,14.006864699647123
Density-guided CNP (ours),cell17,0,106,full,Full 500-3000 keV,442,58,114299,4.4008421795939,5.707957078908669
Density-guided CNP (ours),cell17,0,106,DEP,Tl-208 DEP 1592 keV,6,0,1323,3.499501894262016,4.008029280492608
Density-guided CNP (ours),cell17,0,106,Bi-214,Bi-212 1620.74-keV feature,6,0,1361,4.301871931008941,5.236964945478091
Density-guided CNP (ours),cell17,0,106,continuum_1700_2000,Continuum 1700-2000 keV,60,0,8230,4.253758927361806,5.149645987870392
Density-guided CNP (ours),cell17,0,106,SE,Tl-208 SE 2103 keV,6,0,2023,2.9022017082661162,3.4769392983662764
Density-guided CNP (ours),cell17,0,106,continuum_2200_2400,Continuum 2200-2400 keV,40,0,9093,3.988464684127672,4.838449091777446
Density-guided CNP (ours),cell17,0,106,FE,Tl-208 FE 2614 keV,5,1,8709,4.53214262527914,6.049741059068057
Density-guided CNP (ours),cell17,0,106,sparse_tail,Sparse tail 2700-3000 keV,13,47,68,10.197568631793567,13.290064745341338
Density-guided CNP (ours),cell17,0,107,full,Full 500-3000 keV,442,58,114299,4.374544480139037,5.632978969615398
Density-guided CNP (ours),cell17,0,107,DEP,Tl-208 DEP 1592 keV,6,0,1323,3.535976901565394,4.036016069753131
Density-guided CNP (ours),cell17,0,107,Bi-214,Bi-212 1620.74-keV feature,6,0,1361,4.3501648707773155,5.266035215473068
Density-guided CNP (ours),cell17,0,107,continuum_1700_2000,Continuum 1700-2000 keV,60,0,8230,4.258816206293502,5.151555235954109
Density-guided CNP (ours),cell17,0,107,SE,Tl-208 SE 2103 keV,6,0,2023,2.905163079680567,3.4752196139428473
Density-guided CNP (ours),cell17,0,107,continuum_2200_2400,Continuum 2200-2400 keV,40,0,9093,4.072154407232271,4.9398605436398295
Density-guided CNP (ours),cell17,0,107,FE,Tl-208 FE 2614 keV,5,1,8709,5.192940056182782,6.358963383271683
Density-guided CNP (ours),cell17,0,107,sparse_tail,Sparse tail 2700-3000 keV,13,47,68,10.312564572665426,13.314005325173667
Density-guided CNP (ours),cell17,0,108,full,Full 500-3000 keV,442,58,114299,4.423157253881641,5.7207139375972185
Density-guided CNP (ours),cell17,0,108,DEP,Tl-208 DEP 1592 keV,6,0,1323,3.6172962456434252,4.1051453038685075
Density-guided CNP (ours),cell17,0,108,Bi-214,Bi-212 1620.74-keV feature,6,0,1361,4.502548890539739,5.3700004895895335
Density-guided CNP (ours),cell17,0,108,continuum_1700_2000,Continuum 1700-2000 keV,60,0,8230,4.242877156084503,5.144969857977701
Density-guided CNP (ours),cell17,0,108,SE,Tl-208 SE 2103 keV,6,0,2023,2.9077633457894674,3.469028797219094
Density-guided CNP (ours),cell17,0,108,continuum_2200_2400,Continuum 2200-2400 keV,40,0,9093,4.116454424089776,4.991672654436747
Density-guided CNP (ours),cell17,0,108,FE,Tl-208 FE 2614 keV,5,1,8709,5.273560126416636,6.331225114188974
Density-guided CNP (ours),cell17,0,108,sparse_tail,Sparse tail 2700-3000 keV,13,47,68,10.175883665037302,13.274199024825254
Density-guided CNP (ours),cell17,0,109,full,Full 500-3000 keV,442,58,114299,4.493344948863768,5.890083318689478
Density-guided CNP (ours),cell17,0,109,DEP,Tl-208 DEP 1592 keV,6,0,1323,3.52414817417502,4.027439535968902
Density-guided CNP (ours),cell17,0,109,Bi-214,Bi-212 1620.74-keV feature,6,0,1361,4.34930131606604,5.267531611631591
Density-guided CNP (ours),cell17,0,109,continuum_1700_2000,Continuum 1700-2000 keV,60,0,8230,4.250776036816861,5.148830370268988
Density-guided CNP (ours),cell17,0,109,SE,Tl-208 SE 2103 keV,6,0,2023,2.9052498436367387,3.4719657029455
Density-guided CNP (ours),cell17,0,109,continuum_2200_2400,Continuum 2200-2400 keV,40,0,9093,4.019119731602004,4.872972594173263
Density-guided CNP (ours),cell17,0,109,FE,Tl-208 FE 2614 keV,5,1,8709,4.514766460669098,5.902090020263395
Density-guided CNP (ours),cell17,0,109,sparse_tail,Sparse tail 2700-3000 keV,13,47,68,12.671763870023684,15.421692834096904
Density-guided CNP (ours),cell17,1,100,full,Full 500-3000 keV,442,58,114299,4.370017322245459,5.942510813003174
Density-guided CNP (ours),cell17,1,100,DEP,Tl-208 DEP 1592 keV,6,0,1323,2.8613064174076093,3.368080973045352
Density-guided CNP (ours),cell17,1,100,Bi-214,Bi-212 1620.74-keV feature,6,0,1361,3.1943696522137652,3.917341458776697
Density-guided CNP (ours),cell17,1,100,continuum_1700_2000,Continuum 1700-2000 keV,60,0,8230,4.9037058877880435,5.573809569903062
Density-guided CNP (ours),cell17,1,100,SE,Tl-208 SE 2103 keV,6,0,2023,3.203563383711413,4.484512665494251
Density-guided CNP (ours),cell17,1,100,continuum_2200_2400,Continuum 2200-2400 keV,40,0,9093,2.993985883226096,3.5593144314280996
Density-guided CNP (ours),cell17,1,100,FE,Tl-208 FE 2614 keV,5,1,8709,4.4859796775074425,4.962794226430192
Density-guided CNP (ours),cell17,1,100,sparse_tail,Sparse tail 2700-3000 keV,13,47,68,13.743889209714672,17.4659885204734
Density-guided CNP (ours),cell17,1,101,full,Full 500-3000 keV,442,58,114299,4.3525044513103746,5.924929846608495
Density-guided CNP (ours),cell17,1,101,DEP,Tl-208 DEP 1592 keV,6,0,1323,2.7799045841295316,3.3661045471382054
Density-guided CNP (ours),cell17,1,101,Bi-214,Bi-212 1620.74-keV feature,6,0,1361,3.1892913257870887,3.955962101567269
Density-guided CNP (ours),cell17,1,101,continuum_1700_2000,Continuum 1700-2000 keV,60,0,8230,4.9021914755237885,5.574422273134461
Density-guided CNP (ours),cell17,1,101,SE,Tl-208 SE 2103 keV,6,0,2023,3.0521805940029623,4.283722148987494
Density-guided CNP (ours),cell17,1,101,continuum_2200_2400,Continuum 2200-2400 keV,40,0,9093,3.0392241947431806,3.6267132638985076
Density-guided CNP (ours),cell17,1,101,FE,Tl-208 FE 2614 keV,5,1,8709,4.250006274621386,4.813261252649865
Density-guided CNP (ours),cell17,1,101,sparse_tail,Sparse tail 2700-3000 keV,13,47,68,13.4233851196425,17.30209292089913
Density-guided CNP (ours),cell17,1,102,full,Full 500-3000 keV,442,58,114299,4.300094780561454,5.6672989461133785
Density-guided CNP (ours),cell17,1,102,DEP,Tl-208 DEP 1592 keV,6,0,1323,2.8492861541122587,3.3683836431469056
Density-guided CNP (ours),cell17,1,102,Bi-214,Bi-212 1620.74-keV feature,6,0,1361,3.192613812404748,3.916747698258564
Density-guided CNP (ours),cell17,1,102,continuum_1700_2000,Continuum 1700-2000 keV,60,0,8230,4.892143825916229,5.565470919641665
Density-guided CNP (ours),cell17,1,102,SE,Tl-208 SE 2103 keV,6,0,2023,3.112501350420196,4.370300129410556
Density-guided CNP (ours),cell17,1,102,continuum_2200_2400,Continuum 2200-2400 keV,40,0,9093,3.0202544928678945,3.5992635513447273
Density-guided CNP (ours),cell17,1,102,FE,Tl-208 FE 2614 keV,5,1,8709,3.8510903922133433,4.835597545499233
Density-guided CNP (ours),cell17,1,102,sparse_tail,Sparse tail 2700-3000 keV,13,47,68,11.184954756372221,14.241803519378788
Density-guided CNP (ours),cell17,1,103,full,Full 500-3000 keV,442,58,114299,4.351382737876139,5.928286222429229
Density-guided CNP (ours),cell17,1,103,DEP,Tl-208 DEP 1592 keV,6,0,1323,2.8570241346610405,3.3691687784486954
Density-guided CNP (ours),cell17,1,103,Bi-214,Bi-212 1620.74-keV feature,6,0,1361,3.1938989947359366,3.9121230543893026
Density-guided CNP (ours),cell17,1,103,continuum_1700_2000,Continuum 1700-2000 keV,60,0,8230,4.884032032308968,5.558060019938202
Density-guided CNP (ours),cell17,1,103,SE,Tl-208 SE 2103 keV,6,0,2023,3.169224100649901,4.445816271499784
Density-guided CNP (ours),cell17,1,103,continuum_2200_2400,Continuum 2200-2400 keV,40,0,9093,2.9910193975906867,3.5560155081237728
Density-guided CNP (ours),cell17,1,103,FE,Tl-208 FE 2614 keV,5,1,8709,4.376578725647691,4.8866271821120355
Density-guided CNP (ours),cell17,1,103,sparse_tail,Sparse tail 2700-3000 keV,13,47,68,13.35464979385304,17.34943585971069
Density-guided CNP (ours),cell17,1,104,full,Full 500-3000 keV,442,58,114299,4.365063788196416,5.89532770510611
Density-guided CNP (ours),cell17,1,104,DEP,Tl-208 DEP 1592 keV,6,0,1323,2.663531649703636,3.371987284450824
Density-guided CNP (ours),cell17,1,104,Bi-214,Bi-212 1620.74-keV feature,6,0,1361,3.2553377180888408,4.121469983612718
Density-guided CNP (ours),cell17,1,104,continuum_1700_2000,Continuum 1700-2000 keV,60,0,8230,4.95787753210235,5.621070378756127
Density-guided CNP (ours),cell17,1,104,SE,Tl-208 SE 2103 keV,6,0,2023,3.1761674371602635,4.4488440468527095
Density-guided CNP (ours),cell17,1,104,continuum_2200_2400,Continuum 2200-2400 keV,40,0,9093,3.003100874531844,3.5720609864827937
Density-guided CNP (ours),cell17,1,104,FE,Tl-208 FE 2614 keV,5,1,8709,4.2577926914095885,4.814690711762388
Density-guided CNP (ours),cell17,1,104,sparse_tail,Sparse tail 2700-3000 keV,13,47,68,12.922138599005258,16.655009042093727
Density-guided CNP (ours),cell17,1,105,full,Full 500-3000 keV,442,58,114299,4.357566665649296,5.866989587376263
Density-guided CNP (ours),cell17,1,105,DEP,Tl-208 DEP 1592 keV,6,0,1323,2.8115308443751057,3.363058437579785
Density-guided CNP (ours),cell17,1,105,Bi-214,Bi-212 1620.74-keV feature,6,0,1361,3.186274466888029,3.937650378038102
Density-guided CNP (ours),cell17,1,105,continuum_1700_2000,Continuum 1700-2000 keV,60,0,8230,4.914956804171274,5.583710926587569
Density-guided CNP (ours),cell17,1,105,SE,Tl-208 SE 2103 keV,6,0,2023,3.2021702248988917,4.482093782957344
Density-guided CNP (ours),cell17,1,105,continuum_2200_2400,Continuum 2200-2400 keV,40,0,9093,2.9927012192229507,3.557929364687429
Density-guided CNP (ours),cell17,1,105,FE,Tl-208 FE 2614 keV,5,1,8709,4.292050069862117,4.8273174613395895
Density-guided CNP (ours),cell17,1,105,sparse_tail,Sparse tail 2700-3000 keV,13,47,68,12.81899943104053,16.445340300316058
Density-guided CNP (ours),cell17,1,106,full,Full 500-3000 keV,442,58,114299,4.319484817482541,5.753964988906278
Density-guided CNP (ours),cell17,1,106,DEP,Tl-208 DEP 1592 keV,6,0,1323,2.7825998248919346,3.3627542368551424
Density-guided CNP (ours),cell17,1,106,Bi-214,Bi-212 1620.74-keV feature,6,0,1361,3.186467382636076,3.9541915450331304
Density-guided CNP (ours),cell17,1,106,continuum_1700_2000,Continuum 1700-2000 keV,60,0,8230,4.9077188547578485,5.577753806397732
Density-guided CNP (ours),cell17,1,106,SE,Tl-208 SE 2103 keV,6,0,2023,3.1854602638140874,4.464165494439861
Density-guided CNP (ours),cell17,1,106,continuum_2200_2400,Continuum 2200-2400 keV,40,0,9093,2.9888332477664354,3.5527366320716682
Density-guided CNP (ours),cell17,1,106,FE,Tl-208 FE 2614 keV,5,1,8709,4.25026861641607,4.81477807848946
Density-guided CNP (ours),cell17,1,106,sparse_tail,Sparse tail 2700-3000 keV,13,47,68,11.529207987925055,15.04390141035942
Density-guided CNP (ours),cell17,1,107,full,Full 500-3000 keV,442,58,114299,4.319700830302303,5.752575104663864
Density-guided CNP (ours),cell17,1,107,DEP,Tl-208 DEP 1592 keV,6,0,1323,2.8280703498793898,3.361144310519711
Density-guided CNP (ours),cell17,1,107,Bi-214,Bi-212 1620.74-keV feature,6,0,1361,3.1875933357531063,3.933957516537955
Density-guided CNP (ours),cell17,1,107,continuum_1700_2000,Continuum 1700-2000 keV,60,0,8230,4.921226667671616,5.589064983596006
Density-guided CNP (ours),cell17,1,107,SE,Tl-208 SE 2103 keV,6,0,2023,3.1670342026817346,4.438505615721727
Density-guided CNP (ours),cell17,1,107,continuum_2200_2400,Continuum 2200-2400 keV,40,0,9093,3.018696192780491,3.5975558958781657
Density-guided CNP (ours),cell17,1,107,FE,Tl-208 FE 2614 keV,5,1,8709,3.92295912872612,4.769750562136771
Density-guided CNP (ours),cell17,1,107,sparse_tail,Sparse tail 2700-3000 keV,13,47,68,12.302584481648827,15.41446601272319
Density-guided CNP (ours),cell17,1,108,full,Full 500-3000 keV,442,58,114299,4.313568648484558,5.749377639159155
Density-guided CNP (ours),cell17,1,108,DEP,Tl-208 DEP 1592 keV,6,0,1323,2.916473437719456,3.3871900645797757
Density-guided CNP (ours),cell17,1,108,Bi-214,Bi-212 1620.74-keV feature,6,0,1361,3.214306129127863,3.901494856206686
Density-guided CNP (ours),cell17,1,108,continuum_1700_2000,Continuum 1700-2000 keV,60,0,8230,4.852911945614284,5.532641055896653
Density-guided CNP (ours),cell17,1,108,SE,Tl-208 SE 2103 keV,6,0,2023,3.1299080740885317,4.391638842609781
Density-guided CNP (ours),cell17,1,108,continuum_2200_2400,Continuum 2200-2400 keV,40,0,9093,3.0356497984350064,3.627039969503939
Density-guided CNP (ours),cell17,1,108,FE,Tl-208 FE 2614 keV,5,1,8709,3.8737868524908974,4.811272763955862
Density-guided CNP (ours),cell17,1,108,sparse_tail,Sparse tail 2700-3000 keV,13,47,68,11.963841082618336,15.466119643432034
Density-guided CNP (ours),cell17,1,109,full,Full 500-3000 keV,442,58,114299,4.422776156274531,5.960590719218908
Density-guided CNP (ours),cell17,1,109,DEP,Tl-208 DEP 1592 keV,6,0,1323,2.8087051577622106,3.3668422070179553
Density-guided CNP (ours),cell17,1,109,Bi-214,Bi-212 1620.74-keV feature,6,0,1361,3.1912624529060802,3.934591139245473
Density-guided CNP (ours),cell17,1,109,continuum_1700_2000,Continuum 1700-2000 keV,60,0,8230,4.895609789316578,5.567925983420214
Density-guided CNP (ours),cell17,1,109,SE,Tl-208 SE 2103 keV,6,0,2023,3.1508842607433323,4.418889559021949
Density-guided CNP (ours),cell17,1,109,continuum_2200_2400,Continuum 2200-2400 keV,40,0,9093,3.001020585227927,3.5687141853110718
Density-guided CNP (ours),cell17,1,109,FE,Tl-208 FE 2614 keV,5,1,8709,4.181912968761872,4.780293092066361
Density-guided CNP (ours),cell17,1,109,sparse_tail,Sparse tail 2700-3000 keV,13,47,68,15.693548453168892,17.732398584539986
Density-guided CNP (ours),cell17,2,100,full,Full 500-3000 keV,442,58,114299,4.476597221091559,5.972929269031421
Density-guided CNP (ours),cell17,2,100,DEP,Tl-208 DEP 1592 keV,6,0,1323,2.7993502303621893,3.498847020999845
Density-guided CNP (ours),cell17,2,100,Bi-214,Bi-212 1620.74-keV feature,6,0,1361,2.585012631188511,2.907807649729359
Density-guided CNP (ours),cell17,2,100,continuum_1700_2000,Continuum 1700-2000 keV,60,0,8230,5.232503859822982,5.902147680174603
Density-guided CNP (ours),cell17,2,100,SE,Tl-208 SE 2103 keV,6,0,2023,3.3353068722603276,4.5644482728990505
Density-guided CNP (ours),cell17,2,100,continuum_2200_2400,Continuum 2200-2400 keV,40,0,9093,3.0343246663526733,3.639411218048516
Density-guided CNP (ours),cell17,2,100,FE,Tl-208 FE 2614 keV,5,1,8709,4.394038491232097,5.456283233494227
Density-guided CNP (ours),cell17,2,100,sparse_tail,Sparse tail 2700-3000 keV,13,47,68,12.839340068625521,16.8232318459736
Density-guided CNP (ours),cell17,2,101,full,Full 500-3000 keV,442,58,114299,4.461970032120004,5.950120517325344
Density-guided CNP (ours),cell17,2,101,DEP,Tl-208 DEP 1592 keV,6,0,1323,2.80326085618489,3.5475690931370982
Density-guided CNP (ours),cell17,2,101,Bi-214,Bi-212 1620.74-keV feature,6,0,1361,2.6117074191864016,2.9745656139677874
Density-guided CNP (ours),cell17,2,101,continuum_1700_2000,Continuum 1700-2000 keV,60,0,8230,5.231779169056299,5.898312108523892
Density-guided CNP (ours),cell17,2,101,SE,Tl-208 SE 2103 keV,6,0,2023,3.2862539255737144,4.393838514702559
Density-guided CNP (ours),cell17,2,101,continuum_2200_2400,Continuum 2200-2400 keV,40,0,9093,3.0900156791333417,3.731381041956334
Density-guided CNP (ours),cell17,2,101,FE,Tl-208 FE 2614 keV,5,1,8709,4.22561876980968,5.491270374714521
Density-guided CNP (ours),cell17,2,101,sparse_tail,Sparse tail 2700-3000 keV,13,47,68,12.366953337952017,16.50163616801445
Density-guided CNP (ours),cell17,2,102,full,Full 500-3000 keV,442,58,114299,4.4270502061789845,5.731417585117996
Density-guided CNP (ours),cell17,2,102,DEP,Tl-208 DEP 1592 keV,6,0,1323,2.8007229882179256,3.5081621105048875
Density-guided CNP (ours),cell17,2,102,Bi-214,Bi-212 1620.74-keV feature,6,0,1361,2.5859663369476444,2.912457817271956
Density-guided CNP (ours),cell17,2,102,continuum_1700_2000,Continuum 1700-2000 keV,60,0,8230,5.220288621519115,5.887465745428698
Density-guided CNP (ours),cell17,2,102,SE,Tl-208 SE 2103 keV,6,0,2023,3.309837941443468,4.464699827335217
Density-guided CNP (ours),cell17,2,102,continuum_2200_2400,Continuum 2200-2400 keV,40,0,9093,3.0650823158397076,3.6968776970508386
Density-guided CNP (ours),cell17,2,102,FE,Tl-208 FE 2614 keV,5,1,8709,4.422738490395202,5.838260137951817
Density-guided CNP (ours),cell17,2,102,sparse_tail,Sparse tail 2700-3000 keV,13,47,68,10.890987778778152,14.046860651419795
Density-guided CNP (ours),cell17,2,103,full,Full 500-3000 keV,442,58,114299,4.461538951368093,5.955602734058935
Density-guided CNP (ours),cell17,2,103,DEP,Tl-208 DEP 1592 keV,6,0,1323,2.8011455071150975,3.5016451100360606
Density-guided CNP (ours),cell17,2,103,Bi-214,Bi-212 1620.74-keV feature,6,0,1361,2.582799310167992,2.905708893746904
Density-guided CNP (ours),cell17,2,103,continuum_1700_2000,Continuum 1700-2000 keV,60,0,8230,5.2077012836030105,5.874406523660645
Density-guided CNP (ours),cell17,2,103,SE,Tl-208 SE 2103 keV,6,0,2023,3.326172074923849,4.522658488251996
Density-guided CNP (ours),cell17,2,103,continuum_2200_2400,Continuum 2200-2400 keV,40,0,9093,3.0324783242500275,3.635614642298309
Density-guided CNP (ours),cell17,2,103,FE,Tl-208 FE 2614 keV,5,1,8709,4.317205782301317,5.464987066125445
Density-guided CNP (ours),cell17,2,103,sparse_tail,Sparse tail 2700-3000 keV,13,47,68,12.474112536680906,16.60940129931941
Density-guided CNP (ours),cell17,2,104,full,Full 500-3000 keV,442,58,114299,4.480384384686423,5.925430185288243
Density-guided CNP (ours),cell17,2,104,DEP,Tl-208 DEP 1592 keV,6,0,1323,2.7947606500926243,3.5820160634614635
Density-guided CNP (ours),cell17,2,104,Bi-214,Bi-212 1620.74-keV feature,6,0,1361,2.6775854845399434,3.1902044282437307
Density-guided CNP (ours),cell17,2,104,continuum_1700_2000,Continuum 1700-2000 keV,60,0,8230,5.280945300579819,5.953042552550268
Density-guided CNP (ours),cell17,2,104,SE,Tl-208 SE 2103 keV,6,0,2023,3.328955890163992,4.532231522873854
Density-guided CNP (ours),cell17,2,104,continuum_2200_2400,Continuum 2200-2400 keV,40,0,9093,3.0434316395451377,3.6589201357907317
Density-guided CNP (ours),cell17,2,104,FE,Tl-208 FE 2614 keV,5,1,8709,4.2447476642290045,5.493096806254827
Density-guided CNP (ours),cell17,2,104,sparse_tail,Sparse tail 2700-3000 keV,13,47,68,12.188068297568718,15.907897255857842
Density-guided CNP (ours),cell17,2,105,full,Full 500-3000 keV,442,58,114299,4.47983555149479,5.929741616407173
Density-guided CNP (ours),cell17,2,105,DEP,Tl-208 DEP 1592 keV,6,0,1323,2.801854128828955,3.5267424201190467
Density-guided CNP (ours),cell17,2,105,Bi-214,Bi-212 1620.74-keV feature,6,0,1361,2.600433041040089,2.9443951839283935
Density-guided CNP (ours),cell17,2,105,continuum_1700_2000,Continuum 1700-2000 keV,60,0,8230,5.243825635937519,5.913578499439671
Density-guided CNP (ours),cell17,2,105,SE,Tl-208 SE 2103 keV,6,0,2023,3.332735794449096,4.558252003676969
Density-guided CNP (ours),cell17,2,105,continuum_2200_2400,Continuum 2200-2400 keV,40,0,9093,3.0334486111601007,3.6390865827329506
Density-guided CNP (ours),cell17,2,105,FE,Tl-208 FE 2614 keV,5,1,8709,4.2933871892855064,5.486606829193089
Density-guided CNP (ours),cell17,2,105,sparse_tail,Sparse tail 2700-3000 keV,13,47,68,12.47440612587544,16.22452782047144
Density-guided CNP (ours),cell17,2,106,full,Full 500-3000 keV,442,58,114299,4.441256542228718,5.800840940204417
Density-guided CNP (ours),cell17,2,106,DEP,Tl-208 DEP 1592 keV,6,0,1323,2.8023888424449455,3.5387392463106613
Density-guided CNP (ours),cell17,2,106,Bi-214,Bi-212 1620.74-keV feature,6,0,1361,2.6102828795165336,2.969181240150043
Density-guided CNP (ours),cell17,2,106,continuum_1700_2000,Continuum 1700-2000 keV,60,0,8230,5.232494905382256,5.900458283468538
Density-guided CNP (ours),cell17,2,106,SE,Tl-208 SE 2103 keV,6,0,2023,3.3302365560467666,4.543834419871157
Density-guided CNP (ours),cell17,2,106,continuum_2200_2400,Continuum 2200-2400 keV,40,0,9093,3.029106376689894,3.629474357635909
Density-guided CNP (ours),cell17,2,106,FE,Tl-208 FE 2614 keV,5,1,8709,4.268641881133853,5.513911526244695
Density-guided CNP (ours),cell17,2,106,sparse_tail,Sparse tail 2700-3000 keV,13,47,68,11.341670851628214,14.808544696857268
Density-guided CNP (ours),cell17,2,107,full,Full 500-3000 keV,442,58,114299,4.439562687464471,5.791160562055491
Density-guided CNP (ours),cell17,2,107,DEP,Tl-208 DEP 1592 keV,6,0,1323,2.7981097295978974,3.514535702078468
Density-guided CNP (ours),cell17,2,107,Bi-214,Bi-212 1620.74-keV feature,6,0,1361,2.599709834402861,2.938066491723293
Density-guided CNP (ours),cell17,2,107,continuum_1700_2000,Continuum 1700-2000 keV,60,0,8230,5.253684751633501,5.9244723562712736
Density-guided CNP (ours),cell17,2,107,SE,Tl-208 SE 2103 keV,6,0,2023,3.330149362084547,4.532628900270751
Density-guided CNP (ours),cell17,2,107,continuum_2200_2400,Continuum 2200-2400 keV,40,0,9093,3.0608824782294075,3.6925769405231055
Density-guided CNP (ours),cell17,2,107,FE,Tl-208 FE 2614 keV,5,1,8709,4.3175262132253485,5.728057704250057
Density-guided CNP (ours),cell17,2,107,sparse_tail,Sparse tail 2700-3000 keV,13,47,68,11.683403122182492,14.841050162855671
Density-guided CNP (ours),cell17,2,108,full,Full 500-3000 keV,442,58,114299,4.4474259418398905,5.821949912721889
Density-guided CNP (ours),cell17,2,108,DEP,Tl-208 DEP 1592 keV,6,0,1323,2.799134340799479,3.477323830716863
Density-guided CNP (ours),cell17,2,108,Bi-214,Bi-212 1620.74-keV feature,6,0,1361,2.5595415967681614,2.874739312523173
Density-guided CNP (ours),cell17,2,108,continuum_1700_2000,Continuum 1700-2000 keV,60,0,8230,5.182263203286429,5.849298208922506
Density-guided CNP (ours),cell17,2,108,SE,Tl-208 SE 2103 keV,6,0,2023,3.3184819825420937,4.490426603522747
Density-guided CNP (ours),cell17,2,108,continuum_2200_2400,Continuum 2200-2400 keV,40,0,9093,3.0847484730393746,3.731202821936177
Density-guided CNP (ours),cell17,2,108,FE,Tl-208 FE 2614 keV,5,1,8709,4.369314251438939,5.793532780688978
Density-guided CNP (ours),cell17,2,108,sparse_tail,Sparse tail 2700-3000 keV,13,47,68,11.748443589833544,15.168817056929484
Density-guided CNP (ours),cell17,2,109,full,Full 500-3000 keV,442,58,114299,4.516234830582248,5.9925953575559605
Density-guided CNP (ours),cell17,2,109,DEP,Tl-208 DEP 1592 keV,6,0,1323,2.804903332517146,3.531227342357146
Density-guided CNP (ours),cell17,2,109,Bi-214,Bi-212 1620.74-keV feature,6,0,1361,2.6002688827042846,2.9431490505396556
Density-guided CNP (ours),cell17,2,109,continuum_1700_2000,Continuum 1700-2000 keV,60,0,8230,5.221274178495569,5.888717212348837
Density-guided CNP (ours),cell17,2,109,SE,Tl-208 SE 2103 keV,6,0,2023,3.3204458388732214,4.500743662487437
Density-guided CNP (ours),cell17,2,109,continuum_2200_2400,Continuum 2200-2400 keV,40,0,9093,3.0410368385646027,3.6522431215228335
Density-guided CNP (ours),cell17,2,109,FE,Tl-208 FE 2614 keV,5,1,8709,4.237547377701691,5.527767435273513
Density-guided CNP (ours),cell17,2,109,sparse_tail,Sparse tail 2700-3000 keV,13,47,68,14.463964060788925,17.36198755220353
