subset_id,ordering_id,budget_label,training_budget_nominal_events,training_budget_sampling_eligible_events,method,architecture_id,comparison_role,window,window_weighting,supported_bin_count,cell_count,training_seed_count,context_count,source_event_predictions_sha256_count,source_event_predictions_sha256_set_sha256,source_curve_sha256_count,source_curve_sha256_set_sha256,continuum_RMSE_pp_cell_mean,continuum_RMSE_pp_cell_sd,continuum_RMSE_pp_mean_of_seed_means,continuum_RMSE_pp_initialization_sd_across_seed_means,continuum_RMSE_pp_mean_context_sd_within_seed,continuum_bias_pp_cell_mean,continuum_bias_pp_cell_sd,continuum_bias_pp_mean_of_seed_means,continuum_bias_pp_initialization_sd_across_seed_means,continuum_bias_pp_mean_context_sd_within_seed,continuum_centered_RMS_pp_cell_mean,continuum_centered_RMS_pp_cell_sd,continuum_centered_RMS_pp_mean_of_seed_means,continuum_centered_RMS_pp_initialization_sd_across_seed_means,continuum_centered_RMS_pp_mean_context_sd_within_seed,continuum_pull_RMS_cell_mean,continuum_pull_RMS_cell_sd,continuum_pull_RMS_mean_of_seed_means,continuum_pull_RMS_initialization_sd_across_seed_means,continuum_pull_RMS_mean_context_sd_within_seed,continuum_pull_mean_cell_mean,continuum_pull_mean_cell_sd,continuum_pull_mean_mean_of_seed_means,continuum_pull_mean_initialization_sd_across_seed_means,continuum_pull_mean_mean_context_sd_within_seed,continuum_pull_centered_RMS_cell_mean,continuum_pull_centered_RMS_cell_sd,continuum_pull_centered_RMS_mean_of_seed_means,continuum_pull_centered_RMS_initialization_sd_across_seed_means,continuum_pull_centered_RMS_mean_context_sd_within_seed,continuum_RMSE_pp_training_subset_sd_across_subset_means,continuum_bias_pp_training_subset_sd_across_subset_means,continuum_centered_RMS_pp_training_subset_sd_across_subset_means,continuum_pull_RMS_training_subset_sd_across_subset_means,continuum_pull_mean_training_subset_sd_across_subset_means,continuum_pull_centered_RMS_training_subset_sd_across_subset_means
original_n2000,original,2k,2000,1895,CNP,m0,matched_neural,continuum_1700_2000,equal bins within this window,60,30,3,10,30,3420678c6aef4ba5631c5896c9c4ab0572792f871abd51f6748307ce8594a42a,30,65876debd2fa276bb0abd687f6cdb93df7a148738549e9cab1c011ca87418ade,5.794257790903983,0.38032518646753144,5.794257790903983,0.4241681321945127,0.12699908866140833,1.7067158157216733,2.572998443330015,1.7067158157216735,3.0624143572872935,0.3102746355987526,4.939706870483691,0.004830398715287811,4.93970687048369,0.005653557060610101,0.0007702612572168861,1.3790190267362654,0.08700552248604582,1.3790190267362659,0.09637529786688954,0.030094147219047972,0.400414319776063,0.6090075716932426,0.400414319776063,0.7248685704342779,0.0733428951307619,1.1790446784452406,0.0024723561552617537,1.1790446784452406,0.0028748683703226,0.0004091182362441006,,,,,,
original_n2000,original,2k,2000,1895,CNP,m0,matched_neural,continuum_2200_2400,equal bins within this window,40,30,3,10,30,3420678c6aef4ba5631c5896c9c4ab0572792f871abd51f6748307ce8594a42a,30,65876debd2fa276bb0abd687f6cdb93df7a148738549e9cab1c011ca87418ade,4.951859641946772,1.4342292415390179,4.951859641946773,1.659593101021145,0.25432524119875427,-1.4621689037715104,3.1130909186379543,-1.46216890377151,3.6991697671707873,0.40899632749604464,3.873273977298424,0.030181207235599933,3.873273977298424,0.03376809919374116,0.010248864857876643,1.5396210818629765,0.4554828611389443,1.5396210818629763,0.528252411725115,0.07970598684993416,-0.4814757351795166,0.9389000594697169,-0.48147573517951653,1.1153952166399161,0.12480094715146621,1.2193078597122413,0.017698821585468608,1.2193078597122413,0.018732018173696432,0.008553826841383687,,,,,,
original_n2000,original,2k,2000,1895,CNP,m0,matched_neural,equal_window_mean,equal mean of the two window-specific mean-square quantities before square root; signed bias/pull mean are equal means of window means,100,30,3,10,30,3420678c6aef4ba5631c5896c9c4ab0572792f871abd51f6748307ce8594a42a,30,65876debd2fa276bb0abd687f6cdb93df7a148738549e9cab1c011ca87418ade,5.459450551454143,0.5623574237861843,5.459450551454146,0.586903037582402,0.19912085038771163,0.12227345597508173,2.82916160639912,0.12227345597508177,3.364848743863022,0.34717203171117195,4.438672873812079,0.010778447007053056,4.43867287381208,0.011617201515772486,0.0042009752801954224,1.480683417653761,0.2218416991497154,1.480683417653761,0.2462241945663172,0.05873203336725937,-0.0405307077017268,0.7703123866189324,-0.04053070770172684,0.9159644314313466,0.09571701512197917,1.1993690213986015,0.010033401482579985,1.1993690213986012,0.010793645807427555,0.004526010850872355,,,,,,
original_n2000,original,2k,2000,1895,Attentive CNP,m1,matched_neural,continuum_1700_2000,equal bins within this window,60,30,3,10,30,a8a3d9ab0e72bf7ebc40c47a8252dd5988d8cd11ec19c08aec0ec026bad47dee,30,efc47f340595e3335e9a46a0dec92314e59b2927d5daeed0175f4ec284fe97e5,5.976313113724742,0.1904841554781254,5.976313113724742,0.18399517407422955,0.11426352494816965,3.3325959037213706,0.32875205018336323,3.3325959037213706,0.31321942866230285,0.20345532751263548,4.953853941927908,0.0074410820510351335,4.953853941927909,0.008945864973921152,0.00041068398250860335,1.4204798325755585,0.04465144997313759,1.4204798325755588,0.04314672621554644,0.026765958932684714,0.7854519321448615,0.07758012759278254,0.7854519321448618,0.07383561706217343,0.048095386748092994,1.1819196400095486,0.001881359917766204,1.1819196400095484,0.0022607295581079925,0.00011705306458087085,,,,,,
original_n2000,original,2k,2000,1895,Attentive CNP,m1,matched_neural,continuum_2200_2400,equal bins within this window,40,30,3,10,30,a8a3d9ab0e72bf7ebc40c47a8252dd5988d8cd11ec19c08aec0ec026bad47dee,30,efc47f340595e3335e9a46a0dec92314e59b2927d5daeed0175f4ec284fe97e5,5.490184763256893,1.3075431619951254,5.490184763256894,1.5688979980962416,0.08615353545026096,-3.4449614946706695,1.8415155272790182,-3.44496149467067,2.2101611006223276,0.13413290325835633,4.079302320558013,0.09211110000535554,4.079302320558014,0.110701136259024,0.005201427975628119,1.741976463136802,0.4092490149377904,1.7419764631368018,0.49116168118606585,0.02596099755337436,-1.088064863658039,0.5596798511758696,-1.088064863658039,0.6717682811095054,0.04016384400007852,1.3066429841243818,0.04964781867010655,1.3066429841243818,0.059686467123110425,0.0024589408897985826,,,,,,
original_n2000,original,2k,2000,1895,Attentive CNP,m1,matched_neural,equal_window_mean,equal mean of the two window-specific mean-square quantities before square root; signed bias/pull mean are equal means of window means,100,30,3,10,30,a8a3d9ab0e72bf7ebc40c47a8252dd5988d8cd11ec19c08aec0ec026bad47dee,30,efc47f340595e3335e9a46a0dec92314e59b2927d5daeed0175f4ec284fe97e5,5.768373500296396,0.7184524963188914,5.768373500296395,0.8636515061882405,0.04312304796574808,-0.05618279547464954,0.8089224686615663,-0.056182795474649515,0.9522643946898718,0.16640880867125,4.537932717259793,0.04528513881826265,4.5379327172597925,0.05444182493685042,0.0023071145763184724,1.5971218704585834,0.24333633523421244,1.5971218704585837,0.2925380040781259,0.011824811923345975,-0.1513064657565887,0.25299790897952296,-0.15130646575658876,0.2998343213112118,0.043463009589757164,1.2460413122120568,0.02689235076021553,1.2460413122120564,0.03233225321189308,0.0012971082541797742,,,,,,
original_n2000,original,2k,2000,1895,Attentive CNP + PE,m2,matched_neural,continuum_1700_2000,equal bins within this window,60,30,3,10,30,7ec29b15208798a5d8c404465237f9dc29a252a30259d52d180b33618011ab02,30,a4b41757b452bbf96a5263d32651bce02acbaf844b1552128a28e4cdc691fef8,22.600495096620957,0.5883657080224345,22.60049509662096,0.496607932913364,0.41337245788025584,0.9247623658244907,3.309975318089859,0.9247623658244907,3.5446369448157142,1.5533815824241304,22.345312417847065,0.608646724977438,22.345312417847065,0.5130216814844429,0.3797874733765855,5.369000234251043,0.13524723167751587,5.369000234251042,0.11312113382871508,0.09627689690010466,0.23442258330443444,0.7731490168697477,0.23442258330443447,0.8259423738977374,0.3661801216725378,5.309665288136259,0.13838512027209704,5.309665288136259,0.11529732256996872,0.08749502162920914,,,,,,
original_n2000,original,2k,2000,1895,Attentive CNP + PE,m2,matched_neural,continuum_2200_2400,equal bins within this window,40,30,3,10,30,7ec29b15208798a5d8c404465237f9dc29a252a30259d52d180b33618011ab02,30,a4b41757b452bbf96a5263d32651bce02acbaf844b1552128a28e4cdc691fef8,17.34413380455069,0.6558034935140502,17.34413380455069,0.5347664363851904,0.453523285400285,1.29001762578858,2.7325546593080454,1.29001762578858,2.485285423090012,1.835945965651649,17.085958871145923,0.6612088378076657,17.085958871145923,0.45703615618937704,0.5201863730601098,5.225549743836319,0.19377687189996287,5.2255497438363205,0.154207820298074,0.13527589537137696,0.3179151206437473,0.8308950930915301,0.3179151206437472,0.755995296417661,0.5579730305125932,5.151185196537461,0.20218265562650115,5.151185196537461,0.14093769541252532,0.15869231370547113,,,,,,
original_n2000,original,2k,2000,1895,Attentive CNP + PE,m2,matched_neural,equal_window_mean,equal mean of the two window-specific mean-square quantities before square root; signed bias/pull mean are equal means of window means,100,30,3,10,30,7ec29b15208798a5d8c404465237f9dc29a252a30259d52d180b33618011ab02,30,a4b41757b452bbf96a5263d32651bce02acbaf844b1552128a28e4cdc691fef8,20.14514923730706,0.6007141453987701,20.145149237307063,0.5031247612819194,0.4153566444972178,1.1073899958065354,2.9922631037278022,1.1073899958065354,3.0106382438977657,1.685811694050269,19.89112291398088,0.606073742416405,19.891122913980876,0.47917682647990567,0.4095980191898428,5.297964028559179,0.16028185032229636,5.29796402855918,0.1325310362496312,0.11094973410251685,0.2761688519740908,0.7945247926732092,0.2761688519740908,0.7898156280825239,0.45978209760575434,5.231313328262494,0.16400712186402153,5.231313328262494,0.126773118630609,0.11470215920727528,,,,,,
original_n2000,original,2k,2000,1895,Density-guided CNP,ours,matched_neural,continuum_1700_2000,equal bins within this window,60,30,3,10,30,4e0ebb9b32f6c3f19bc5ce8ff420ee8f5d13eb05a01e531026c8e9430f1908b5,30,11e5b642046a69fdf6a75d6c7afede68e337d3f0b020227e73bfe66786534e1d,16.29237156153038,2.4926203658610775,16.292371561530384,2.9882041637817087,0.23243610199841225,1.5265496960283167,4.388577156510107,1.526549696028317,5.195010109852728,0.8175073299727948,15.45638415985,3.464047029673794,15.456384159850003,4.160924388762778,0.20313451964592424,3.830839399405409,0.5589071103942251,3.8308393994054093,0.6695581207349742,0.05612615614589898,0.3851406004242401,1.0239776544173744,0.3851406004242401,1.2116567582476323,0.19292003476902156,3.634960453889419,0.7894422373191535,3.6349604538894185,0.9480154730811529,0.048174995505538824,,,,,,
original_n2000,original,2k,2000,1895,Density-guided CNP,ours,matched_neural,continuum_2200_2400,equal bins within this window,40,30,3,10,30,4e0ebb9b32f6c3f19bc5ce8ff420ee8f5d13eb05a01e531026c8e9430f1908b5,30,11e5b642046a69fdf6a75d6c7afede68e337d3f0b020227e73bfe66786534e1d,18.056065711563235,0.968501576663562,18.05606571156324,1.1387479038358932,0.20016196162841463,-5.1662775771348715,3.0173941649619205,-5.166277577134873,3.5189011807298245,0.7288780917107203,17.068571296746885,0.3224513267141356,17.068571296746892,0.335000989317507,0.16048488585548085,5.652545813394285,0.3308864845770282,5.652545813394286,0.39017508999075085,0.06325037881887913,-1.6810609428804988,0.9175638617410639,-1.6810609428804986,1.0703397870956275,0.21960163089660564,5.329544239060391,0.11704770851809045,5.329544239060391,0.1299589416553008,0.04408185154719981,,,,,,
original_n2000,original,2k,2000,1895,Density-guided CNP,ours,matched_neural,equal_window_mean,equal mean of the two window-specific mean-square quantities before square root; signed bias/pull mean are equal means of window means,100,30,3,10,30,4e0ebb9b32f6c3f19bc5ce8ff420ee8f5d13eb05a01e531026c8e9430f1908b5,30,11e5b642046a69fdf6a75d6c7afede68e337d3f0b020227e73bfe66786534e1d,17.219759044193506,1.6612402209017407,17.219759044193506,1.9906430419709658,0.15398019977696678,-1.8198639405532775,3.6266778308439127,-1.8198639405532784,4.344479398070558,0.369808954252614,16.374992284249824,1.7103139835260108,16.374992284249828,2.052716301949856,0.13962943462119362,4.832746059965094,0.4090801114164616,4.832746059965095,0.4890981571474915,0.04409259546464491,-0.6479601712281293,0.9498934772176335,-0.6479601712281292,1.1374454206987699,0.09899161760225038,4.5814850826515086,0.3615031435358804,4.581485082651508,0.4334099228927034,0.03408765286405935,,,,,,
original_n5000,original,5k,5000,4984,CNP,m0,matched_neural,continuum_1700_2000,equal bins within this window,60,30,3,10,30,6b63c61a000b07df2d5b14fd6075844693046d621c01d53bc8448b6ea61b4c98,30,0c9a60564a7e3db226ccb86c3dbe8f127c74122399417348e5d5b9f145cb368d,5.169592697077603,0.2813992299345613,5.1695926970776025,0.33401781162009414,0.041963576038533096,0.6729735990018597,1.3923350170728832,0.6729735990018596,1.632791621881154,0.2892950090687175,4.947154539690978,0.005211236392281293,4.9471545396909775,0.0061612046920102624,0.0009862385128157113,1.2325719062279563,0.0641863815563911,1.232571906227956,0.07607731824448714,0.009975464288579925,0.1548851139301612,0.3290697044670299,0.15488511393016122,0.3858955189964761,0.06838780179012542,1.1809089937101482,0.001849851732600169,1.1809089937101487,0.002148775383310904,0.00044614762892685275,,,,,,
original_n5000,original,5k,5000,4984,CNP,m0,matched_neural,continuum_2200_2400,equal bins within this window,40,30,3,10,30,6b63c61a000b07df2d5b14fd6075844693046d621c01d53bc8448b6ea61b4c98,30,0c9a60564a7e3db226ccb86c3dbe8f127c74122399417348e5d5b9f145cb368d,6.969323219740182,1.1908431838882483,6.969323219740182,1.3530053262789292,0.3633220840368927,-5.615130089120084,1.4957362558347531,-5.615130089120085,1.7119329237716718,0.44122624815074357,4.030787385267555,0.05302375957916625,4.030787385267555,0.06360721780411471,0.004563652818888125,2.189718331312521,0.3744868642782438,2.1897183313125215,0.42617495391589855,0.1132494502185377,-1.7397999487312392,0.4561893553320654,-1.739799948731239,0.5222043563977161,0.1344354317499718,1.3046520167847482,0.01574313618595005,1.3046520167847484,0.01618244211244259,0.007309078811741944,,,,,,
original_n5000,original,5k,5000,4984,CNP,m0,matched_neural,equal_window_mean,equal mean of the two window-specific mean-square quantities before square root; signed bias/pull mean are equal means of window means,100,30,3,10,30,6b63c61a000b07df2d5b14fd6075844693046d621c01d53bc8448b6ea61b4c98,30,0c9a60564a7e3db226ccb86c3dbe8f127c74122399417348e5d5b9f145cb368d,6.165538231763122,0.608480867691065,6.165538231763122,0.672635474634815,0.20934801428634198,-2.4710782450591133,1.4132464705991172,-2.4710782450591133,1.6363768720118002,0.3623027075143932,4.512391556359196,0.02244444339549295,4.512391556359197,0.026895283003709882,0.0020083107741360666,1.7836038933089662,0.2171474205812234,1.7836038933089664,0.2435948126262466,0.07037835527844861,-0.792457417400539,0.38443088335159853,-0.7924574174005391,0.44444883252819156,0.10063587668355135,1.244336217036884,0.009113847331647424,1.2443362170368837,0.009514584586845024,0.004048340664402347,,,,,,
original_n5000,original,5k,5000,4984,Attentive CNP,m1,matched_neural,continuum_1700_2000,equal bins within this window,60,30,3,10,30,a37712d1663cdeb5c35021b5d0f60da3422393ec41b7755382085a288dfbfb22,30,b8770cf279136263f3b5d58786cdd7ebadd265f7a2e5ae40d1618d5cdcff91e3,5.331021778028839,0.4829838514177502,5.3310217780288385,0.5791494570915003,0.037079696897850616,1.2286372036111497,1.6374776658524683,1.22863720361115,1.9651418755988614,0.13498520811543646,4.954161216851468,0.008674690353461582,4.954161216851468,0.010398321617708178,0.0007260825855125995,1.2701369730808763,0.11140630020576889,1.2701369730808763,0.13357896349334358,0.008622588836818117,0.28658796849270757,0.3869468655806509,0.2865879684927076,0.4643771928303542,0.03188958307879897,1.1825263292192587,0.002776399973177544,1.182526329219259,0.0033372538865222567,0.0001498842917069765,,,,,,
original_n5000,original,5k,5000,4984,Attentive CNP,m1,matched_neural,continuum_2200_2400,equal bins within this window,40,30,3,10,30,a37712d1663cdeb5c35021b5d0f60da3422393ec41b7755382085a288dfbfb22,30,b8770cf279136263f3b5d58786cdd7ebadd265f7a2e5ae40d1618d5cdcff91e3,8.260085477551282,1.5860013239305584,8.26008547755128,1.9087838487332862,0.05318302671080435,-7.088093089707658,1.8935284140275306,-7.088093089707658,2.2788597899136747,0.06350739486544023,4.11744231245437,0.015622209755866534,4.117442312454371,0.018348925478567774,0.0028991456008552433,2.5891455338441296,0.48999520667916663,2.5891455338441287,0.5897133284275987,0.01658449373878614,-2.188983365762864,0.5753210399293345,-2.188983365762864,0.6923973162721877,0.01935234229419649,1.3503018530771373,0.029518472510046887,1.3503018530771371,0.03543178478124166,0.0020689989671795043,,,,,,
original_n5000,original,5k,5000,4984,Attentive CNP,m1,matched_neural,equal_window_mean,equal mean of the two window-specific mean-square quantities before square root; signed bias/pull mean are equal means of window means,100,30,3,10,30,a37712d1663cdeb5c35021b5d0f60da3422393ec41b7755382085a288dfbfb22,30,b8770cf279136263f3b5d58786cdd7ebadd265f7a2e5ae40d1618d5cdcff91e3,7.010480494789553,0.7235626318195615,7.010480494789554,0.8706750323796753,0.025357550319352603,-2.9297279430482543,1.7083342322846458,-2.9297279430482543,2.0547884946869512,0.08157286790875187,4.555061170889703,0.009878872039757269,4.5550611708897035,0.011669123142174123,0.0015889124385820785,2.052063358117229,0.2682165733664267,2.0520633581172287,0.32280410736175325,0.00839688654294166,-0.9511976986350784,0.4659097973349702,-0.9511976986350782,0.5604944561318954,0.02033934963385115,1.26924726849403,0.01695994607202285,1.26924726849403,0.020362222760002113,0.001132775838869972,,,,,,
original_n5000,original,5k,5000,4984,Attentive CNP + PE,m2,matched_neural,continuum_1700_2000,equal bins within this window,60,30,3,10,30,36db7e0a77d5b61001d0f83cd785bc3932ad32b0ecb50a0a5f575518c4ca3caf,30,a005fc468356384dc4ba37ad4fdb0cc19e1b6f7304418c204bf98d7fd7785292,16.795546972425363,0.508191520159413,16.79554697242536,0.5567128976178932,0.19425323842535766,-3.15542928998631,2.3167888289944085,-3.155429289986309,2.4526250029795413,1.1438063564251,16.342923680865944,0.3273185706606187,16.342923680865947,0.35403854123185613,0.14231519537470116,3.9716490072322896,0.11661726265831635,3.971649007232289,0.12724499072096,0.04539302909245113,-0.7328050765002639,0.5470194784805795,-0.7328050765002642,0.5785937740340753,0.2708547991635913,3.867269125265453,0.0727231608194491,3.867269125265452,0.07659146603684627,0.03463361148185029,,,,,,
original_n5000,original,5k,5000,4984,Attentive CNP + PE,m2,matched_neural,continuum_2200_2400,equal bins within this window,40,30,3,10,30,36db7e0a77d5b61001d0f83cd785bc3932ad32b0ecb50a0a5f575518c4ca3caf,30,a005fc468356384dc4ba37ad4fdb0cc19e1b6f7304418c204bf98d7fd7785292,12.452859821566326,1.4058657714078693,12.452859821566328,1.6428926784034974,0.28361177929136117,-2.7575721959607695,4.482163058443917,-2.757572195960769,5.25495301960518,1.0559073254404838,11.397402336976517,0.2474359770336943,11.39740233697652,0.2829836661767251,0.07804921184046514,3.777223653900456,0.42595664796747257,3.7772236539004544,0.49786056551346425,0.08460845891729579,-0.8341772950802977,1.354157166219169,-0.8341772950802975,1.5873092464523126,0.32018223730706064,3.4592457550840487,0.09074271232104592,3.459245755084049,0.10552317823134294,0.023920379695193634,,,,,,
original_n5000,original,5k,5000,4984,Attentive CNP + PE,m2,matched_neural,equal_window_mean,equal mean of the two window-specific mean-square quantities before square root; signed bias/pull mean are equal means of window means,100,30,3,10,30,36db7e0a77d5b61001d0f83cd785bc3932ad32b0ecb50a0a5f575518c4ca3caf,30,a005fc468356384dc4ba37ad4fdb0cc19e1b6f7304418c204bf98d7fd7785292,14.795878864517942,0.8773823843907236,14.795878864517945,1.0140599373542982,0.20596479281427474,-2.9565007429735397,3.3363719700725167,-2.9565007429735393,3.8118810670491867,1.0916265265464558,14.08905231806904,0.28029599755016954,14.089052318069042,0.3158025355183621,0.0999861977764319,3.878931542086363,0.26690943383641513,3.8789315420863644,0.3096957389234815,0.05879974468993195,-0.7834911857902808,0.9344992965766171,-0.7834911857902808,1.0723651291781164,0.2933227641068566,3.669025971529691,0.07786147006493244,3.6690259715296905,0.0887111984481948,0.0256228407439109,,,,,,
original_n5000,original,5k,5000,4984,Density-guided CNP,ours,matched_neural,continuum_1700_2000,equal bins within this window,60,30,3,10,30,f9ac0c556b7a5ab88472a9585e757ff835d07c850083371a6b6234b3541ca26f,30,411241611266a8e1f93eee76748fbfd1f0013b55157c80ef7f948bb8929a1510,5.264835276748719,0.1440053000327602,5.2648352767487205,0.16597213114647397,0.04210798808486607,0.7070662740616356,1.2005637812242689,0.7070662740616357,1.4336887611353386,0.14732615822691672,5.083780763835848,0.021788556708459472,5.083780763835847,0.020704203340450145,0.012293205933514377,1.255663517116735,0.03217457983261315,1.2556635171167352,0.03696685330456349,0.00976934604200499,0.1634552188859296,0.28232775431008145,0.1634552188859296,0.33713304516999454,0.03474545867147042,1.2140356784040516,0.0063787774295861015,1.2140356784040518,0.0065774450201545615,0.002979178703799499,,,,,,
original_n5000,original,5k,5000,4984,Density-guided CNP,ours,matched_neural,continuum_2200_2400,equal bins within this window,40,30,3,10,30,f9ac0c556b7a5ab88472a9585e757ff835d07c850083371a6b6234b3541ca26f,30,411241611266a8e1f93eee76748fbfd1f0013b55157c80ef7f948bb8929a1510,4.187548485538918,0.4133635384396675,4.187548485538918,0.48471313732012616,0.08128736867487811,1.6188149663645006,0.8797162310969281,1.6188149663645006,1.0349401511359633,0.18034743645619536,3.7838047389483154,0.12411867093967344,3.783804738948316,0.14524358335021684,0.024955966568740346,1.271276876400061,0.12422004376195582,1.2712768764000613,0.14605986860691278,0.02301276242756992,0.48851132737196096,0.26975959560375873,0.48851132737196096,0.31705825180561803,0.05649592459848418,1.1492891675808659,0.035345915780005344,1.149289167580866,0.041772639129938074,0.006326462660420223,,,,,,
original_n5000,original,5k,5000,4984,Density-guided CNP,ours,matched_neural,equal_window_mean,equal mean of the two window-specific mean-square quantities before square root; signed bias/pull mean are equal means of window means,100,30,3,10,30,f9ac0c556b7a5ab88472a9585e757ff835d07c850083371a6b6234b3541ca26f,30,411241611266a8e1f93eee76748fbfd1f0013b55157c80ef7f948bb8929a1510,4.760778927985639,0.23770546579183785,4.760778927985638,0.28290287964196253,0.03479172744328075,1.162940620213068,1.0281524097365025,1.162940620213068,1.233748252377734,0.08680635826438611,4.481837275295545,0.043302936118666334,4.481837275295544,0.04923942383108923,0.01359856876844885,1.2646235228663938,0.07266153565921472,1.264623522866394,0.08628923903936607,0.010832333188332141,0.3259832731289453,0.27268857638787203,0.3259832731289453,0.3269285740727867,0.025235471137709544,1.1822842109659488,0.014443647386270256,1.1822842109659486,0.01679863087970242,0.003710772255538642,,,,,,
original_n10000,original,10k,10000,9980,CNP,m0,matched_neural,continuum_1700_2000,equal bins within this window,60,30,3,10,30,bcc0897bebcc8ed17975fc978186b56ac50f7e81f70dee92defc77df831faf8f,30,040d6e0df9921ed3ab4d2d793059588bf730371ee889debc4971a4c57b7057fa,5.258456185391766,0.39504046278168137,5.258456185391764,0.4691999287734377,0.06248836941514798,1.3923216993414664,1.2288695845821436,1.3923216993414664,1.4295247930996986,0.30283992426974216,4.940026928368871,0.0028126250663524197,4.940026928368872,0.003364687073290182,0.0003118366507189904,1.2527674132304194,0.09140074202954707,1.2527674132304192,0.10857467087854036,0.014309659852275494,0.3256050137691227,0.2904945691789699,0.3256050137691227,0.33792804792296777,0.07158640211483952,1.1789435495520435,0.0010705398802907816,1.1789435495520435,0.0012568658820481108,0.00023176863732114414,,,,,,
original_n10000,original,10k,10000,9980,CNP,m0,matched_neural,continuum_2200_2400,equal bins within this window,40,30,3,10,30,bcc0897bebcc8ed17975fc978186b56ac50f7e81f70dee92defc77df831faf8f,30,040d6e0df9921ed3ab4d2d793059588bf730371ee889debc4971a4c57b7057fa,6.31202010254236,0.7780452919803781,6.31202010254236,0.8490788295652372,0.3244004193567833,-4.823921056626696,1.0227762620969412,-4.823921056626697,1.1242011546044637,0.418468894080578,4.018094520557251,0.016823396945101828,4.018094520557251,0.015872139504912956,0.007315249620446367,1.9980421328827365,0.2485176833950258,1.9980421328827365,0.27261524596930825,0.10133913745623731,-1.5035002101957353,0.3126579451892756,-1.503500210195735,0.34398528301643116,0.127351027651761,1.3024542428619041,0.02224335533593634,1.302454242861904,0.024460617926812773,0.008172822235522523,,,,,,
original_n10000,original,10k,10000,9980,CNP,m0,matched_neural,equal_window_mean,equal mean of the two window-specific mean-square quantities before square root; signed bias/pull mean are equal means of window means,100,30,3,10,30,bcc0897bebcc8ed17975fc978186b56ac50f7e81f70dee92defc77df831faf8f,30,040d6e0df9921ed3ab4d2d793059588bf730371ee889debc4971a4c57b7057fa,5.8335382680933545,0.2953544102388179,5.833538268093355,0.29608460063782055,0.15132028473429412,-1.715799678642615,1.0967443028215285,-1.7157996786426148,1.2456510854320624,0.3594516143728592,4.502729312030947,0.006760200063679757,4.502729312030946,0.005745683928335423,0.0033618073586957303,1.673369883711573,0.12256522074683622,1.6733698837115731,0.12971571125163261,0.05578929382105657,-0.5889475982133061,0.29342925767060174,-0.5889475982133062,0.3320968358712612,0.09915460676799609,1.2422735975948833,0.012182824933738054,1.242273597594883,0.013439910829162094,0.0044082007710920775,,,,,,
original_n10000,original,10k,10000,9980,Attentive CNP,m1,matched_neural,continuum_1700_2000,equal bins within this window,60,30,3,10,30,af8855ec23bd9e1d8a600eee49c61f8a8919ea2bfca4dbf753f9fd27c207eb2f,30,97f1ba34b55b9d679803f6e0eba90848ba0f7eaa2043e84ff4b860b4b8e14b4d,5.635003830204252,0.4213974831688833,5.635003830204251,0.5006102945100118,0.06431459810374271,2.599877155973348,0.8517181055719623,2.5998771559733482,1.0103932277694638,0.1377233227143984,4.946140037077976,0.004477271186016437,4.946140037077977,0.0053804651074034265,0.00025998894317510313,1.340544163148377,0.09848038979122191,1.3405441631483772,0.11699293260702168,0.01501931887566906,0.6119139580526051,0.20141948347546632,0.6119139580526048,0.23894950971840648,0.03254518426421953,1.1801593142967317,0.0012786274249993997,1.1801593142967317,0.0015378538259304417,5.7721951636917426e-05,,,,,,
original_n10000,original,10k,10000,9980,Attentive CNP,m1,matched_neural,continuum_2200_2400,equal bins within this window,40,30,3,10,30,af8855ec23bd9e1d8a600eee49c61f8a8919ea2bfca4dbf753f9fd27c207eb2f,30,97f1ba34b55b9d679803f6e0eba90848ba0f7eaa2043e84ff4b860b4b8e14b4d,6.631613134367968,1.1749976075377966,6.631613134367968,1.4124180287393786,0.06816032451491111,-5.089543400465605,1.5702013286838326,-5.0895434004656055,1.8879933265094808,0.0870165782166934,4.126020364567268,0.0460241633318072,4.126020364567268,0.0527249549424725,0.011932227318106588,2.111047205287191,0.36935959122141604,2.111047205287191,0.4439637770846995,0.02157542760854773,-1.5914186169787155,0.47790815602586845,-1.5914186169787152,0.5746224963799622,0.026559032130187125,1.3540457614751014,0.04021223367493845,1.3540457614751016,0.047799503011552565,0.00532271410853673,,,,,,
original_n10000,original,10k,10000,9980,Attentive CNP,m1,matched_neural,equal_window_mean,equal mean of the two window-specific mean-square quantities before square root; signed bias/pull mean are equal means of window means,100,30,3,10,30,af8855ec23bd9e1d8a600eee49c61f8a8919ea2bfca4dbf753f9fd27c207eb2f,30,97f1ba34b55b9d679803f6e0eba90848ba0f7eaa2043e84ff4b860b4b8e14b4d,6.201203226107167,0.4118754854722108,6.201203226107167,0.4929960878618399,0.0438621950490015,-1.2448331222461284,1.206001748633327,-1.2448331222461289,1.447509483889854,0.09052289827273925,4.5546359045820415,0.02269584318481797,4.5546359045820415,0.02618210155832066,0.00550572874627583,1.7797808103254218,0.17556837110702886,1.7797808103254216,0.21076571082566373,0.012069070441026635,-0.4897523294630553,0.3383394525752419,-0.48975232946305525,0.4063063646342858,0.024022413162275325,1.2702066947908779,0.021938860710531003,1.2702066947908779,0.026084948867217628,0.0028681962860568036,,,,,,
original_n10000,original,10k,10000,9980,Attentive CNP + PE,m2,matched_neural,continuum_1700_2000,equal bins within this window,60,30,3,10,30,f109f404c87035d175adc6faf99de8e0003f4d5d24272547302e283747565fc9,30,d266a8dab9afd372f10f746ac76fb4c85f5068aa07dea724d9c9fbeab2589783,13.146843027036486,0.3596208381829598,13.146843027036487,0.2103819519078685,0.31384988017205157,-5.273630551605124,1.2575306936221742,-5.273630551605124,0.8271896210873947,1.0869067351751893,11.9823282387864,0.22389484713698088,11.9823282387864,0.19916716388757913,0.15546867389494115,3.130762655402812,0.08706657672869911,3.130762655402812,0.05157032183461073,0.07581003954924805,-1.262820672437545,0.2968249327026616,-1.262820672437545,0.19505385524708654,0.25668127029038673,2.8506238167240014,0.05628412308263115,2.8506238167240014,0.05354642074069735,0.03551923683614731,,,,,,
original_n10000,original,10k,10000,9980,Attentive CNP + PE,m2,matched_neural,continuum_2200_2400,equal bins within this window,40,30,3,10,30,f109f404c87035d175adc6faf99de8e0003f4d5d24272547302e283747565fc9,30,d266a8dab9afd372f10f746ac76fb4c85f5068aa07dea724d9c9fbeab2589783,9.8388757986931,0.9458765975762746,9.8388757986931,0.760278617698596,0.696259465998491,-6.161810921317611,1.9047047776522845,-6.161810921317611,1.7904869035037274,1.2280493458764452,7.483153201957024,0.4501388456107021,7.483153201957024,0.5227968624484624,0.12314820092740957,2.9609720492639577,0.30948281208636685,2.960972049263958,0.26504457144360133,0.21553349378674555,-1.8741117198850765,0.582430146621935,-1.8741117198850763,0.5508668751682245,0.37191657002604983,2.237563026040631,0.1161539696700449,2.237563026040631,0.13396297460207202,0.03454653304481528,,,,,,
original_n10000,original,10k,10000,9980,Attentive CNP + PE,m2,matched_neural,equal_window_mean,equal mean of the two window-specific mean-square quantities before square root; signed bias/pull mean are equal means of window means,100,30,3,10,30,f109f404c87035d175adc6faf99de8e0003f4d5d24272547302e283747565fc9,30,d266a8dab9afd372f10f746ac76fb4c85f5068aa07dea724d9c9fbeab2589783,11.617963391755966,0.5924908747490633,11.617963391755966,0.4205882354743559,0.47402571190182896,-5.717720736461369,1.500366820734034,-5.7177207364613665,1.2020308900241365,1.1558912096121006,9.991753768641898,0.2765057894674192,9.991753768641898,0.2937144349013115,0.1341585713570941,3.0493623764853806,0.19260912872643585,3.0493623764853814,0.15197931716847993,0.14415377430891782,-1.5684661961613104,0.4188560136391364,-1.5684661961613104,0.3467696270133149,0.3138890275374791,2.5629637295790793,0.07639261330624975,2.5629637295790784,0.08344183117809786,0.03301714287128452,,,,,,
original_n10000,original,10k,10000,9980,Density-guided CNP,ours,matched_neural,continuum_1700_2000,equal bins within this window,60,30,3,10,30,3bbb760535f3698e78f16f4f161b08e7eb3ff66adcbf81a34b25a493e1bd0e9f,30,c324d36edb8438a4e1731e843348e473946d61630dfd11379545446f7cb6ce79,5.292415814927523,0.35796450321852263,5.292415814927524,0.4231412823136503,0.05934562796243801,1.2147763278150407,1.4338924600140088,1.2147763278150407,1.6929005595170956,0.2382576152568506,4.966857228345846,0.026278418323458425,4.966857228345847,0.02995642454523627,0.007532615336836653,1.2588997397282968,0.08139841561905284,1.258899739728297,0.09614178942715067,0.013841260270442753,0.2820602539649257,0.3382824495774139,0.2820602539649257,0.39936397967324233,0.05633124112260451,1.183651596766559,0.004961450074513329,1.183651596766559,0.0054852522632731805,0.0017631236607729992,,,,,,
original_n10000,original,10k,10000,9980,Density-guided CNP,ours,matched_neural,continuum_2200_2400,equal bins within this window,40,30,3,10,30,3bbb760535f3698e78f16f4f161b08e7eb3ff66adcbf81a34b25a493e1bd0e9f,30,c324d36edb8438a4e1731e843348e473946d61630dfd11379545446f7cb6ce79,4.343218977978617,0.1856161381046982,4.343218977978615,0.17316577922499368,0.09942757829184751,-0.5965976997208805,1.9394875571137349,-0.5965976997208807,2.3203639159002756,0.19244136786614152,3.8599688897626176,0.07434147494996683,3.8599688897626176,0.06947079954011132,0.0401435323570681,1.3544848522605477,0.05723754593677971,1.354484852260548,0.046312942230204664,0.0356453178689625,-0.20972704407700996,0.590644515409701,-0.2097270440770099,0.7064061497049533,0.060278120633641484,1.2066410759661177,0.024825926851934778,1.206641075966118,0.017668236740744147,0.017667933782388658,,,,,,
original_n10000,original,10k,10000,9980,Density-guided CNP,ours,matched_neural,equal_window_mean,equal mean of the two window-specific mean-square quantities before square root; signed bias/pull mean are equal means of window means,100,30,3,10,30,3bbb760535f3698e78f16f4f161b08e7eb3ff66adcbf81a34b25a493e1bd0e9f,30,c324d36edb8438a4e1731e843348e473946d61630dfd11379545446f7cb6ce79,4.843976226428467,0.22989175425809333,4.843976226428465,0.25893124329900374,0.06974570760825871,0.30908931404708,1.6452533954592137,0.30908931404708007,1.9763681364844088,0.1052395089542107,4.448122121806532,0.042302515979097594,4.448122121806531,0.04441326959806155,0.0174822910737792,1.3086705693749048,0.04428879850400489,1.308670569374905,0.04174519733913363,0.02334102902855789,0.03616660494395783,0.45333148588685424,0.03616660494395788,0.5447008782357463,0.027819650465202433,1.1952711519001797,0.012186343763033868,1.1952711519001795,0.007887886347629231,0.00896017767490792,,,,,,
seed20260910_n5000,seed20260910,5k,5000,4981,CNP,m0,matched_neural,continuum_1700_2000,equal bins within this window,60,30,3,10,30,863f733b442660ff8441c3e5d3b6362f18d66ef3eb1d4cab3259a8fda647bb8a,30,3ebe86d5c8be10284710ea3567529cb43a08632ebe4dcd85cbcabb8eb196547e,5.688678750321102,0.635567982919576,5.6886787503211025,0.758466792887221,0.07282494490857487,2.305468833831371,1.7493858439572787,2.3054688338313714,2.0945005262866334,0.19340728464671772,4.947526510473277,0.0018876083380400053,4.947526510473275,0.0021109394095869005,0.0005785981912038085,1.3530047651228672,0.147458953887899,1.3530047651228667,0.17594915825269367,0.016996605104847195,0.5413108045663813,0.41346919423037454,0.5413108045663814,0.4950354022906939,0.04572753161654721,1.180408379129685,0.0013217045036899742,1.1804083791296855,0.0015608458937955885,0.00022412615832437211,,,,,,
seed20260910_n5000,seed20260910,5k,5000,4981,CNP,m0,matched_neural,continuum_2200_2400,equal bins within this window,40,30,3,10,30,863f733b442660ff8441c3e5d3b6362f18d66ef3eb1d4cab3259a8fda647bb8a,30,3ebe86d5c8be10284710ea3567529cb43a08632ebe4dcd85cbcabb8eb196547e,7.244681304404336,1.9701431439741768,7.244681304404335,2.3531877692445713,0.23848723163595012,-5.761227106693042,2.4697388435040915,-5.761227106693039,2.952034395549725,0.2989324832704004,4.141186053458126,0.006412462216912195,4.141186053458126,0.0074510520407234234,0.0014094424368531642,2.272931181268379,0.6124690399141656,2.272931181268379,0.7315604085431667,0.07436113497323805,-1.7860555842183998,0.750880333396979,-1.7860555842184,0.8974983735349783,0.0909592425902438,1.3388335505790243,0.0371410659460743,1.338833550579024,0.04427258925252388,0.004876830300450979,,,,,,
seed20260910_n5000,seed20260910,5k,5000,4981,CNP,m0,matched_neural,equal_window_mean,equal mean of the two window-specific mean-square quantities before square root; signed bias/pull mean are equal means of window means,100,30,3,10,30,863f733b442660ff8441c3e5d3b6362f18d66ef3eb1d4cab3259a8fda647bb8a,30,3ebe86d5c8be10284710ea3567529cb43a08632ebe4dcd85cbcabb8eb196547e,6.619780403757343,0.8344061232624772,6.619780403757344,0.9913269059753497,0.11397807474391043,-1.7278791364308341,2.1059906891560813,-1.7278791364308344,2.51936584707803,0.2450672710241907,4.56220651484256,0.0037457811106353335,4.5622065148425595,0.004303424104811706,0.0009259945173994581,1.8951899250864355,0.3191978609703726,1.8951899250864355,0.38037398815107293,0.03907479527495368,-0.6223723898260095,0.5812407178045592,-0.6223723898260093,0.6952470864871779,0.06805318905196787,1.2622158919217943,0.02029694467500902,1.2622158919217943,0.024184026653784295,0.0027040174932033215,,,,,,
seed20260910_n5000,seed20260910,5k,5000,4981,Attentive CNP,m1,matched_neural,continuum_1700_2000,equal bins within this window,60,30,3,10,30,8479259d78f17b62bb1cebf96e1ce732578ceb82a548a2120206577f6dc125dc,30,4cee5cd6c88c59f4d86e92067b1a72c2add03599d0814310d2fabee88c46d18f,5.26335088511706,0.24190967720681825,5.26335088511706,0.2836882076280168,0.04470835285786151,1.4582717395684464,1.016167170162425,1.4582717395684464,1.211676314149432,0.14125926870923405,4.963332607860508,0.005500995886120807,4.963332607860507,0.006577031248204979,0.0005275702718316055,1.2538405197087847,0.055378138156492826,1.2538405197087847,0.06489600278265746,0.01031610555423648,0.34073211656992347,0.23996827451496916,0.34073211656992336,0.28613556029328596,0.03337574073125265,1.184616039563541,0.0013438140858178529,1.1846160395635414,0.0016100919683534852,0.00012226672765632874,,,,,,
seed20260910_n5000,seed20260910,5k,5000,4981,Attentive CNP,m1,matched_neural,continuum_2200_2400,equal bins within this window,40,30,3,10,30,8479259d78f17b62bb1cebf96e1ce732578ceb82a548a2120206577f6dc125dc,30,4cee5cd6c88c59f4d86e92067b1a72c2add03599d0814310d2fabee88c46d18f,9.226985383610883,0.9845957411366031,9.226985383610883,1.18287971908203,0.06370956841877613,-8.218249362368613,1.1124299550499488,-8.218249362368612,1.3362949768858248,0.07305683895535654,4.163925897615897,0.015150830633869008,4.163925897615896,0.01817918230648489,0.0012217349568119003,2.888018913379935,0.3017584995630833,2.888018913379934,0.36254967033441415,0.019086172894130168,-2.5329201443919565,0.3376615301003609,-2.5329201443919565,0.4056230293391732,0.021980636614961063,1.3793015807541629,0.017735291524255074,1.3793015807541629,0.021283426889743884,0.0013534865057865007,,,,,,
seed20260910_n5000,seed20260910,5k,5000,4981,Attentive CNP,m1,matched_neural,equal_window_mean,equal mean of the two window-specific mean-square quantities before square root; signed bias/pull mean are equal means of window means,100,30,3,10,30,8479259d78f17b62bb1cebf96e1ce732578ceb82a548a2120206577f6dc125dc,30,4cee5cd6c88c59f4d86e92067b1a72c2add03599d0814310d2fabee88c46d18f,7.52669278320993,0.5243702627718073,7.526692783209931,0.6302801116525443,0.030118676933695857,-3.379988811400083,1.0004523313036318,-3.3799888114000836,1.1984523682674555,0.10128386975875943,4.5811031718718365,0.009862750100879903,4.581103171871837,0.01182740173817724,0.0007925205865281261,2.2294370523434908,0.18048438381561518,2.2294370523434903,0.21693480886664598,0.010421044719973972,-1.0960940139110165,0.2720121898336304,-1.0960940139110165,0.3260211207865461,0.02601888208462159,1.2856705139761717,0.010080855062324782,1.2856705139761722,0.012099089073972745,0.0007392681456044116,,,,,,
seed20260910_n5000,seed20260910,5k,5000,4981,Attentive CNP + PE,m2,matched_neural,continuum_1700_2000,equal bins within this window,60,30,3,10,30,41d7a40589a0710abaa08ad68a0a63c2edd9e46d96b67196256f19e758a71372,30,4080e25453c538816e757e5f1b8516f6b0723c1c0e84a8bc133b872dff951c63,14.207385512533751,0.7411980314567549,14.207385512533747,0.8233532310919546,0.2600788311860813,-3.5756668265470632,2.6839512094368136,-3.5756668265470637,2.94637192663238,1.1422910935813257,13.511455184815174,0.2740055039226056,13.511455184815174,0.28768821200456673,0.13005106024263802,3.367520987025089,0.1870691164277794,3.3675209870250895,0.20908822238141112,0.06364174457862043,-0.8548345176616328,0.6365787922752084,-0.8548345176616327,0.6989962781826461,0.27059766355415127,3.201213739375603,0.06261287184340614,3.201213739375602,0.06487779397355774,0.030778393463056178,,,,,,
seed20260910_n5000,seed20260910,5k,5000,4981,Attentive CNP + PE,m2,matched_neural,continuum_2200_2400,equal bins within this window,40,30,3,10,30,41d7a40589a0710abaa08ad68a0a63c2edd9e46d96b67196256f19e758a71372,30,4080e25453c538816e757e5f1b8516f6b0723c1c0e84a8bc133b872dff951c63,13.599534848319754,1.0300475896229668,13.599534848319754,1.1684053577728966,0.3410654133012503,-5.563130719552608,2.3314617662220005,-5.563130719552606,2.487171242728182,1.1201282094586686,12.221802167115042,0.6413222410346546,12.221802167115044,0.7414482030413431,0.1795080430613245,4.098181477137091,0.309528740746045,4.098181477137092,0.3511052954654339,0.10315721506538829,-1.6659064186727188,0.7008306640137382,-1.6659064186727186,0.7464229151235867,0.3386900962585964,3.688426433464586,0.18526944877942755,3.688426433464586,0.21368144638639613,0.05290681543189727,,,,,,
seed20260910_n5000,seed20260910,5k,5000,4981,Attentive CNP + PE,m2,matched_neural,equal_window_mean,equal mean of the two window-specific mean-square quantities before square root; signed bias/pull mean are equal means of window means,100,30,3,10,30,41d7a40589a0710abaa08ad68a0a63c2edd9e46d96b67196256f19e758a71372,30,4080e25453c538816e757e5f1b8516f6b0723c1c0e84a8bc133b872dff951c63,13.909366669500034,0.8548691287175173,13.909366669500036,0.959473937394617,0.2915871407430006,-4.569398773049835,2.4698840222365517,-4.569398773049835,2.668663874569627,1.129387484395292,12.885078735706012,0.4264056862642456,12.885078735706012,0.4818149277960852,0.14363893674188874,3.7513887607183016,0.2448397244892228,3.7513887607183016,0.27577082387097557,0.08326532096922935,-1.260370468167176,0.65875295991069,-1.2603704681671757,0.7100906365363784,0.30414960180745604,3.4540958772798516,0.11963868821956931,3.454095877279851,0.13535367565162443,0.039807678330668846,,,,,,
seed20260910_n5000,seed20260910,5k,5000,4981,Density-guided CNP,ours,matched_neural,continuum_1700_2000,equal bins within this window,60,30,3,10,30,8f4ab92a63753eabaf14f53ab1533ae3425cddac9c1641584537ce1b871695da,30,27e7add7bc8ecc8a0ab2215dbb507189a64514fe87dd3c3dff177d212f747311,5.594326876378788,0.18017895991178934,5.594326876378788,0.21117314902551007,0.04164601028497984,-0.46852611270215166,0.2584459463928705,-0.4685261127021518,0.2537763464276747,0.14158553644740804,5.56807118157847,0.20436852381133971,5.56807118157847,0.23719306422998712,0.05426568746260808,1.3226492646654289,0.040735814945546324,1.322649264665429,0.047843932818210394,0.009043220898530506,-0.11426107135571258,0.061092909695151756,-0.11426107135571258,0.06039436303100691,0.03305696712994847,1.3161483513449352,0.046555451350524614,1.3161483513449352,0.054141739053947716,0.012075541303987141,,,,,,
seed20260910_n5000,seed20260910,5k,5000,4981,Density-guided CNP,ours,matched_neural,continuum_2200_2400,equal bins within this window,40,30,3,10,30,8f4ab92a63753eabaf14f53ab1533ae3425cddac9c1641584537ce1b871695da,30,27e7add7bc8ecc8a0ab2215dbb507189a64514fe87dd3c3dff177d212f747311,5.498031746926644,0.2501713925358455,5.498031746926645,0.2689178124897261,0.10362079985450003,-0.32859840088684844,0.5012648385430503,-0.32859840088684844,0.5915290434348858,0.09154008398055123,5.4656686624932105,0.2582118163416453,5.465668662493209,0.28334999447393155,0.09827019080023806,1.673854280880674,0.08596840905989908,1.673854280880674,0.09387364361667451,0.034268461785245084,-0.07115319603522356,0.1470877801129319,-0.07115319603522353,0.17351796646506404,0.02710513823127403,1.6659251659850267,0.08895530576008792,1.6659251659850265,0.09890862149785938,0.032504397040785574,,,,,,
seed20260910_n5000,seed20260910,5k,5000,4981,Density-guided CNP,ours,matched_neural,equal_window_mean,equal mean of the two window-specific mean-square quantities before square root; signed bias/pull mean are equal means of window means,100,30,3,10,30,8f4ab92a63753eabaf14f53ab1533ae3425cddac9c1641584537ce1b871695da,30,27e7add7bc8ecc8a0ab2215dbb507189a64514fe87dd3c3dff177d212f747311,5.547205833124538,0.1953021845347204,5.547205833124537,0.22921047148148627,0.040720449809806325,-0.3985622567945,0.3344403254967139,-0.3985622567945,0.3918122312239292,0.0758486371891866,5.517929195831539,0.2117544511203441,5.517929195831538,0.25078653771024145,0.035921469902948124,1.50873610242481,0.06173477307272955,1.50873610242481,0.07131180072228772,0.016045887020707663,-0.09270713369546807,0.09339894741250068,-0.09270713369546807,0.10992909112391591,0.019188445186868727,1.5014939906197442,0.06563683364583266,1.5014939906197444,0.07679980196030242,0.01442836128425772,,,,,,
seed20260911_n5000,seed20260911,5k,5000,4980,CNP,m0,matched_neural,continuum_1700_2000,equal bins within this window,60,30,3,10,30,9fcd9cc5894f1b1b4055be475349cca3fbffd6883a9a43b456c18a28f8b8a1ba,30,c789dc7ebf5c7eb68e5eac94381135a3131c4ea85326c166ffe6be957aa3b7e4,5.598518836683749,0.8221038761139656,5.598518836683748,0.9837780502809617,0.0861094440133486,2.0842621428104056,1.8399781001419742,2.084262142810406,2.1816082532335956,0.31299058224223164,4.937602603741585,0.0016211713533687629,4.937602603741585,0.001859910962481348,0.0004573578219106012,1.3324372316991555,0.19211110414754778,1.3324372316991555,0.22989544961975855,0.019982708977901848,0.489946081196711,0.4350196675865228,0.48994608119671096,0.5157924162996674,0.0739928903067013,1.1781698066126696,0.00037190433110850194,1.1781698066126698,0.00038956160001228174,0.00015421873198960824,,,,,,
seed20260911_n5000,seed20260911,5k,5000,4980,CNP,m0,matched_neural,continuum_2200_2400,equal bins within this window,40,30,3,10,30,9fcd9cc5894f1b1b4055be475349cca3fbffd6883a9a43b456c18a28f8b8a1ba,30,c789dc7ebf5c7eb68e5eac94381135a3131c4ea85326c166ffe6be957aa3b7e4,5.381104561897532,1.3312364940219379,5.3811045618975335,1.5653073181311694,0.24526614699973323,-3.132449422351971,2.315112044710967,-3.1324494223519714,2.7416326314946073,0.4259486565210087,3.954515363196768,0.19797359817967675,3.954515363196768,0.23814025958652643,0.0064583018797211905,1.696400049999448,0.42551423707099306,1.696400049999448,0.5010542279298996,0.07795247768719948,-0.98798130130985,0.7039357521876516,-0.9879813013098501,0.8336636708985194,0.12936303580354117,1.2628022867188755,0.055851322416804024,1.2628022867188753,0.06678334254967339,0.006489318484260289,,,,,,
seed20260911_n5000,seed20260911,5k,5000,4980,CNP,m0,matched_neural,equal_window_mean,equal mean of the two window-specific mean-square quantities before square root; signed bias/pull mean are equal means of window means,100,30,3,10,30,9fcd9cc5894f1b1b4055be475349cca3fbffd6883a9a43b456c18a28f8b8a1ba,30,c789dc7ebf5c7eb68e5eac94381135a3131c4ea85326c166ffe6be957aa3b7e4,5.575336058059717,0.5072231825858898,5.575336058059719,0.5842711266799939,0.13600029346265885,-0.5240936397707829,2.047733837443607,-0.524093639770783,2.4254382922904565,0.3690423402085751,4.474442211198331,0.08730049820677631,4.47444221119833,0.10502621595724344,0.0026839674272824154,1.5484256808656232,0.1883979673620657,1.5484256808656234,0.21846848483854509,0.04425603663200578,-0.2490176100565696,0.5615696909912716,-0.24901761005656964,0.6651287883058513,0.10156735284081918,1.2215027919101904,0.029045969911219,1.2215027919101906,0.034731126890573366,0.0033721302824646915,,,,,,
seed20260911_n5000,seed20260911,5k,5000,4980,Attentive CNP,m1,matched_neural,continuum_1700_2000,equal bins within this window,60,30,3,10,30,b6ba87d0a4965313977a3574b75bedb0d30064545b0dd0cf5b5c9970837ec4fa,30,1ee323e7be864229446ab5727db740945161d67b586bafddc7d1dc2abdef3f2c,5.75807250607774,0.2319495499288715,5.758072506077741,0.2585110829684088,0.08052191372561372,2.920798572766795,0.47285921964859823,2.9207985727667953,0.5323927599805212,0.15645205138937343,4.9457229179997,0.004992544067511765,4.9457229179997,0.006003160024652195,0.00024294315874099186,1.3689597151627004,0.054259870306262135,1.3689597151627007,0.06048320007894758,0.018809362333021672,0.6875436244213043,0.11199880196024685,0.6875436244213043,0.12614284009801818,0.03696794620254041,1.1798530683452784,0.0012832587053273746,1.1798530683452784,0.0015432991968658358,6.0784302981145767e-05,,,,,,
seed20260911_n5000,seed20260911,5k,5000,4980,Attentive CNP,m1,matched_neural,continuum_2200_2400,equal bins within this window,40,30,3,10,30,b6ba87d0a4965313977a3574b75bedb0d30064545b0dd0cf5b5c9970837ec4fa,30,1ee323e7be864229446ab5727db740945161d67b586bafddc7d1dc2abdef3f2c,6.353355027134853,1.2198321151037375,6.353355027134854,1.4667004634064917,0.06415383088380777,-4.7272223675483875,1.5551061240304067,-4.7272223675483875,1.8693302884466558,0.0870404997063029,4.137275053350655,0.04651372581045441,4.137275053350655,0.054833248190717436,0.0065679747906655156,2.0133057884779,0.3889523936365573,2.0133057884779,0.46770666195820826,0.020123929187210437,-1.477510608780817,0.4763166432430832,-1.4775106087808167,0.5725894213839001,0.026445385552738083,1.3398519833909754,0.046447605087695534,1.3398519833909752,0.055670607901196836,0.0032270354503094244,,,,,,
seed20260911_n5000,seed20260911,5k,5000,4980,Attentive CNP,m1,matched_neural,equal_window_mean,equal mean of the two window-specific mean-square quantities before square root; signed bias/pull mean are equal means of window means,100,30,3,10,30,b6ba87d0a4965313977a3574b75bedb0d30064545b0dd0cf5b5c9970837ec4fa,30,1ee323e7be864229446ab5727db740945161d67b586bafddc7d1dc2abdef3f2c,6.099853986907632,0.554517363713047,6.099853986907632,0.6666693561066238,0.028108255409269103,-0.9032118973907959,1.0045172296367544,-0.9032118973907958,1.200621373126326,0.10882937102756692,4.559510221589514,0.023510426067307303,4.559510221589513,0.02781645871914265,0.0030642835058916997,1.7306551918111346,0.21115847359577422,1.7306551918111346,0.25405085440599806,0.007348572808636783,-0.39498349217975615,0.29178321685369696,-0.3949834921797562,0.3493054515971704,0.02778888660441918,1.262557929644194,0.025311249487656375,1.2625579296441938,0.030339761766966525,0.0017463685922636295,,,,,,
seed20260911_n5000,seed20260911,5k,5000,4980,Attentive CNP + PE,m2,matched_neural,continuum_1700_2000,equal bins within this window,60,30,3,10,30,4386c23e15586047a091a70898834f71c5d42fee4c36cb588bd513f2a770c3a0,30,81a24a17f62962f31643c80d864e1c288cb79e0378297faa2bfb08e7638f2f64,15.229459359274811,1.0644806904998214,15.229459359274813,1.207940626438789,0.31312530080216844,-5.239504506962479,2.740504252187855,-5.23950450696248,2.9727581249464508,1.226626995979595,14.07994762865251,0.2774826551398652,14.07994762865251,0.23909119107603738,0.196391771302026,3.5823712958766376,0.2553591637092468,3.5823712958766385,0.2908876238621225,0.07221152045202127,-1.2179694185566312,0.652095284929202,-1.2179694185566312,0.7082821213949843,0.2902203785426994,3.3162983701851743,0.06497021086713604,3.3162983701851743,0.053895095869441294,0.04782411730995012,,,,,,
seed20260911_n5000,seed20260911,5k,5000,4980,Attentive CNP + PE,m2,matched_neural,continuum_2200_2400,equal bins within this window,40,30,3,10,30,4386c23e15586047a091a70898834f71c5d42fee4c36cb588bd513f2a770c3a0,30,81a24a17f62962f31643c80d864e1c288cb79e0378297faa2bfb08e7638f2f64,12.116042759088966,1.7790689086102265,12.116042759088964,1.962148374162994,0.6353690740698993,-6.406843933464699,3.9976983797658194,-6.4068439334647005,4.540427560795479,1.36915121462818,9.657538528635744,0.3110104300548601,9.657538528635746,0.3345581484550813,0.1393462937077843,3.568483455055797,0.5020905884509285,3.5684834550557967,0.5475639194719161,0.18562714565990157,-1.8727132751984714,1.2085602489485407,-1.8727132751984719,1.3719979979819412,0.4154734363733002,2.836241903731856,0.12252600977032406,2.8362419037318563,0.1341400688538814,0.05148974540198762,,,,,,
seed20260911_n5000,seed20260911,5k,5000,4980,Attentive CNP + PE,m2,matched_neural,equal_window_mean,equal mean of the two window-specific mean-square quantities before square root; signed bias/pull mean are equal means of window means,100,30,3,10,30,4386c23e15586047a091a70898834f71c5d42fee4c36cb588bd513f2a770c3a0,30,81a24a17f62962f31643c80d864e1c288cb79e0378297faa2bfb08e7638f2f64,13.77258437131213,1.3496543230517806,13.772584371312135,1.503452737545083,0.4550018882024632,-5.823174220213589,3.280554241106723,-5.82317422021359,3.6488010734894325,1.29612841985947,12.074358748352939,0.22814536837733437,12.074358748352937,0.19310176137621146,0.16450173504445406,3.5780466893359257,0.3732535431918412,3.5780466893359257,0.4125865849925782,0.12925754017280625,-1.5453413468775516,0.9083277058215329,-1.5453413468775512,1.0133959126878398,0.3523928948186689,3.0864569134615483,0.06537591138491233,3.086456913461548,0.055178569203550534,0.04748494037822059,,,,,,
seed20260911_n5000,seed20260911,5k,5000,4980,Density-guided CNP,ours,matched_neural,continuum_1700_2000,equal bins within this window,60,30,3,10,30,351f08c1d4ea225c0b0ff1a508504cfa505c89b1e5c935d7c4f9b9db86f8fe38,30,2da918278e9f9975f51aada9a60430f84a923ec9dced53b5e3355ce8f602b8bf,5.359121162562898,0.19957938899318733,5.359121162562897,0.23495068120356646,0.03569545281837177,1.1601255635698737,1.2275216437944028,1.160125563569874,1.4642150709998796,0.15737496245309054,5.094572945036381,0.03986980268745216,5.094572945036382,0.045445061560153384,0.01100278351607453,1.2723311932248578,0.047253561117402,1.2723311932248578,0.05575353574113727,0.008105043762602166,0.27437395557916705,0.2903426889860317,0.27437395557916705,0.34637823803402723,0.036998991561604945,1.2100068885527044,0.01009345975252694,1.2100068885527044,0.011636991781874786,0.002569737091884164,,,,,,
seed20260911_n5000,seed20260911,5k,5000,4980,Density-guided CNP,ours,matched_neural,continuum_2200_2400,equal bins within this window,40,30,3,10,30,351f08c1d4ea225c0b0ff1a508504cfa505c89b1e5c935d7c4f9b9db86f8fe38,30,2da918278e9f9975f51aada9a60430f84a923ec9dced53b5e3355ce8f602b8bf,4.495435677859684,0.2057038643498047,4.495435677859683,0.19564341572244284,0.0987947180377957,1.6154861819666744,0.760823833970512,1.6154861819666744,0.8268314184921176,0.3227721452399955,4.127457463950555,0.2147661453506599,4.127457463950555,0.2558623068415405,0.03202123221072497,1.3697814961049544,0.06191913363286802,1.3697814961049541,0.05921532016538344,0.029098939152415026,0.48950739157819956,0.2291519759911773,0.48950739157819956,0.24850538247314555,0.09817468794182854,1.259341317632708,0.061777233339884774,1.259341317632708,0.07351934326744587,0.009679517788498968,,,,,,
seed20260911_n5000,seed20260911,5k,5000,4980,Density-guided CNP,ours,matched_neural,equal_window_mean,equal mean of the two window-specific mean-square quantities before square root; signed bias/pull mean are equal means of window means,100,30,3,10,30,351f08c1d4ea225c0b0ff1a508504cfa505c89b1e5c935d7c4f9b9db86f8fe38,30,2da918278e9f9975f51aada9a60430f84a923ec9dced53b5e3355ce8f602b8bf,4.946846084447235,0.1847043503726627,4.946846084447235,0.21505890451831153,0.04185092941396359,1.3878058727682743,0.9311833207355547,1.3878058727682738,1.107861516983479,0.1464529618533883,4.637405789112061,0.1151550640800434,4.6374057891120595,0.13706047058159024,0.017074505724101168,1.322136489369341,0.05035837853068063,1.3221364893693408,0.05697732848645425,0.01439481044786775,0.38194067357868333,0.24225560156051837,0.3819406735786833,0.28688884055851244,0.04457024122904606,1.235181910156571,0.035932527467706254,1.235181910156571,0.042779687440470934,0.005383950548750921,,,,,,
context_only,not_applicable,context-only,0,0,Kernel,kernel_context_only,context_only_classical,continuum_1700_2000,equal bins within this window,60,10,0,10,1,8581cc0c7ae2294c071318dacc05f531fe43c97b1ccf8b37863b2a454f6a29ca,1,8581cc0c7ae2294c071318dacc05f531fe43c97b1ccf8b37863b2a454f6a29ca,7.722241066285894,1.4033482356313145,,,1.4033482356313145,1.1873870117297454,4.859930790963562,,,4.859930790963562,6.179685382790023,0.7817507557353748,,,0.7817507557353748,1.8293924043969079,0.3304361700425988,,,0.3304361700425988,0.279454085143139,1.146676584453985,,,1.146676584453985,1.4671899317813621,0.185065974617282,,,0.185065974617282,,,,,,
context_only,not_applicable,context-only,0,0,Kernel,kernel_context_only,context_only_classical,continuum_2200_2400,equal bins within this window,40,10,0,10,1,8581cc0c7ae2294c071318dacc05f531fe43c97b1ccf8b37863b2a454f6a29ca,1,8581cc0c7ae2294c071318dacc05f531fe43c97b1ccf8b37863b2a454f6a29ca,7.277312527524465,3.39467558729073,,,3.39467558729073,-4.295290822368934,5.57938354728599,,,5.57938354728599,4.098393750675398,0.2744579641208269,,,0.2744579641208269,2.259898714492196,1.06971849263736,,,1.06971849263736,-1.3396601287708374,1.6938804718277614,,,1.6938804718277614,1.3217236013132652,0.12046023531296614,,,0.12046023531296614,,,,,,
context_only,not_applicable,context-only,0,0,Kernel,kernel_context_only,context_only_classical,equal_window_mean,equal mean of the two window-specific mean-square quantities before square root; signed bias/pull mean are equal means of window means,100,10,0,10,1,8581cc0c7ae2294c071318dacc05f531fe43c97b1ccf8b37863b2a454f6a29ca,1,8581cc0c7ae2294c071318dacc05f531fe43c97b1ccf8b37863b2a454f6a29ca,7.6545647153704195,2.0482310114891598,,,2.0482310114891598,-1.5539519053195945,2.4509857043152627,,,2.4509857043152627,5.25668094426828,0.433185194244833,,,0.433185194244833,2.098034311021344,0.6576304150126419,,,0.6576304150126419,-0.5301030218138492,0.7063503886772556,,,0.7063503886772556,1.4008145045223146,0.10252668204569691,,,0.10252668204569691,,,,,,
full_n18866_plus_context,not_applicable,18.9k+500,18866,18866,Pooled-data kernel,kernel_pooled_data,stronger_data_control,continuum_1700_2000,equal bins within this window,60,10,0,10,1,8581cc0c7ae2294c071318dacc05f531fe43c97b1ccf8b37863b2a454f6a29ca,1,8581cc0c7ae2294c071318dacc05f531fe43c97b1ccf8b37863b2a454f6a29ca,6.085616097138565,0.5815719353839689,,,0.5815719353839689,2.6538117330630335,0.19121742915483625,,,0.19121742915483625,5.467819884714788,0.6380943027300265,,,0.6380943027300265,1.4483686460402736,0.13951280667393554,,,0.13951280667393554,0.6236383952348772,0.04563901727560598,,,0.04563901727560598,1.3052311767787994,0.15224714914818097,,,0.15224714914818097,,,,,,
full_n18866_plus_context,not_applicable,18.9k+500,18866,18866,Pooled-data kernel,kernel_pooled_data,stronger_data_control,continuum_2200_2400,equal bins within this window,40,10,0,10,1,8581cc0c7ae2294c071318dacc05f531fe43c97b1ccf8b37863b2a454f6a29ca,1,8581cc0c7ae2294c071318dacc05f531fe43c97b1ccf8b37863b2a454f6a29ca,3.8617610921614847,0.3869073325260053,,,0.3869073325260053,0.21515887083199553,0.5337475384950652,,,0.5337475384950652,3.8229364583418564,0.3806310446216036,,,0.3806310446216036,1.168019843661225,0.09386036368721602,,,0.09386036368721602,0.053329611800967666,0.16591278012113497,,,0.16591278012113497,1.1564944790030418,0.08882738106768255,,,0.08882738106768255,,,,,,
full_n18866_plus_context,not_applicable,18.9k+500,18866,18866,Pooled-data kernel,kernel_pooled_data,stronger_data_control,equal_window_mean,equal mean of the two window-specific mean-square quantities before square root; signed bias/pull mean are equal means of window means,100,10,0,10,1,8581cc0c7ae2294c071318dacc05f531fe43c97b1ccf8b37863b2a454f6a29ca,1,8581cc0c7ae2294c071318dacc05f531fe43c97b1ccf8b37863b2a454f6a29ca,5.097325680469782,0.4839620675680901,,,0.4839620675680901,1.4344853019475143,0.29427509037615013,,,0.29427509037615013,4.717997122524157,0.5216127011943106,,,0.5216127011943106,1.3160543628257548,0.11423696176832535,,,0.11423696176832535,0.33848400351792246,0.0891362032641105,,,0.0891362032641105,1.2334149519828537,0.12121048152362254,,,0.12121048152362254,,,,,,
context_only,not_applicable,context-only,0,0,Bernoulli GP,bernoulli_gp_matern32,context_only_classical,continuum_1700_2000,equal bins within this window,60,10,0,10,10,a0aa187830554f790cba28a0fec8df38dc43b4652a896dc3c8d0d7e006652598,10,99d5fe238056d08b0f5ada05d386fc18d6e1ed416f2d862a008f2c1ce9e6dd67,7.499010038341069,1.7678778914646,,,1.7678778914646,0.22168741287319058,3.87383792078017,,,3.87383792078017,6.555120168490911,1.674415528258817,,,1.674415528258817,1.7774846433181204,0.4161608703309033,,,0.4161608703309033,0.051637839597317714,0.9117237615891485,,,0.9117237615891485,1.5569638889205009,0.3949730323346937,,,0.3949730323346937,,,,,,
context_only,not_applicable,context-only,0,0,Bernoulli GP,bernoulli_gp_matern32,context_only_classical,continuum_2200_2400,equal bins within this window,40,10,0,10,10,a0aa187830554f790cba28a0fec8df38dc43b4652a896dc3c8d0d7e006652598,10,99d5fe238056d08b0f5ada05d386fc18d6e1ed416f2d862a008f2c1ce9e6dd67,8.237452822337184,3.564269400345019,,,3.564269400345019,-4.165616125953576,5.61318973225942,,,5.61318973225942,5.454298980902457,2.0630073968351135,,,2.0630073968351135,2.527855987979525,1.1118325312818154,,,1.1118325312818154,-1.2798849879303957,1.7160644574812007,,,1.7160644574812007,1.7084241324663516,0.5729089680341862,,,0.5729089680341862,,,,,,
context_only,not_applicable,context-only,0,0,Bernoulli GP,bernoulli_gp_matern32,context_only_classical,equal_window_mean,equal mean of the two window-specific mean-square quantities before square root; signed bias/pull mean are equal means of window means,100,10,0,10,10,a0aa187830554f790cba28a0fec8df38dc43b4652a896dc3c8d0d7e006652598,10,99d5fe238056d08b0f5ada05d386fc18d6e1ed416f2d862a008f2c1ce9e6dd67,8.02165755546185,2.3145996076599458,,,2.3145996076599458,-1.9719643565401928,1.667093645523186,,,1.667093645523186,6.111913246871427,1.556654338721455,,,1.556654338721455,2.223896344132599,0.7174425866123362,,,0.7174425866123362,-0.6141235741665388,0.5533765018704249,,,0.5533765018704249,1.6543230346028923,0.4116941326151307,,,0.4116941326151307,,,,,,
all_three_5k_subsets,original+seed20260910+seed20260911,5k,5000,,CNP,m0,between_training_subset_summary,continuum_1700_2000,equal bins within this window,60,90,3,10,90,e251eb7eb651ca70ce537bae222cb232f35728a86f198b2cb74e5621aa8f59e9,90,c6bf949af87b63f0f9f829903ff6009e53e79e6c3283464197909841e00582b4,5.485596761360817,,5.485596761360817,0.6920875515960923,0.06696598832015219,1.6875681918812122,,1.6875681918812122,1.9696334671337945,0.26523095865255564,4.944094551301945,,4.944094551301945,0.00337735168802617,0.0006740648419767069,1.3060046343499927,,1.3060046343499927,0.1606406420389798,0.01565159279044299,0.3953806665644179,,0.3953806665644179,0.4655744458622792,0.0627027412377913,1.1798290598175012,,1.1798290598175012,0.001366394292372925,0.00027483083974694434,0.2773556002488622,0.8855985213194101,0.005625266919051821,0.06442072669077543,0.20985272652351475,0.001458593376459284
all_three_5k_subsets,original+seed20260910+seed20260911,5k,5000,,CNP,m0,between_training_subset_summary,continuum_2200_2400,equal bins within this window,40,90,3,10,90,e251eb7eb651ca70ce537bae222cb232f35728a86f198b2cb74e5621aa8f59e9,90,c6bf949af87b63f0f9f829903ff6009e53e79e6c3283464197909841e00582b4,6.531703028680684,,6.531703028680684,1.7571668045515567,0.28235848755752535,-4.836268872721699,,-4.836268872721699,2.468533316938668,0.38870246264738423,4.04216293397415,,4.04216293397415,0.10306617647712152,0.00414379904515416,2.053016520860116,,2.053016520860116,0.5529298634629883,0.08852102095965841,-1.5046122780864966,,-1.5046122780864966,0.7511221336104046,0.11825257004791893,1.3020959513608827,,1.3020959513608827,0.04241279130487995,0.006225075865484404,1.0059140830708553,1.4773579878382819,0.09385381708777255,0.3116289060184923,0.4480129134048192,0.038080025917549006
all_three_5k_subsets,original+seed20260910+seed20260911,5k,5000,,CNP,m0,between_training_subset_summary,equal_window_mean,equal mean of the two window-specific mean-square quantities before square root; signed bias/pull mean are equal means of window means,100,90,3,10,90,e251eb7eb651ca70ce537bae222cb232f35728a86f198b2cb74e5621aa8f59e9,90,c6bf949af87b63f0f9f829903ff6009e53e79e6c3283464197909841e00582b4,6.120218231193395,,6.120218231193395,0.7494111690967196,0.15310879416430376,-1.5743503404202432,,-1.5743503404202432,2.193727003793429,0.32547077291571963,4.516346760800029,,4.516346760800029,0.04540830768858834,0.0018727575729393132,1.742406499753675,,1.742406499753675,0.28081242853862154,0.05123639572846936,-0.5546158057610393,,-0.5546158057610393,0.6016082357737402,0.09008547285877948,1.2426849669562896,,1.2426849669562896,0.022809912710400893,0.003374829480023453,0.523694972912348,0.9825301937909008,0.04401563336095165,0.1770149123501179,0.277983672298622,0.0204067169887811
all_three_5k_subsets,original+seed20260910+seed20260911,5k,5000,,Attentive CNP,m1,between_training_subset_summary,continuum_1700_2000,equal bins within this window,60,90,3,10,90,40daef980e9a61df4831a719a653b22a2a2c1525ed356ffb94db00a68841925c,90,80ffc6772ba53e086d05d22c9f872438ccc62141f97c61b05f7ddb66053e6fb4,5.45081505640788,,5.45081505640788,0.3737829158959753,0.054103321160441954,1.8692358386487973,,1.8692358386487973,1.2364036499096047,0.14423217607134797,4.954405580903892,,4.954405580903892,0.007659504296855117,0.0004988653386950656,1.2976457359841207,,1.2976457359841207,0.08631938878498287,0.01258268557469209,0.43828790316131183,,0.43828790316131183,0.2922185310738861,0.03407775667086401,1.1823318123760262,,1.1823318123760262,0.002163548350580526,0.00011097844078148365,0.2682353308572341,0.9178895047146853,0.00880738778475429,0.0622949140607755,0.217552770904857,0.0023874361369943544
all_three_5k_subsets,original+seed20260910+seed20260911,5k,5000,,Attentive CNP,m1,between_training_subset_summary,continuum_2200_2400,equal bins within this window,40,90,3,10,90,40daef980e9a61df4831a719a653b22a2a2c1525ed356ffb94db00a68841925c,90,80ffc6772ba53e086d05d22c9f872438ccc62141f97c61b05f7ddb66053e6fb4,7.946808629432339,,7.946808629432339,1.519454677073936,0.06034880867112941,-6.677854939874886,,-6.677854939874886,1.828161685082052,0.0745349111756999,4.13954775447364,,4.13954775447364,0.030453785325256704,0.003562951782777553,2.4968234119006545,,2.4968234119006545,0.47332322024007367,0.018598198606708916,-2.0664713729785458,,-2.0664713729785458,0.5568699223317536,0.022592788153965215,1.3564851390740917,,1.3564851390740917,0.03746193985739413,0.002216506974425143,1.4622054042064816,1.7813025779817822,0.023324982318599908,0.44460464838896996,0.5382650028069065,0.020438748795352096
all_three_5k_subsets,original+seed20260910+seed20260911,5k,5000,,Attentive CNP,m1,between_training_subset_summary,equal_window_mean,equal mean of the two window-specific mean-square quantities before square root; signed bias/pull mean are equal means of window means,100,90,3,10,90,40daef980e9a61df4831a719a653b22a2a2c1525ed356ffb94db00a68841925c,90,80ffc6772ba53e086d05d22c9f872438ccc62141f97c61b05f7ddb66053e6fb4,6.8790090883023725,,6.8790090883023725,0.722541500046281,0.027861494220772522,-2.404309550613045,,-2.404309550613045,1.4846207453602442,0.0972287028983594,4.565224854783685,,4.565224854783685,0.017104327866498004,0.0018152388436673012,2.0040518674239514,,2.0040518674239514,0.26459659021146575,0.008722168023850804,-0.814091734908617,,-0.814091734908617,0.4119403428385373,0.02471570610763064,1.272491904038132,,1.272491904038132,0.020933691200313794,0.0012061375255793376,0.7224477736841171,1.3193385978490295,0.01392979641618315,0.25283327219330254,0.3701182579765436,0.0118930077560826
all_three_5k_subsets,original+seed20260910+seed20260911,5k,5000,,Attentive CNP + PE,m2,between_training_subset_summary,continuum_1700_2000,equal bins within this window,60,90,3,10,90,2b22546ccc790d10ecca86acf2b92038beffe4399499095df83ae262321c4a15,90,64ff3144a6b2958df544ab39a035477953601063def8163bd336f3eb1b419eef,15.410797281411305,,15.410797281411305,0.862668918382879,0.25581912347120245,-3.9902002078319505,,-3.9902002078319505,2.7905850181861243,1.170908148662007,14.64477549811121,,14.64477549811121,0.29360598143748673,0.1562526756397884,3.640513763378006,,3.640513763378006,0.20907361232149788,0.06041543137436428,-0.9352030042395093,,-0.9352030042395093,0.6619573912039018,0.2772242804201473,3.461593744942076,,3.461593744942076,0.06512145195994844,0.037745374084952196,1.303574898930114,1.1021437386535298,1.4978572537528225,0.30623206248730445,0.252369629565169,0.35600632538275306
all_three_5k_subsets,original+seed20260910+seed20260911,5k,5000,,Attentive CNP + PE,m2,between_training_subset_summary,continuum_2200_2400,equal bins within this window,40,90,3,10,90,2b22546ccc790d10ecca86acf2b92038beffe4399499095df83ae262321c4a15,90,64ff3144a6b2958df544ab39a035477953601063def8163bd336f3eb1b419eef,12.722812476325016,,12.722812476325016,1.5911488034464627,0.42001542222083693,-4.909182282992692,,-4.909182282992692,4.094183941042947,1.1817289165091107,11.09224767757577,,11.09224767757577,0.4529966725577164,0.132301182869858,3.8146295286977807,,3.8146295286977807,0.4655099268169381,0.12446427321419522,-1.4575989963171627,,-1.4575989963171627,1.2352433865192802,0.35811525664631905,3.327971364093497,,3.327971364093497,0.1511148978238735,0.04277231350969284,0.7777165431961898,1.9105058156926944,1.3090842320195684,0.26682278435550444,0.5497119538051872,0.440998120717542
all_three_5k_subsets,original+seed20260910+seed20260911,5k,5000,,Attentive CNP + PE,m2,between_training_subset_summary,equal_window_mean,equal mean of the two window-specific mean-square quantities before square root; signed bias/pull mean are equal means of window means,100,90,3,10,90,2b22546ccc790d10ecca86acf2b92038beffe4399499095df83ae262321c4a15,90,64ff3144a6b2958df544ab39a035477953601063def8163bd336f3eb1b419eef,14.15927663511004,,14.15927663511004,1.1589955374313328,0.3175179405865795,-4.449691245412321,,-4.449691245412321,3.3764486717027484,1.1723808102670725,13.016163267375996,,13.016163267375996,0.3302397415635529,0.13604228985425823,3.7361223307135307,,3.7361223307135307,0.33268438259567845,0.09044086861065585,-1.1964010002783358,,-1.1964010002783358,0.9319505594674449,0.31662175357766054,3.40319292075703,,3.40319292075703,0.09308114776778992,0.037638486484266785,0.5555395108718448,1.437080939059351,1.0137232910396259,0.1510222552059173,0.384932444207631,0.29460144278613765
all_three_5k_subsets,original+seed20260910+seed20260911,5k,5000,,Density-guided CNP,ours,between_training_subset_summary,continuum_1700_2000,equal bins within this window,60,90,3,10,90,a2d97121ee63b67acaf73ceebdd287a8a4982707caeebdcd313ebbfa61eee330,90,d35f43b3cc66d951b178000b22103a9422ba40b4ab4de31c3728457e0f1a3145,5.406094438563469,,5.406094438563469,0.20403198712518347,0.03981648372940589,0.466221908309786,,0.466221908309786,1.0505600595209643,0.14876221904247178,5.2488082968169,,5.2488082968169,0.1011141097101969,0.02585389230406566,1.2835479916690073,,1.2835479916690073,0.04685477395463705,0.008972536901045887,0.10785603436979468,,0.10785603436979468,0.24796854874500954,0.03493380578767461,1.246730306100564,,1.246730306100564,0.024118725285325687,0.005874819033223601,0.16969397470259376,0.8406135122883334,0.2765424198626247,0.034873127464666046,0.20019427571564843,0.06015152983157433
all_three_5k_subsets,original+seed20260910+seed20260911,5k,5000,,Density-guided CNP,ours,between_training_subset_summary,continuum_2200_2400,equal bins within this window,40,90,3,10,90,a2d97121ee63b67acaf73ceebdd287a8a4982707caeebdcd313ebbfa61eee330,90,d35f43b3cc66d951b178000b22103a9422ba40b4ab4de31c3728457e0f1a3145,4.727005303441749,,4.727005303441749,0.31642478851076505,0.09456762885572462,0.9685675824814423,,0.9685675824814423,0.8177668710209889,0.198219888558914,4.4589769551306935,,4.4589769551306935,0.22815196155522965,0.05174912985990113,1.4383042177952297,,1.4383042177952297,0.09971627746299024,0.02879338778841001,0.30228850763831233,,0.30228850763831233,0.24636053358127588,0.06059191692386225,1.3581852170662,,1.3581852170662,0.07140020129841444,0.01617012582990159,0.6852444550768121,1.1233799274988228,0.8885918321168098,0.2098539115443621,0.323410385683454,0.27213190928882197
all_three_5k_subsets,original+seed20260910+seed20260911,5k,5000,,Density-guided CNP,ours,between_training_subset_summary,equal_window_mean,equal mean of the two window-specific mean-square quantities before square root; signed bias/pull mean are equal means of window means,100,90,3,10,90,a2d97121ee63b67acaf73ceebdd287a8a4982707caeebdcd313ebbfa61eee330,90,d35f43b3cc66d951b178000b22103a9422ba40b4ab4de31c3728457e0f1a3145,5.084943615185804,,5.084943615185804,0.24239075188058679,0.03912103555568355,0.7173947453956139,,0.7173947453956139,0.9111406668617139,0.103035985768987,4.879057420079714,,4.879057420079714,0.14569547737430696,0.022198181465166045,1.365165371553515,,1.365165371553515,0.07152612274936936,0.013757676885635853,0.20507227100405348,,0.20507227100405348,0.24124883525173835,0.029664719184541444,1.3063200372474215,,1.3063200372474215,0.04545937342682526,0.007841028029515761,0.41099880204041267,0.9729651167973797,0.5587201893720923,0.1276179901157382,0.25939783743060424,0.17108242370609464
