method,architecture_id,context_size,training_seed,overlapping_context_draw_count,peak_region_mean_mae_percentage_points_context_mean,peak_region_mean_mae_percentage_points_context_sd,peak_region_mean_mae_percentage_points_context_range,continuum_region_mean_mae_percentage_points_context_mean,continuum_region_mean_mae_percentage_points_context_sd,continuum_region_mean_mae_percentage_points_context_range,sparse_tail_mae_percentage_points_context_mean,sparse_tail_mae_percentage_points_context_sd,sparse_tail_mae_percentage_points_context_range,global_brier_context_mean,global_brier_context_sd,global_brier_context_range,equal_region_brier_context_mean,equal_region_brier_context_sd,equal_region_brier_context_range
CNP,m0,250,0,10,7.637580822528333,0.02078950052747564,0.07808158946927701,4.535715752387681,0.059657591881894415,0.1713528843441985,9.555061428124443,0.2938230764648675,0.9741671147009985,0.233176031278883,0.0002978100344484758,0.0008158669007816699,0.20614317295214102,0.00031861595713418816,0.0009924802821921208
CNP,m0,500,0,10,7.647041170465845,0.023992385984086134,0.06876589416108914,4.570879310317992,0.05796980356533515,0.15399743534914023,9.363250144621004,0.2739595999174094,0.7068261349620961,0.23303464993616047,0.0002506326699290544,0.0007516467073832578,0.2059453556823116,0.0002745181979977155,0.0006715985144460368
CNP,m0,1000,0,10,7.664383588421853,0.06046974822431882,0.16603552046296421,4.615936441565708,0.10686601208406098,0.31920996635442567,9.213052777448237,0.3427600542453285,0.9833069522213567,0.23291427271861936,0.00029324520180487,0.0008998851586795586,0.20580529967404598,0.00031035289087753777,0.0008942917668525174
CNP,m0,2000,0,10,7.640268969614311,0.016018200516065544,0.04755350693041027,4.579647509778497,0.040747704645395476,0.13071501871550062,9.31655748211197,0.16697931517773154,0.5167914058805803,0.23297794991134016,0.0001833368737636843,0.00057589595954044,0.2058856505742011,0.00018090769640091757,0.0005693644466311931
CNP,m0,250,1,10,8.292147136481683,0.07682696146253437,0.27046724551797574,4.490053161047823,0.1302348222979287,0.46532904719981794,7.428722095980843,0.2208273039936159,0.7756532639831333,0.2313145411538715,8.717876876613597e-05,0.00026436824186301666,0.20538602904756592,9.258545183724941e-05,0.0003212925855777815
CNP,m0,500,1,10,8.344175237778582,0.06883238803196452,0.18716112963718246,4.574406070022612,0.12279227925309891,0.3439664975356367,7.283694812687436,0.19575439570164832,0.5338760892598042,0.23128522729327955,6.3426447637828e-05,0.00020342962907210493,0.20533669397082704,6.754071571833054e-05,0.00020070719760198474
CNP,m0,1000,1,10,8.384875575774931,0.083254573587691,0.24364580114420953,4.6517459825546545,0.17392881090966883,0.4979021026903201,7.173836491344669,0.23027417799553906,0.6530123837736515,0.23127129637323435,4.53770980164109e-05,0.00014480711683967362,0.20531092585270155,5.693288042307059e-05,0.0001608510229413329
CNP,m0,2000,1,10,8.356907958930837,0.03952968775858215,0.11970256148248737,4.5880805695271025,0.07441202738099974,0.22730031846320475,7.24979532574319,0.11387113048212706,0.3481248803477479,0.2312817485086908,3.57394398409185e-05,0.00011284464023050833,0.20532359121882804,4.274848555934463e-05,0.00014027885937203943
CNP,m0,250,2,10,7.995544882889999,0.048001419654711316,0.16090876900622586,4.602676550310223,0.044892535101552465,0.15220272758730768,8.783231277009568,0.26308510593807416,1.0025904257946419,0.2352265334744879,0.0005695062750931057,0.002166928432025206,0.2069696627104883,0.00032222987651425554,0.0012204451830427898
CNP,m0,500,2,10,7.988903439544828,0.03923779403920323,0.1170693985045057,4.6107205221260035,0.03308781355145137,0.10478049995091254,8.667672434779439,0.20857006044271642,0.6176318285577427,0.2350496071396319,0.00043209629690346186,0.0013467540929234523,0.2068787205018173,0.00024136278419615735,0.0007562411423123194
CNP,m0,1000,2,10,7.982628453377875,0.02387990155437256,0.07023716533197444,4.622504875382837,0.0384361845102151,0.09634817659910766,8.564614019972058,0.20569246623268678,0.5753573410090969,0.23486523890773006,0.0003648439929209642,0.0009689648830275288,0.20678050422628305,0.00019267230998008735,0.0004993781280802079
CNP,m0,2000,2,10,7.980494527406028,0.02041935697436284,0.0722956535980197,4.607795291394362,0.02008374476118718,0.06186198499210427,8.628570366715149,0.1147090031450561,0.368638776474846,0.2349712138124987,0.00022600378167999128,0.0007463499423517872,0.20683374120154513,0.00012388002196243308,0.0004161985490066522
Attentive CNP,m1,250,0,10,8.162160774918618,0.04405387328974546,0.14717243045508077,6.299635025970273,0.06159231624158845,0.2039295872700393,7.204453715385116,0.08905794146924784,0.29494270456013094,0.2320171488743092,4.4372195864562716e-05,0.00016444923631539488,0.20614089526634283,6.919745324497528e-05,0.00022668362775637996
Attentive CNP,m1,500,0,10,8.122830513206603,0.036706608867200535,0.10394199479354427,6.276476482293637,0.04857891074297427,0.15893834248471173,7.118108953163889,0.07186704505585163,0.215518152662999,0.23203689568596303,3.421059514257392e-05,9.930471137958863e-05,0.20615245842441188,5.5582511335776656e-05,0.00017947592256817302
Attentive CNP,m1,1000,0,10,8.14550177667482,0.027414172107369007,0.07994406745891602,6.2736523757001885,0.03451471554314144,0.10745059450945771,7.206004385562667,0.04765138756996041,0.1685336896692773,0.23204670420069018,3.364336167340329e-05,0.00010833218716099768,0.20615950153516566,6.210781678475564e-05,0.00017987198361152368
Attentive CNP,m1,2000,0,10,8.15550940185743,0.013948872390219906,0.04329083541375489,6.265944851159036,0.017577065098583134,0.05613420422303683,7.258672472638013,0.0203041834011518,0.06651619280254728,0.23203022798077738,1.9073908958910667e-05,5.640540604076594e-05,0.20613285884513965,3.420648623509334e-05,9.611365462805499e-05
Attentive CNP,m1,250,1,10,8.63513359760057,0.010243251606047712,0.033009593732304054,5.431776275710894,0.04419610262102445,0.14794529191888728,7.440189275680733,0.0429718088602938,0.1370022775768902,0.23111067868731444,2.837772233895817e-05,9.326306256624006e-05,0.2061498089315789,4.671024966026006e-05,0.0001448634233418289
Attentive CNP,m1,500,1,10,8.60946348216077,0.006108096332294072,0.01972879108447856,5.4336515804262735,0.04254304266715546,0.12556130662456777,7.329455099127695,0.03315674311699422,0.11115425900600329,0.23111212344467477,2.1049895155940398e-05,6.45643793574513e-05,0.20618417802805028,3.813589887837766e-05,0.0001290414889691116
Attentive CNP,m1,1000,1,10,8.628377448890557,0.006824959009238802,0.019777830356975556,5.440550324281814,0.0531447376638126,0.15441254878462285,7.346101817616095,0.028446538377530382,0.07533910212552808,0.2311174927438624,1.473694999076563e-05,5.2863999890684354e-05,0.20617420594790628,4.4497767619015055e-05,0.000127288054196234
Attentive CNP,m1,2000,1,10,8.605155083512047,0.0027787855360424944,0.010496533927446094,5.426130200915009,0.01837618287260673,0.050280588347773936,7.426036743928869,0.01142656173466861,0.04156925615024232,0.23112258272351188,1.029790813989612e-05,3.43573481418058e-05,0.20617394355616975,2.064570569762629e-05,6.200741065837123e-05
Attentive CNP,m1,250,2,10,7.99939230580671,0.03987549390180834,0.14027180434001352,4.882440151661829,0.031041118440224547,0.09264959698866093,8.956889457651629,0.08771194935963468,0.2507078416599473,0.23384444454789916,3.6993854711898245e-05,0.00011621270435777098,0.2072888562829148,5.173777425136821e-05,0.00018440317509541004
Attentive CNP,m1,500,2,10,8.00294776512477,0.03183971904082522,0.10722803139401993,4.889703974272754,0.028633749955493237,0.09690059235950788,8.995219443118913,0.0767233089644648,0.26216647760185907,0.23386425774842898,2.7204112738783623e-05,7.884670491301038e-05,0.20737469132458664,3.0125188761045687e-05,9.318717146955535e-05
Attentive CNP,m1,1000,2,10,8.024180491310007,0.036180608200444664,0.10934877138252119,4.905881166507126,0.03389396745656682,0.09843098317133059,8.888521426007589,0.08411021976581298,0.2494955883813148,0.23387340600480006,2.685864150522489e-05,8.43704390637301e-05,0.20745406280291623,2.8069484334916135e-05,9.036064511133701e-05
Attentive CNP,m1,2000,2,10,8.011115680759731,0.01729739274458601,0.053734297377086016,4.897202161808941,0.014448885566974469,0.04516528703599487,8.995735785974608,0.03601825284775472,0.11336810214085702,0.23390004475752538,1.1207358376922838e-05,3.8753554419623804e-05,0.20743125143558086,2.0063293401173715e-05,6.369241154682848e-05
Attentive CNP + PE,m2,250,0,10,6.80482851260845,0.5526158942780708,2.00912135069939,7.777839947222293,0.8218761776610083,2.8821456391493916,24.97497980633594,0.9297301587826675,3.318378328108299,0.22958043047681548,0.0008432716886873385,0.0030267440273489266,0.20293312337912997,0.00037859739046482556,0.001324612899823302
Attentive CNP + PE,m2,500,0,10,7.209586854373742,0.5704563845270262,1.6031199326546357,8.296435760539236,0.8792596044167225,2.3980745732287136,24.205272319585433,0.8967934821949042,2.6569522039228275,0.23012275620994221,0.0009172454365504528,0.002551725768911439,0.20293711778885334,0.00038578938433725336,0.0012295179955919833
Attentive CNP + PE,m2,1000,0,10,7.48968686830838,0.7135054427602993,2.022200259732722,8.761367531060031,1.0469643558591126,2.914125723759902,23.905195553839782,0.9900036219257992,2.930832871518742,0.2306089276333762,0.0011270488181079647,0.0031454491473957846,0.2031907498964512,0.0005961228911599873,0.0016604306408238012
Attentive CNP + PE,m2,2000,0,10,7.2441690735021975,0.2684333066103917,0.7777256662726852,8.374077419864783,0.404197587345801,1.1791091221421066,24.308063407861333,0.48554463974795387,1.4562919226912001,0.23020072082958126,0.00042681379156304233,0.0012288935724661942,0.20319320763547197,0.00013078308494773202,0.0003881871438031481
Attentive CNP + PE,m2,250,1,10,5.393889286638616,0.21175373151480795,0.6169253881692107,6.804073992626021,0.5112229924171474,1.405496839510879,24.214574712733782,0.6244279179548651,1.751500421199026,0.2283020731478707,0.0004463375220753341,0.0013299261871197732,0.2025239227126984,0.00023689420059243115,0.0007016431420977798
Attentive CNP + PE,m2,500,1,10,5.62904938623789,0.40693142242883984,1.2638340583038472,7.264529642043412,0.6626540078883584,1.761524497647624,23.650400596308316,0.7522935655179719,2.397677803708209,0.228747144565307,0.0005819756753887981,0.0015764591911262005,0.2024013864965914,0.00016578333658784838,0.0004743331459956812
Attentive CNP + PE,m2,1000,1,10,5.884261558735516,0.4615233287439942,1.3495310379442857,7.5590786018717555,0.8496485012997216,2.4643700803465043,23.17560569654834,0.961736580793753,2.855130133462989,0.22900270794970717,0.0007195337317878875,0.0020769325008478667,0.20236767285926877,0.0002209273160755439,0.0006678209308416394
Attentive CNP + PE,m2,2000,1,10,5.7589740369674285,0.1901708191190021,0.5663748779294959,7.248125267006181,0.2886924059910655,0.9458710482021688,23.434700467196066,0.4963240444228009,1.4926291097984645,0.22874010820914945,0.00025317791815115097,0.0008204700188633174,0.2022609177429012,0.00014814937927386745,0.0004931907802609992
Attentive CNP + PE,m2,250,2,10,4.912596418268279,0.3389783756242595,1.166170179214177,6.177319724723424,0.6068808364451449,1.7779741237646682,22.42082686836423,1.0698406651919394,2.9815666896970363,0.22856632064190618,0.0004080849738032337,0.0011502086574871895,0.20082739619356774,0.00047556153889769285,0.0014390129100626814
Attentive CNP + PE,m2,500,2,10,5.1495150355179495,0.4266653627000148,1.139685390833134,6.579022613101569,0.7207159927190546,2.0395964386809826,21.88484021979884,1.185024588050061,3.244265321632966,0.22874982581893363,0.0005074235051507227,0.001424622544469123,0.20084122879433436,0.00034376016001352264,0.0013042915997127924
Attentive CNP + PE,m2,1000,2,10,5.438747380491163,0.5688494730649606,1.6710488989252292,6.907219703460633,0.9190253640358617,2.573248698606707,20.959844993033443,1.3613326678154722,3.96148264116518,0.2290141714249149,0.0006877383785127348,0.001959960900513591,0.20054450336879368,0.0002658598719068854,0.0009088721726269455
Attentive CNP + PE,m2,2000,2,10,5.168688639656281,0.1941110845665409,0.566081140063293,6.527676276653199,0.3019887541134885,0.9036515974721757,21.823269505301816,0.6005690974712649,1.8845273033195582,0.22870045257630428,0.00019880730060427645,0.0005905447851116408,0.20058502253872268,0.00021865964155521331,0.0007983531142736477
Density-guided CNP (ours),ours,250,0,10,4.090396670110239,0.42531128730143675,1.4550082154751522,4.1541401248005405,0.08877103975483217,0.2886281622215048,11.894592910910323,3.500210877731315,11.74301598763335,0.22384868287311788,0.00015025094328228048,0.0005014281799651243,0.19004121396761542,0.0014645522768065862,0.004827293041938768
Density-guided CNP (ours),ours,500,0,10,3.9365991442161437,0.24162260277649023,0.7912350947533815,4.141455890283205,0.04972875385903425,0.146526856046874,12.442172135896282,4.861843363833498,17.12478280797605,0.22385313951262434,0.00010961366030863143,0.0003893293268058817,0.19054439273752327,0.002444882984346653,0.008814968232558923
Density-guided CNP (ours),ours,1000,0,10,3.983063832392472,0.3127206616295177,1.017846689445093,4.166295445415282,0.0691126252500157,0.2396620160833569,12.247808736915786,4.417818708594586,15.13384476270727,0.2238668718582976,7.553973143441196e-05,0.0002321814197791261,0.19036246788175898,0.0020539510339670224,0.007348474423416712
Density-guided CNP (ours),ours,2000,0,10,3.845793262941958,0.15155705720380508,0.38471051763095865,4.1486607907873925,0.02617146162238865,0.07481345040394594,10.65371728330555,0.7985590422742705,3.0374100187283872,0.223810662164522,3.451250868301266e-05,9.925685500111747e-05,0.18964054165163846,0.00036574099996921743,0.0010235583027642103
Density-guided CNP (ours),ours,250,1,10,3.5562142250138775,0.3158642033083893,0.939124858182887,3.928940396851229,0.1005911728789286,0.3541755686872574,15.815199036827845,4.230393859413769,12.264640513508777,0.22348637955934464,8.17599010986639e-05,0.0002806005021243063,0.19134972486277946,0.002217276697879188,0.006742514372090613
Density-guided CNP (ours),ours,500,1,10,3.411884476705609,0.14283622949085045,0.3433021398906191,3.9466249773565556,0.05123331360234624,0.16940399137526452,15.750140765732445,5.117874323982153,14.355136711247955,0.22344116699637553,7.467867271667642e-05,0.000237195123097389,0.19167856527135502,0.0024227959007695338,0.0073498091580002645
Density-guided CNP (ours),ours,1000,1,10,3.376166346282197,0.12099056953941176,0.3721116550735335,3.9504825606427127,0.04197134875927416,0.13718359811869263,15.051628882877031,4.279931033360643,12.419870942378964,0.22341812859218893,6.499338216854706e-05,0.00017466684178238379,0.19133630447289085,0.001970986816214451,0.0067417569962509305
Density-guided CNP (ours),ours,2000,1,10,3.336034177875289,0.05720506394752143,0.18493185542242108,3.955843035078174,0.01359740071462217,0.04296348836727004,12.893719891498932,1.293449605483017,4.508593696796671,0.22340200745152758,3.471166594074069e-05,9.195020522720365e-05,0.190624683622032,0.0006032482960602297,0.0017608113546131732
Density-guided CNP (ours),ours,250,2,10,3.400556441536544,0.31579483935423186,1.040584819818331,4.114824702338689,0.12147038789418789,0.42532257641725213,16.262526275400482,4.554114810760136,13.610290619192561,0.22374357507684203,5.5996976540860305e-05,0.00018059846848403338,0.19155643647776405,0.0024445021820953304,0.0077283103946517995
Density-guided CNP (ours),ours,500,2,10,3.3212745751146775,0.1079131407151702,0.35227289788929417,4.129111070148312,0.05499784517455608,0.18214026702709596,15.911815004975761,5.874449730275487,15.306778748962099,0.22372533004078562,3.5704838042274006e-05,0.00011802259180310193,0.1919119355187172,0.0026974570208441336,0.007739043877466545
Density-guided CNP (ours),ours,1000,2,10,3.3439311210456175,0.14656464827118484,0.4805440328064656,4.135380465665996,0.04830482147518161,0.16819585125374115,14.529515110294557,4.980656545026443,14.731136838812589,0.22372162262806125,2.167456722704883e-05,7.52782723828227e-05,0.1914419211214452,0.0022352066232374694,0.007604417596102142
Density-guided CNP (ours),ours,2000,2,10,3.2582070092934323,0.014701479942342062,0.04810619656238835,4.141065815606039,0.014415572747843844,0.04209866613595992,12.247134976991394,0.9781809402366333,3.5729762820107727,0.2237252509641671,9.490108355823697e-06,3.2380209090021594e-05,0.19056478141992622,0.0005158094407783476,0.0014815695315975874
