variant,method,context_size,context_seed,feature,center_event_count,sideband_event_count,empirical_contrast_percentage_points,predicted_contrast_percentage_points,absolute_contrast_error_percentage_points
context_only,Gaussian kernel regression (context only),250,100,DEP,828,464,21.01865733799767,0.22866384393673278,20.789993494060937
context_only,Gaussian kernel regression (context only),250,100,Bi-212,790,541,-25.547158333138352,0.08680885914188474,25.633967192280238
context_only,Gaussian kernel regression (context only),250,100,SE,1356,657,-28.4731482603952,0.24993148745368066,28.723079747848878
context_only,Gaussian kernel regression (context only),250,100,FE,8522,202,-2.4836125950074477,0.033270346722430455,2.5168829417298784
context_only,Gaussian kernel regression (context only),250,101,DEP,828,464,21.01865733799767,-0.114629575192704,21.133286913190375
context_only,Gaussian kernel regression (context only),250,101,Bi-212,790,541,-25.547158333138352,-0.07802976591698707,25.469128567221368
context_only,Gaussian kernel regression (context only),250,101,SE,1356,657,-28.4731482603952,-0.054967740191647074,28.41818052020355
context_only,Gaussian kernel regression (context only),250,101,FE,8522,202,-2.4836125950074477,-0.027391784040811662,2.456220810966636
context_only,Gaussian kernel regression (context only),250,102,DEP,828,464,21.01865733799767,0.07092241492666629,20.947734923071003
context_only,Gaussian kernel regression (context only),250,102,Bi-212,790,541,-25.547158333138352,0.06750619480970776,25.61466452794806
context_only,Gaussian kernel regression (context only),250,102,SE,1356,657,-28.4731482603952,-0.000759098009034398,28.472389162386165
context_only,Gaussian kernel regression (context only),250,102,FE,8522,202,-2.4836125950074477,-0.6448562284064541,1.8387563666009936
context_only,Gaussian kernel regression (context only),250,103,DEP,828,464,21.01865733799767,0.008561563335057754,21.010095774662613
context_only,Gaussian kernel regression (context only),250,103,Bi-212,790,541,-25.547158333138352,-0.0004581251730695346,25.546700207965284
context_only,Gaussian kernel regression (context only),250,103,SE,1356,657,-28.4731482603952,0.017117656257881197,28.49026591665308
context_only,Gaussian kernel regression (context only),250,103,FE,8522,202,-2.4836125950074477,-0.07448503960046648,2.4091275554069815
context_only,Gaussian kernel regression (context only),250,104,DEP,828,464,21.01865733799767,0.02743593209912909,20.991221405898543
context_only,Gaussian kernel regression (context only),250,104,Bi-212,790,541,-25.547158333138352,0.009934337259642767,25.557092670397996
context_only,Gaussian kernel regression (context only),250,104,SE,1356,657,-28.4731482603952,0.001994310387920528,28.47514257078312
context_only,Gaussian kernel regression (context only),250,104,FE,8522,202,-2.4836125950074477,0.10578700802411078,2.5893996030315587
context_only,Gaussian kernel regression (context only),250,105,DEP,828,464,21.01865733799767,-0.025192946999108567,21.04385028499678
context_only,Gaussian kernel regression (context only),250,105,Bi-212,790,541,-25.547158333138352,-0.016126408302075124,25.531031924836277
context_only,Gaussian kernel regression (context only),250,105,SE,1356,657,-28.4731482603952,-0.04055924801967814,28.43258901237552
context_only,Gaussian kernel regression (context only),250,105,FE,8522,202,-2.4836125950074477,-0.03546574771085553,2.4481468472965924
context_only,Gaussian kernel regression (context only),250,106,DEP,828,464,21.01865733799767,-0.035686952539937256,21.054344290537607
context_only,Gaussian kernel regression (context only),250,106,Bi-212,790,541,-25.547158333138352,-0.006342364033218306,25.540815969105136
context_only,Gaussian kernel regression (context only),250,106,SE,1356,657,-28.4731482603952,-0.030313975647522362,28.442834284747676
context_only,Gaussian kernel regression (context only),250,106,FE,8522,202,-2.4836125950074477,-0.13814102680215767,2.3454715682052902
context_only,Gaussian kernel regression (context only),250,107,DEP,828,464,21.01865733799767,-0.06740776218964184,21.086065100187312
context_only,Gaussian kernel regression (context only),250,107,Bi-212,790,541,-25.547158333138352,-0.04437268686983131,25.50278564626852
context_only,Gaussian kernel regression (context only),250,107,SE,1356,657,-28.4731482603952,-0.03641474945509371,28.436733510940105
context_only,Gaussian kernel regression (context only),250,107,FE,8522,202,-2.4836125950074477,-0.07740658675514656,2.406206008252301
context_only,Gaussian kernel regression (context only),250,108,DEP,828,464,21.01865733799767,-0.04047263748570007,21.05912997548337
context_only,Gaussian kernel regression (context only),250,108,Bi-212,790,541,-25.547158333138352,-0.022598123007422366,25.524560210130932
context_only,Gaussian kernel regression (context only),250,108,SE,1356,657,-28.4731482603952,-0.0246239933865966,28.4485242670086
context_only,Gaussian kernel regression (context only),250,108,FE,8522,202,-2.4836125950074477,0.008998881407112913,2.492611476414561
context_only,Gaussian kernel regression (context only),250,109,DEP,828,464,21.01865733799767,0.013506251229244981,21.005151086768425
context_only,Gaussian kernel regression (context only),250,109,Bi-212,790,541,-25.547158333138352,0.03151436412530684,25.57867269726366
context_only,Gaussian kernel regression (context only),250,109,SE,1356,657,-28.4731482603952,-0.010102445676951621,28.463045814718246
context_only,Gaussian kernel regression (context only),250,109,FE,8522,202,-2.4836125950074477,-0.15007191693109934,2.3335406780763486
context_only,Gaussian kernel regression (context only),500,100,DEP,828,464,21.01865733799767,0.06464060401681904,20.95401673398085
context_only,Gaussian kernel regression (context only),500,100,Bi-212,790,541,-25.547158333138352,0.04551282983604743,25.5926711629744
context_only,Gaussian kernel regression (context only),500,100,SE,1356,657,-28.4731482603952,0.03298041092324455,28.506128671318443
context_only,Gaussian kernel regression (context only),500,100,FE,8522,202,-2.4836125950074477,-0.334186306454734,2.149426288552714
context_only,Gaussian kernel regression (context only),500,101,DEP,828,464,21.01865733799767,-0.023581024549335083,21.042238362547007
context_only,Gaussian kernel regression (context only),500,101,Bi-212,790,541,-25.547158333138352,-0.007781003803519759,25.539377329334833
context_only,Gaussian kernel regression (context only),500,101,SE,1356,657,-28.4731482603952,-0.06018547514205497,28.412962785253143
context_only,Gaussian kernel regression (context only),500,101,FE,8522,202,-2.4836125950074477,-0.19989719455119626,2.2837154004562517
context_only,Gaussian kernel regression (context only),500,102,DEP,828,464,21.01865733799767,0.05509471987908965,20.96356261811858
context_only,Gaussian kernel regression (context only),500,102,Bi-212,790,541,-25.547158333138352,0.04953917236585337,25.596697505504206
context_only,Gaussian kernel regression (context only),500,102,SE,1356,657,-28.4731482603952,0.009397284512968618,28.482545544908167
context_only,Gaussian kernel regression (context only),500,102,FE,8522,202,-2.4836125950074477,-0.4120888657805466,2.071523729226901
context_only,Gaussian kernel regression (context only),500,103,DEP,828,464,21.01865733799767,0.021300601521662132,20.997356736476007
context_only,Gaussian kernel regression (context only),500,103,Bi-212,790,541,-25.547158333138352,0.005912087128867594,25.553070420267222
context_only,Gaussian kernel regression (context only),500,103,SE,1356,657,-28.4731482603952,0.009360083751797088,28.482508344146996
context_only,Gaussian kernel regression (context only),500,103,FE,8522,202,-2.4836125950074477,-0.028258802420186302,2.4553537925872613
context_only,Gaussian kernel regression (context only),500,104,DEP,828,464,21.01865733799767,0.002893339683662788,21.015763998314007
context_only,Gaussian kernel regression (context only),500,104,Bi-212,790,541,-25.547158333138352,0.021633528529052537,25.568791861667407
context_only,Gaussian kernel regression (context only),500,104,SE,1356,657,-28.4731482603952,-0.009443090065069937,28.46370517033013
context_only,Gaussian kernel regression (context only),500,104,FE,8522,202,-2.4836125950074477,0.06804444324897962,2.5516570382564274
context_only,Gaussian kernel regression (context only),500,105,DEP,828,464,21.01865733799767,-0.022142362399146798,21.040799700396818
context_only,Gaussian kernel regression (context only),500,105,Bi-212,790,541,-25.547158333138352,-0.027939383944208807,25.519218949194144
context_only,Gaussian kernel regression (context only),500,105,SE,1356,657,-28.4731482603952,-0.03793993626500791,28.43520832413019
context_only,Gaussian kernel regression (context only),500,105,FE,8522,202,-2.4836125950074477,-0.0342141399598761,2.4493984550475716
context_only,Gaussian kernel regression (context only),500,106,DEP,828,464,21.01865733799767,0.019661742880749955,20.99899559511692
context_only,Gaussian kernel regression (context only),500,106,Bi-212,790,541,-25.547158333138352,0.02872756343619276,25.575885896574547
context_only,Gaussian kernel regression (context only),500,106,SE,1356,657,-28.4731482603952,-0.022967702860299255,28.4501805575349
context_only,Gaussian kernel regression (context only),500,106,FE,8522,202,-2.4836125950074477,-0.10511103931056531,2.3785015556968823
context_only,Gaussian kernel regression (context only),500,107,DEP,828,464,21.01865733799767,-0.03323740725793556,21.051894745255606
context_only,Gaussian kernel regression (context only),500,107,Bi-212,790,541,-25.547158333138352,-0.015258744403789937,25.531899588734564
context_only,Gaussian kernel regression (context only),500,107,SE,1356,657,-28.4731482603952,-0.020319811136459975,28.45282844925874
context_only,Gaussian kernel regression (context only),500,107,FE,8522,202,-2.4836125950074477,-0.10244260090486734,2.3811699941025806
context_only,Gaussian kernel regression (context only),500,108,DEP,828,464,21.01865733799767,-0.07106494086833726,21.089722278866006
context_only,Gaussian kernel regression (context only),500,108,Bi-212,790,541,-25.547158333138352,-0.036186226023482426,25.51097210711487
context_only,Gaussian kernel regression (context only),500,108,SE,1356,657,-28.4731482603952,-0.0407703662269443,28.432377894168255
context_only,Gaussian kernel regression (context only),500,108,FE,8522,202,-2.4836125950074477,-0.05900127994706017,2.4246113150603876
context_only,Gaussian kernel regression (context only),500,109,DEP,828,464,21.01865733799767,-0.017247743894677203,21.03590508189235
context_only,Gaussian kernel regression (context only),500,109,Bi-212,790,541,-25.547158333138352,0.004733616673535668,25.55189194981189
context_only,Gaussian kernel regression (context only),500,109,SE,1356,657,-28.4731482603952,-0.027516773204494527,28.445631487190703
context_only,Gaussian kernel regression (context only),500,109,FE,8522,202,-2.4836125950074477,-0.07553174154927289,2.408080853458175
context_only,Gaussian kernel regression (context only),1000,100,DEP,828,464,21.01865733799767,0.05324272648610795,20.965414611511562
context_only,Gaussian kernel regression (context only),1000,100,Bi-212,790,541,-25.547158333138352,0.03370457911756608,25.58086291225592
context_only,Gaussian kernel regression (context only),1000,100,SE,1356,657,-28.4731482603952,-0.010161220784787872,28.46298703961041
context_only,Gaussian kernel regression (context only),1000,100,FE,8522,202,-2.4836125950074477,-0.14929391014322224,2.3343186848642254
context_only,Gaussian kernel regression (context only),1000,101,DEP,828,464,21.01865733799767,-0.03542716411055746,21.05408450210823
context_only,Gaussian kernel regression (context only),1000,101,Bi-212,790,541,-25.547158333138352,-0.016771193935172235,25.53038713920318
context_only,Gaussian kernel regression (context only),1000,101,SE,1356,657,-28.4731482603952,-0.028070968488302928,28.445077291906895
context_only,Gaussian kernel regression (context only),1000,101,FE,8522,202,-2.4836125950074477,-0.1680969020702583,2.3155156929371894
context_only,Gaussian kernel regression (context only),1000,102,DEP,828,464,21.01865733799767,0.013283397996777246,21.005373940000894
context_only,Gaussian kernel regression (context only),1000,102,Bi-212,790,541,-25.547158333138352,0.012000030042103038,25.559158363180458
context_only,Gaussian kernel regression (context only),1000,102,SE,1356,657,-28.4731482603952,0.001815650836550775,28.47496391123175
context_only,Gaussian kernel regression (context only),1000,102,FE,8522,202,-2.4836125950074477,-0.22895266196580333,2.2546599330416446
context_only,Gaussian kernel regression (context only),1000,103,DEP,828,464,21.01865733799767,0.033656836304263305,20.985000501693406
context_only,Gaussian kernel regression (context only),1000,103,Bi-212,790,541,-25.547158333138352,0.029265417865509402,25.576423751003862
context_only,Gaussian kernel regression (context only),1000,103,SE,1356,657,-28.4731482603952,0.018132338393328506,28.491280598788528
context_only,Gaussian kernel regression (context only),1000,103,FE,8522,202,-2.4836125950074477,-0.018175017383342817,2.465437577624105
context_only,Gaussian kernel regression (context only),1000,104,DEP,828,464,21.01865733799767,-0.02946801586029002,21.048125353857962
context_only,Gaussian kernel regression (context only),1000,104,Bi-212,790,541,-25.547158333138352,0.003344300530305766,25.55050263366866
context_only,Gaussian kernel regression (context only),1000,104,SE,1356,657,-28.4731482603952,-0.010017377435500574,28.463130882959696
context_only,Gaussian kernel regression (context only),1000,104,FE,8522,202,-2.4836125950074477,-0.14502743134599538,2.3385851636614525
context_only,Gaussian kernel regression (context only),1000,105,DEP,828,464,21.01865733799767,0.0003079574735775914,21.018349380524093
context_only,Gaussian kernel regression (context only),1000,105,Bi-212,790,541,-25.547158333138352,0.002323082046029601,25.54948141518438
context_only,Gaussian kernel regression (context only),1000,105,SE,1356,657,-28.4731482603952,-0.028587635875981787,28.444560624519216
context_only,Gaussian kernel regression (context only),1000,105,FE,8522,202,-2.4836125950074477,-0.07987248207222963,2.403740112935218
context_only,Gaussian kernel regression (context only),1000,106,DEP,828,464,21.01865733799767,-0.022755298882193298,21.041412636879862
context_only,Gaussian kernel regression (context only),1000,106,Bi-212,790,541,-25.547158333138352,-0.003282644374624777,25.543875688763727
context_only,Gaussian kernel regression (context only),1000,106,SE,1356,657,-28.4731482603952,-0.024549902374892962,28.448598358020305
context_only,Gaussian kernel regression (context only),1000,106,FE,8522,202,-2.4836125950074477,-0.08568312345728357,2.3979294715501642
context_only,Gaussian kernel regression (context only),1000,107,DEP,828,464,21.01865733799767,0.005950106788432663,21.012707231209237
context_only,Gaussian kernel regression (context only),1000,107,Bi-212,790,541,-25.547158333138352,-0.003914648252589803,25.543243684885763
context_only,Gaussian kernel regression (context only),1000,107,SE,1356,657,-28.4731482603952,7.993466521472037e-05,28.47322819506041
context_only,Gaussian kernel regression (context only),1000,107,FE,8522,202,-2.4836125950074477,-0.10996215125324837,2.373650443754199
context_only,Gaussian kernel regression (context only),1000,108,DEP,828,464,21.01865733799767,-0.052350236427833874,21.071007574425504
context_only,Gaussian kernel regression (context only),1000,108,Bi-212,790,541,-25.547158333138352,-0.031548160703531725,25.515610172434823
context_only,Gaussian kernel regression (context only),1000,108,SE,1356,657,-28.4731482603952,-0.003539469319802091,28.469608791075395
context_only,Gaussian kernel regression (context only),1000,108,FE,8522,202,-2.4836125950074477,-0.12580958654429542,2.3578030084631525
context_only,Gaussian kernel regression (context only),1000,109,DEP,828,464,21.01865733799767,-0.027142663451518168,21.045800001449187
context_only,Gaussian kernel regression (context only),1000,109,Bi-212,790,541,-25.547158333138352,-0.011070327043960493,25.536088006094392
context_only,Gaussian kernel regression (context only),1000,109,SE,1356,657,-28.4731482603952,-0.031155001715860164,28.44199325867934
context_only,Gaussian kernel regression (context only),1000,109,FE,8522,202,-2.4836125950074477,-0.016429006301857396,2.4671835887055904
context_only,Gaussian kernel regression (context only),2000,100,DEP,828,464,21.01865733799767,0.008775108340075555,21.009882229657595
context_only,Gaussian kernel regression (context only),2000,100,Bi-212,790,541,-25.547158333138352,0.006332912490214504,25.553491245628567
context_only,Gaussian kernel regression (context only),2000,100,SE,1356,657,-28.4731482603952,-0.026970243004459382,28.44617801739074
context_only,Gaussian kernel regression (context only),2000,100,FE,8522,202,-2.4836125950074477,-0.17994225774383144,2.3036703372636165
context_only,Gaussian kernel regression (context only),2000,101,DEP,828,464,21.01865733799767,0.06606108683659961,20.952596251161072
context_only,Gaussian kernel regression (context only),2000,101,Bi-212,790,541,-25.547158333138352,-0.050535033510068494,25.496623299628286
context_only,Gaussian kernel regression (context only),2000,101,SE,1356,657,-28.4731482603952,-0.12310768176327369,28.350040578631923
context_only,Gaussian kernel regression (context only),2000,101,FE,8522,202,-2.4836125950074477,0.05462324982118405,2.5382358448286317
context_only,Gaussian kernel regression (context only),2000,102,DEP,828,464,21.01865733799767,0.010450610684265005,21.008206727313407
context_only,Gaussian kernel regression (context only),2000,102,Bi-212,790,541,-25.547158333138352,0.009647060512008032,25.55680539365036
context_only,Gaussian kernel regression (context only),2000,102,SE,1356,657,-28.4731482603952,-0.02641139709109175,28.446736863304107
context_only,Gaussian kernel regression (context only),2000,102,FE,8522,202,-2.4836125950074477,-0.19480567789742498,2.2888069171100227
context_only,Gaussian kernel regression (context only),2000,103,DEP,828,464,21.01865733799767,0.01821057599376008,21.00044676200391
context_only,Gaussian kernel regression (context only),2000,103,Bi-212,790,541,-25.547158333138352,0.014616214523011095,25.561774547661365
context_only,Gaussian kernel regression (context only),2000,103,SE,1356,657,-28.4731482603952,-0.015049552121848553,28.45809870827335
context_only,Gaussian kernel regression (context only),2000,103,FE,8522,202,-2.4836125950074477,-0.043795354975173506,2.439817240032274
context_only,Gaussian kernel regression (context only),2000,104,DEP,828,464,21.01865733799767,0.005235018911997624,21.013422319085674
context_only,Gaussian kernel regression (context only),2000,104,Bi-212,790,541,-25.547158333138352,0.015966339665351992,25.563124672803706
context_only,Gaussian kernel regression (context only),2000,104,SE,1356,657,-28.4731482603952,-0.011640333784762591,28.461507926610434
context_only,Gaussian kernel regression (context only),2000,104,FE,8522,202,-2.4836125950074477,-0.13396579306281242,2.3496468019446355
context_only,Gaussian kernel regression (context only),2000,105,DEP,828,464,21.01865733799767,0.004377857784521044,21.014279480213148
context_only,Gaussian kernel regression (context only),2000,105,Bi-212,790,541,-25.547158333138352,0.0044757564231057145,25.55163408956146
context_only,Gaussian kernel regression (context only),2000,105,SE,1356,657,-28.4731482603952,-0.028463371293374617,28.444684889101822
context_only,Gaussian kernel regression (context only),2000,105,FE,8522,202,-2.4836125950074477,-0.2070513553933978,2.27656123961405
context_only,Gaussian kernel regression (context only),2000,106,DEP,828,464,21.01865733799767,-0.07339040525392582,21.092047743251598
context_only,Gaussian kernel regression (context only),2000,106,Bi-212,790,541,-25.547158333138352,-0.06896627731541871,25.478192055822934
context_only,Gaussian kernel regression (context only),2000,106,SE,1356,657,-28.4731482603952,-0.14689661883627858,28.32625164155892
context_only,Gaussian kernel regression (context only),2000,106,FE,8522,202,-2.4836125950074477,0.021488406678096816,2.505101001685545
context_only,Gaussian kernel regression (context only),2000,107,DEP,828,464,21.01865733799767,0.025546679239485393,20.993110658758184
context_only,Gaussian kernel regression (context only),2000,107,Bi-212,790,541,-25.547158333138352,0.013133029882239633,25.560291363020593
context_only,Gaussian kernel regression (context only),2000,107,SE,1356,657,-28.4731482603952,0.00020990831664513543,28.473358168711844
context_only,Gaussian kernel regression (context only),2000,107,FE,8522,202,-2.4836125950074477,-0.17957933810880122,2.304033256898647
context_only,Gaussian kernel regression (context only),2000,108,DEP,828,464,21.01865733799767,0.05486856570994236,20.963788772287728
context_only,Gaussian kernel regression (context only),2000,108,Bi-212,790,541,-25.547158333138352,0.034117090058310984,25.581275423196665
context_only,Gaussian kernel regression (context only),2000,108,SE,1356,657,-28.4731482603952,-0.1472717085379105,28.325876551857288
context_only,Gaussian kernel regression (context only),2000,108,FE,8522,202,-2.4836125950074477,0.004749767894721146,2.488362362902169
context_only,Gaussian kernel regression (context only),2000,109,DEP,828,464,21.01865733799767,-0.03284742215449166,21.051504760152163
context_only,Gaussian kernel regression (context only),2000,109,Bi-212,790,541,-25.547158333138352,-0.11900551648397761,25.428152816654375
context_only,Gaussian kernel regression (context only),2000,109,SE,1356,657,-28.4731482603952,-0.15809158932308387,28.315056671072114
context_only,Gaussian kernel regression (context only),2000,109,FE,8522,202,-2.4836125950074477,0.0917899172721226,2.5754025122795703
pooled_data,Gaussian kernel regression (pooled data + context),250,100,DEP,828,464,21.01865733799767,16.743778323542934,4.2748790144547355
pooled_data,Gaussian kernel regression (pooled data + context),250,100,Bi-212,790,541,-25.547158333138352,-28.318619647669795,2.7714613145314426
pooled_data,Gaussian kernel regression (pooled data + context),250,100,SE,1356,657,-28.4731482603952,-22.13696690710453,6.336181353290668
pooled_data,Gaussian kernel regression (pooled data + context),250,100,FE,8522,202,-2.4836125950074477,3.728377876355504,6.211990471362952
pooled_data,Gaussian kernel regression (pooled data + context),250,101,DEP,828,464,21.01865733799767,5.22826757637298,15.79038976162469
pooled_data,Gaussian kernel regression (pooled data + context),250,101,Bi-212,790,541,-25.547158333138352,-6.735820974687556,18.811337358450796
pooled_data,Gaussian kernel regression (pooled data + context),250,101,SE,1356,657,-28.4731482603952,-4.165287184494221,24.307861075900977
pooled_data,Gaussian kernel regression (pooled data + context),250,101,FE,8522,202,-2.4836125950074477,0.058600291470586874,2.5422128864780347
pooled_data,Gaussian kernel regression (pooled data + context),250,102,DEP,828,464,21.01865733799767,5.396890500753681,15.621766837243989
pooled_data,Gaussian kernel regression (pooled data + context),250,102,Bi-212,790,541,-25.547158333138352,-6.966753039634893,18.58040529350346
pooled_data,Gaussian kernel regression (pooled data + context),250,102,SE,1356,657,-28.4731482603952,-4.170358862556695,24.302789397838502
pooled_data,Gaussian kernel regression (pooled data + context),250,102,FE,8522,202,-2.4836125950074477,0.0604449330943696,2.5440575281018174
pooled_data,Gaussian kernel regression (pooled data + context),250,103,DEP,828,464,21.01865733799767,10.440373665178804,10.578283672818866
pooled_data,Gaussian kernel regression (pooled data + context),250,103,Bi-212,790,541,-25.547158333138352,-16.595809621414958,8.951348711723394
pooled_data,Gaussian kernel regression (pooled data + context),250,103,SE,1356,657,-28.4731482603952,-12.065817222023966,16.407331038371233
pooled_data,Gaussian kernel regression (pooled data + context),250,103,FE,8522,202,-2.4836125950074477,0.3437616933060189,2.8273742883134667
pooled_data,Gaussian kernel regression (pooled data + context),250,104,DEP,828,464,21.01865733799767,1.2756308586924892,19.743026479305183
pooled_data,Gaussian kernel regression (pooled data + context),250,104,Bi-212,790,541,-25.547158333138352,-1.3662465063188023,24.18091182681955
pooled_data,Gaussian kernel regression (pooled data + context),250,104,SE,1356,657,-28.4731482603952,-0.9080374835899463,27.565110776805252
pooled_data,Gaussian kernel regression (pooled data + context),250,104,FE,8522,202,-2.4836125950074477,-0.005189757839610398,2.4784228371678374
pooled_data,Gaussian kernel regression (pooled data + context),250,105,DEP,828,464,21.01865733799767,9.333676039948436,11.684981298049236
pooled_data,Gaussian kernel regression (pooled data + context),250,105,Bi-212,790,541,-25.547158333138352,-16.344140764038762,9.203017569099591
pooled_data,Gaussian kernel regression (pooled data + context),250,105,SE,1356,657,-28.4731482603952,-12.644548167518948,15.828600092876249
pooled_data,Gaussian kernel regression (pooled data + context),250,105,FE,8522,202,-2.4836125950074477,0.32114599610791883,2.8047585911153665
pooled_data,Gaussian kernel regression (pooled data + context),250,106,DEP,828,464,21.01865733799767,1.24538478905305,19.77327254894462
pooled_data,Gaussian kernel regression (pooled data + context),250,106,Bi-212,790,541,-25.547158333138352,-1.3323981060972434,24.21476022704111
pooled_data,Gaussian kernel regression (pooled data + context),250,106,SE,1356,657,-28.4731482603952,-0.8942501170262573,27.578898143368942
pooled_data,Gaussian kernel regression (pooled data + context),250,106,FE,8522,202,-2.4836125950074477,-0.004242212762317621,2.47937038224513
pooled_data,Gaussian kernel regression (pooled data + context),250,107,DEP,828,464,21.01865733799767,1.2557696809983754,19.762887656999297
pooled_data,Gaussian kernel regression (pooled data + context),250,107,Bi-212,790,541,-25.547158333138352,-1.362086042871824,24.18507229026653
pooled_data,Gaussian kernel regression (pooled data + context),250,107,SE,1356,657,-28.4731482603952,-0.8693855366421088,27.60376272375309
pooled_data,Gaussian kernel regression (pooled data + context),250,107,FE,8522,202,-2.4836125950074477,0.002278993371321314,2.4858915883787693
pooled_data,Gaussian kernel regression (pooled data + context),250,108,DEP,828,464,21.01865733799767,5.326299346857977,15.692357991139694
pooled_data,Gaussian kernel regression (pooled data + context),250,108,Bi-212,790,541,-25.547158333138352,-6.845859584335567,18.701298748802785
pooled_data,Gaussian kernel regression (pooled data + context),250,108,SE,1356,657,-28.4731482603952,-4.197070978123513,24.276077282271686
pooled_data,Gaussian kernel regression (pooled data + context),250,108,FE,8522,202,-2.4836125950074477,0.009597430971475251,2.493210025978923
pooled_data,Gaussian kernel regression (pooled data + context),250,109,DEP,828,464,21.01865733799767,1.2739758666622691,19.7446814713354
pooled_data,Gaussian kernel regression (pooled data + context),250,109,Bi-212,790,541,-25.547158333138352,-1.3686074407154303,24.178550892422923
pooled_data,Gaussian kernel regression (pooled data + context),250,109,SE,1356,657,-28.4731482603952,-0.9265767604114183,27.54657149998378
pooled_data,Gaussian kernel regression (pooled data + context),250,109,FE,8522,202,-2.4836125950074477,-0.009128778902214862,2.474483816105233
pooled_data,Gaussian kernel regression (pooled data + context),500,100,DEP,828,464,21.01865733799767,1.2819780442353323,19.73667929376234
pooled_data,Gaussian kernel regression (pooled data + context),500,100,Bi-212,790,541,-25.547158333138352,-1.3207268665026195,24.226431466635734
pooled_data,Gaussian kernel regression (pooled data + context),500,100,SE,1356,657,-28.4731482603952,-0.8745490483772933,27.598599212017906
pooled_data,Gaussian kernel regression (pooled data + context),500,100,FE,8522,202,-2.4836125950074477,-0.0062981764901132165,2.4773144185173344
pooled_data,Gaussian kernel regression (pooled data + context),500,101,DEP,828,464,21.01865733799767,10.008373523569492,11.01028381442818
pooled_data,Gaussian kernel regression (pooled data + context),500,101,Bi-212,790,541,-25.547158333138352,-15.113084473427257,10.434073859711097
pooled_data,Gaussian kernel regression (pooled data + context),500,101,SE,1356,657,-28.4731482603952,-12.267986303928586,16.20516195646661
pooled_data,Gaussian kernel regression (pooled data + context),500,101,FE,8522,202,-2.4836125950074477,0.260674084403803,2.7442866794112506
pooled_data,Gaussian kernel regression (pooled data + context),500,102,DEP,828,464,21.01865733799767,5.397322733822596,15.621334604175075
pooled_data,Gaussian kernel regression (pooled data + context),500,102,Bi-212,790,541,-25.547158333138352,-7.014254160290556,18.532904172847797
pooled_data,Gaussian kernel regression (pooled data + context),500,102,SE,1356,657,-28.4731482603952,-4.2293285755560355,24.243819684839163
pooled_data,Gaussian kernel regression (pooled data + context),500,102,FE,8522,202,-2.4836125950074477,0.035729732886216614,2.519342327893664
pooled_data,Gaussian kernel regression (pooled data + context),500,103,DEP,828,464,21.01865733799767,10.189711791391453,10.828945546606217
pooled_data,Gaussian kernel regression (pooled data + context),500,103,Bi-212,790,541,-25.547158333138352,-16.439434825856004,9.107723507282351
pooled_data,Gaussian kernel regression (pooled data + context),500,103,SE,1356,657,-28.4731482603952,-12.082656873303671,16.390491387091526
pooled_data,Gaussian kernel regression (pooled data + context),500,103,FE,8522,202,-2.4836125950074477,0.4263941494350165,2.910006744442464
pooled_data,Gaussian kernel regression (pooled data + context),500,104,DEP,828,464,21.01865733799767,0.03186553521411506,20.986791802783557
pooled_data,Gaussian kernel regression (pooled data + context),500,104,Bi-212,790,541,-25.547158333138352,-0.010104145002332032,25.537054188136022
pooled_data,Gaussian kernel regression (pooled data + context),500,104,SE,1356,657,-28.4731482603952,-0.09867098057748658,28.37447727981771
pooled_data,Gaussian kernel regression (pooled data + context),500,104,FE,8522,202,-2.4836125950074477,-0.026544690640803448,2.457067904366644
pooled_data,Gaussian kernel regression (pooled data + context),500,105,DEP,828,464,21.01865733799767,1.3188675736412359,19.699789764356435
pooled_data,Gaussian kernel regression (pooled data + context),500,105,Bi-212,790,541,-25.547158333138352,-1.4335419770516722,24.11361635608668
pooled_data,Gaussian kernel regression (pooled data + context),500,105,SE,1356,657,-28.4731482603952,-0.8967185519952181,27.57642970839998
pooled_data,Gaussian kernel regression (pooled data + context),500,105,FE,8522,202,-2.4836125950074477,-0.007427470974255557,2.4761851240331922
pooled_data,Gaussian kernel regression (pooled data + context),500,106,DEP,828,464,21.01865733799767,1.2678023745744227,19.750854963423247
pooled_data,Gaussian kernel regression (pooled data + context),500,106,Bi-212,790,541,-25.547158333138352,-1.3401456590882765,24.207012674050077
pooled_data,Gaussian kernel regression (pooled data + context),500,106,SE,1356,657,-28.4731482603952,-0.9033594086238217,27.569788851771378
pooled_data,Gaussian kernel regression (pooled data + context),500,106,FE,8522,202,-2.4836125950074477,0.004957238575403755,2.4885698335828517
pooled_data,Gaussian kernel regression (pooled data + context),500,107,DEP,828,464,21.01865733799767,1.273240958441102,19.74541637955657
pooled_data,Gaussian kernel regression (pooled data + context),500,107,Bi-212,790,541,-25.547158333138352,-1.3880279095659587,24.159130423572396
pooled_data,Gaussian kernel regression (pooled data + context),500,107,SE,1356,657,-28.4731482603952,-0.8876069903614225,27.585541270033776
pooled_data,Gaussian kernel regression (pooled data + context),500,107,FE,8522,202,-2.4836125950074477,-0.00035038349102956,2.4832622115164185
pooled_data,Gaussian kernel regression (pooled data + context),500,108,DEP,828,464,21.01865733799767,9.487120425712215,11.531536912285457
pooled_data,Gaussian kernel regression (pooled data + context),500,108,Bi-212,790,541,-25.547158333138352,-16.19396927846012,9.353189054678236
pooled_data,Gaussian kernel regression (pooled data + context),500,108,SE,1356,657,-28.4731482603952,-12.349743862038881,16.123404398356318
pooled_data,Gaussian kernel regression (pooled data + context),500,108,FE,8522,202,-2.4836125950074477,0.0320245540988251,2.515637149106273
pooled_data,Gaussian kernel regression (pooled data + context),500,109,DEP,828,464,21.01865733799767,1.2729235293021501,19.74573380869552
pooled_data,Gaussian kernel regression (pooled data + context),500,109,Bi-212,790,541,-25.547158333138352,-1.3750730193695881,24.172085313768765
pooled_data,Gaussian kernel regression (pooled data + context),500,109,SE,1356,657,-28.4731482603952,-0.921682582259914,27.551465678135283
pooled_data,Gaussian kernel regression (pooled data + context),500,109,FE,8522,202,-2.4836125950074477,-0.003974322734209834,2.479638272273238
pooled_data,Gaussian kernel regression (pooled data + context),1000,100,DEP,828,464,21.01865733799767,1.292258288388426,19.726399049609245
pooled_data,Gaussian kernel regression (pooled data + context),1000,100,Bi-212,790,541,-25.547158333138352,-1.3270584351108838,24.22009989802747
pooled_data,Gaussian kernel regression (pooled data + context),1000,100,SE,1356,657,-28.4731482603952,-0.8720102265250329,27.601138033870164
pooled_data,Gaussian kernel regression (pooled data + context),1000,100,FE,8522,202,-2.4836125950074477,-0.01733069834855827,2.4662818966588897
pooled_data,Gaussian kernel regression (pooled data + context),1000,101,DEP,828,464,21.01865733799767,9.847858381952934,11.170798956044736
pooled_data,Gaussian kernel regression (pooled data + context),1000,101,Bi-212,790,541,-25.547158333138352,-15.183371694693149,10.363786638445205
pooled_data,Gaussian kernel regression (pooled data + context),1000,101,SE,1356,657,-28.4731482603952,-12.40169324992984,16.071455010465357
pooled_data,Gaussian kernel regression (pooled data + context),1000,101,FE,8522,202,-2.4836125950074477,0.5114319950369872,2.995044590044435
pooled_data,Gaussian kernel regression (pooled data + context),1000,102,DEP,828,464,21.01865733799767,9.651117738512106,11.367539599485566
pooled_data,Gaussian kernel regression (pooled data + context),1000,102,Bi-212,790,541,-25.547158333138352,-15.415414981486903,10.131743351651451
pooled_data,Gaussian kernel regression (pooled data + context),1000,102,SE,1356,657,-28.4731482603952,-13.027814630595136,15.445333629800063
pooled_data,Gaussian kernel regression (pooled data + context),1000,102,FE,8522,202,-2.4836125950074477,0.32587855738899496,2.8094911523964425
pooled_data,Gaussian kernel regression (pooled data + context),1000,103,DEP,828,464,21.01865733799767,11.079738652589121,9.938918685408549
pooled_data,Gaussian kernel regression (pooled data + context),1000,103,Bi-212,790,541,-25.547158333138352,-16.589071735632754,8.958086597505599
pooled_data,Gaussian kernel regression (pooled data + context),1000,103,SE,1356,657,-28.4731482603952,-11.423032914210918,17.05011534618428
pooled_data,Gaussian kernel regression (pooled data + context),1000,103,FE,8522,202,-2.4836125950074477,0.28951547342208617,2.773128068429534
pooled_data,Gaussian kernel regression (pooled data + context),1000,104,DEP,828,464,21.01865733799767,1.2698131257046996,19.748844212292973
pooled_data,Gaussian kernel regression (pooled data + context),1000,104,Bi-212,790,541,-25.547158333138352,-1.3598698706216217,24.187288462516733
pooled_data,Gaussian kernel regression (pooled data + context),1000,104,SE,1356,657,-28.4731482603952,-0.9310657766371744,27.542082483758023
pooled_data,Gaussian kernel regression (pooled data + context),1000,104,FE,8522,202,-2.4836125950074477,0.008957299014863973,2.4925698940223118
pooled_data,Gaussian kernel regression (pooled data + context),1000,105,DEP,828,464,21.01865733799767,5.461742544101888,15.556914793895782
pooled_data,Gaussian kernel regression (pooled data + context),1000,105,Bi-212,790,541,-25.547158333138352,-6.952541151147241,18.59461718199111
pooled_data,Gaussian kernel regression (pooled data + context),1000,105,SE,1356,657,-28.4731482603952,-4.087914150704503,24.385234109690696
pooled_data,Gaussian kernel regression (pooled data + context),1000,105,FE,8522,202,-2.4836125950074477,0.05870496840565953,2.5423175634131074
pooled_data,Gaussian kernel regression (pooled data + context),1000,106,DEP,828,464,21.01865733799767,5.690606503421847,15.328050834575823
pooled_data,Gaussian kernel regression (pooled data + context),1000,106,Bi-212,790,541,-25.547158333138352,-6.5212066004409595,19.025951732697393
pooled_data,Gaussian kernel regression (pooled data + context),1000,106,SE,1356,657,-28.4731482603952,-4.434039840094162,24.039108420301037
pooled_data,Gaussian kernel regression (pooled data + context),1000,106,FE,8522,202,-2.4836125950074477,0.012028398055827227,2.495640993063275
pooled_data,Gaussian kernel regression (pooled data + context),1000,107,DEP,828,464,21.01865733799767,1.311665492928793,19.706991845068877
pooled_data,Gaussian kernel regression (pooled data + context),1000,107,Bi-212,790,541,-25.547158333138352,-1.3517911591833132,24.19536717395504
pooled_data,Gaussian kernel regression (pooled data + context),1000,107,SE,1356,657,-28.4731482603952,-0.9065531632951873,27.56659509710001
pooled_data,Gaussian kernel regression (pooled data + context),1000,107,FE,8522,202,-2.4836125950074477,-0.007041384843092802,2.476571210164355
pooled_data,Gaussian kernel regression (pooled data + context),1000,108,DEP,828,464,21.01865733799767,9.577815980295412,11.440841357702258
pooled_data,Gaussian kernel regression (pooled data + context),1000,108,Bi-212,790,541,-25.547158333138352,-16.097759058924904,9.44939927421345
pooled_data,Gaussian kernel regression (pooled data + context),1000,108,SE,1356,657,-28.4731482603952,-12.851489089723279,15.62165917067192
pooled_data,Gaussian kernel regression (pooled data + context),1000,108,FE,8522,202,-2.4836125950074477,0.00901468913501735,2.4926272841424653
pooled_data,Gaussian kernel regression (pooled data + context),1000,109,DEP,828,464,21.01865733799767,10.356576436663545,10.662080901334125
pooled_data,Gaussian kernel regression (pooled data + context),1000,109,Bi-212,790,541,-25.547158333138352,-14.967331016197944,10.57982731694041
pooled_data,Gaussian kernel regression (pooled data + context),1000,109,SE,1356,657,-28.4731482603952,-12.411288801041087,16.06185945935411
pooled_data,Gaussian kernel regression (pooled data + context),1000,109,FE,8522,202,-2.4836125950074477,0.24390765183149865,2.7275202468389463
pooled_data,Gaussian kernel regression (pooled data + context),2000,100,DEP,828,464,21.01865733799767,5.519242664555568,15.499414673442102
pooled_data,Gaussian kernel regression (pooled data + context),2000,100,Bi-212,790,541,-25.547158333138352,-6.952537025212341,18.594621307926012
pooled_data,Gaussian kernel regression (pooled data + context),2000,100,SE,1356,657,-28.4731482603952,-4.220665573832743,24.252482686562455
pooled_data,Gaussian kernel regression (pooled data + context),2000,100,FE,8522,202,-2.4836125950074477,0.05949573116124096,2.5431083261686886
pooled_data,Gaussian kernel regression (pooled data + context),2000,101,DEP,828,464,21.01865733799767,10.735402340402944,10.283254997594726
pooled_data,Gaussian kernel regression (pooled data + context),2000,101,Bi-212,790,541,-25.547158333138352,-15.177902871310584,10.36925546182777
pooled_data,Gaussian kernel regression (pooled data + context),2000,101,SE,1356,657,-28.4731482603952,-12.442027567922898,16.0311206924723
pooled_data,Gaussian kernel regression (pooled data + context),2000,101,FE,8522,202,-2.4836125950074477,0.5156804738484344,2.999293068855882
pooled_data,Gaussian kernel regression (pooled data + context),2000,102,DEP,828,464,21.01865733799767,10.12346086221182,10.895196475785852
pooled_data,Gaussian kernel regression (pooled data + context),2000,102,Bi-212,790,541,-25.547158333138352,-16.428862325375306,9.11829600776305
pooled_data,Gaussian kernel regression (pooled data + context),2000,102,SE,1356,657,-28.4731482603952,-13.24320829417937,15.229939966215827
pooled_data,Gaussian kernel regression (pooled data + context),2000,102,FE,8522,202,-2.4836125950074477,0.35077726694116573,2.8343898619486136
pooled_data,Gaussian kernel regression (pooled data + context),2000,103,DEP,828,464,21.01865733799767,11.16896426260723,9.849693075390443
pooled_data,Gaussian kernel regression (pooled data + context),2000,103,Bi-212,790,541,-25.547158333138352,-16.587373749485685,8.959784583652668
pooled_data,Gaussian kernel regression (pooled data + context),2000,103,SE,1356,657,-28.4731482603952,-10.968372356486366,17.504775903908833
pooled_data,Gaussian kernel regression (pooled data + context),2000,103,FE,8522,202,-2.4836125950074477,0.0583816301611223,2.54199422516857
pooled_data,Gaussian kernel regression (pooled data + context),2000,104,DEP,828,464,21.01865733799767,5.491406723617576,15.527250614380094
pooled_data,Gaussian kernel regression (pooled data + context),2000,104,Bi-212,790,541,-25.547158333138352,-6.940814772307369,18.606343560830986
pooled_data,Gaussian kernel regression (pooled data + context),2000,104,SE,1356,657,-28.4731482603952,-4.17073394020448,24.302414320190717
pooled_data,Gaussian kernel regression (pooled data + context),2000,104,FE,8522,202,-2.4836125950074477,0.03058074313652681,2.5141933381439747
pooled_data,Gaussian kernel regression (pooled data + context),2000,105,DEP,828,464,21.01865733799767,10.690470602057346,10.328186735940326
pooled_data,Gaussian kernel regression (pooled data + context),2000,105,Bi-212,790,541,-25.547158333138352,-16.355414422048618,9.191743911089734
pooled_data,Gaussian kernel regression (pooled data + context),2000,105,SE,1356,657,-28.4731482603952,-11.825983856957228,16.64716440343797
pooled_data,Gaussian kernel regression (pooled data + context),2000,105,FE,8522,202,-2.4836125950074477,0.5297771767757725,3.0133897717832205
pooled_data,Gaussian kernel regression (pooled data + context),2000,106,DEP,828,464,21.01865733799767,11.24328742309305,9.77536991490462
pooled_data,Gaussian kernel regression (pooled data + context),2000,106,Bi-212,790,541,-25.547158333138352,-15.474717319649162,10.072441013489192
pooled_data,Gaussian kernel regression (pooled data + context),2000,106,SE,1356,657,-28.4731482603952,-12.611937385903799,15.8612108744914
pooled_data,Gaussian kernel regression (pooled data + context),2000,106,FE,8522,202,-2.4836125950074477,0.2343075340118933,2.7179201290193413
pooled_data,Gaussian kernel regression (pooled data + context),2000,107,DEP,828,464,21.01865733799767,5.502082536296193,15.516574801701477
pooled_data,Gaussian kernel regression (pooled data + context),2000,107,Bi-212,790,541,-25.547158333138352,-7.149394843052503,18.39776349008585
pooled_data,Gaussian kernel regression (pooled data + context),2000,107,SE,1356,657,-28.4731482603952,-4.238725194464054,24.234423065931143
pooled_data,Gaussian kernel regression (pooled data + context),2000,107,FE,8522,202,-2.4836125950074477,0.06290781429302283,2.5465204093004705
pooled_data,Gaussian kernel regression (pooled data + context),2000,108,DEP,828,464,21.01865733799767,5.51169659042624,15.50696074757143
pooled_data,Gaussian kernel regression (pooled data + context),2000,108,Bi-212,790,541,-25.547158333138352,-6.791828261762134,18.75533007137622
pooled_data,Gaussian kernel regression (pooled data + context),2000,108,SE,1356,657,-28.4731482603952,-4.0562325263490795,24.416915734046118
pooled_data,Gaussian kernel regression (pooled data + context),2000,108,FE,8522,202,-2.4836125950074477,-0.013456847880677358,2.4701557471267703
pooled_data,Gaussian kernel regression (pooled data + context),2000,109,DEP,828,464,21.01865733799767,11.557221379702042,9.461435958295628
pooled_data,Gaussian kernel regression (pooled data + context),2000,109,Bi-212,790,541,-25.547158333138352,-14.67900433410017,10.868153999038183
pooled_data,Gaussian kernel regression (pooled data + context),2000,109,SE,1356,657,-28.4731482603952,-12.35348287781932,16.119665382575874
pooled_data,Gaussian kernel regression (pooled data + context),2000,109,FE,8522,202,-2.4836125950074477,0.29518127908053915,2.778793874087987
