method,architecture_id,training_budget,training_seed,context_seed,context_size,provenance,peak_region_mean_mae_percentage_points,continuum_region_mean_mae_percentage_points,sparse_tail_mae_percentage_points,global_brier,equal_region_brier,inference_seconds,peak_memory_mib,run_id
CNP,m0,18866,0,100,500,phase1_full_budget_reuse,7.66802417341681,4.597541699505396,9.108065821986235,0.2330387212968988,0.205741248478697,0.1805369313806295,226.38232421875,20260909-m0-seed0-final-ctx-s100-n500-drop10100-mc50
CNP,m0,18866,0,101,500,phase1_full_budget_reuse,7.670895401170511,4.655344336497707,9.100964255477404,0.2326132781713012,0.2056362864857643,0.1875599888153374,226.38232421875,20260909-m0-seed0-final-ctx-s101-n500-drop10100-mc50
CNP,m0,18866,0,102,500,phase1_full_budget_reuse,7.690013936870042,4.634286991370586,9.01181549630172,0.2328940183809653,0.2056387017452826,0.192784802056849,226.38232421875,20260909-m0-seed0-final-ctx-s102-n500-drop10100-mc50
CNP,m0,18866,0,103,500,phase1_full_budget_reuse,7.62820152268359,4.50922293794072,9.70994302975984,0.2332139398398914,0.2062800162595065,0.1912399069406092,226.38232421875,20260909-m0-seed0-final-ctx-s103-n500-drop10100-mc50
CNP,m0,18866,0,104,500,phase1_full_budget_reuse,7.621248042708953,4.595884715778823,9.339263880697596,0.2327746786193802,0.2058460389985829,0.1927478858269751,226.38232421875,20260909-m0-seed0-final-ctx-s104-n500-drop10100-mc50
CNP,m0,18866,0,105,500,phase1_full_budget_reuse,7.635637714532224,4.513430804514846,9.572663361016172,0.2333649248786845,0.2061837537829776,0.1886501568369567,226.38232421875,20260909-m0-seed0-final-ctx-s105-n500-drop10100-mc50
CNP,m0,18866,0,106,500,phase1_full_budget_reuse,7.627068228963941,4.573546810021134,9.301088221220514,0.2330047139569399,0.2058786396900045,0.1822888310998678,226.38232421875,20260909-m0-seed0-final-ctx-s106-n500-drop10100-mc50
CNP,m0,18866,0,107,500,phase1_full_budget_reuse,7.632277319831019,4.510625913824889,9.632337981297791,0.2332979524381883,0.2062266030646514,0.1821507858112454,226.38232421875,20260909-m0-seed0-final-ctx-s107-n500-drop10100-mc50
CNP,m0,18866,0,108,500,phase1_full_budget_reuse,7.6318912981770115,4.501346901148567,9.718641631263816,0.233279688757606,0.2063078850002103,0.1834859172813594,226.38232421875,20260909-m0-seed0-final-ctx-s108-n500-drop10100-mc50
CNP,m0,18866,0,109,500,phase1_full_budget_reuse,7.665154066304345,4.617561992577248,9.137717767188944,0.2328645830217489,0.2057143833174386,0.1819273405708372,226.38232421875,20260909-m0-seed0-final-ctx-s109-n500-drop10100-mc50-cleanrerun
CNP,m0,18866,1,100,500,phase1_full_budget_reuse,8.425121167091469,4.703716916865197,7.071169921202189,0.231296603755151,0.2053007829972335,0.1786918542347848,226.38232421875,20260909-m0-seed1-final-ctx-s100-n500-drop10100-mc50-cleanrerun
CNP,m0,18866,1,101,500,phase1_full_budget_reuse,8.392578272800787,4.6406839304061975,7.147525548118513,0.2312998481619385,0.2053075868688192,0.1815305990166962,226.38232421875,20260909-m0-seed1-final-ctx-s101-n500-drop10100-mc50-cleanrerun
CNP,m0,18866,1,102,500,phase1_full_budget_reuse,8.439293607532825,4.750006420390475,7.015818581498435,0.2312576089635125,0.2052737361339615,0.1839291299693286,226.38232421875,20260909-m0-seed1-final-ctx-s102-n500-drop10100-mc50
CNP,m0,18866,1,103,500,phase1_full_budget_reuse,8.252132477895643,4.411762373681437,7.549694670758239,0.2313555302913458,0.2054293218227708,0.1850449959747493,226.38232421875,20260909-m0-seed1-final-ctx-s103-n500-drop10100-mc50
CNP,m0,18866,1,104,500,phase1_full_budget_reuse,8.33048685770599,4.564835764990269,7.305520982206529,0.2312112355152987,0.2052963042043533,0.1838958817534148,226.38232421875,20260909-m0-seed1-final-ctx-s104-n500-drop10100-mc50
CNP,m0,18866,1,105,500,phase1_full_budget_reuse,8.305960029641957,4.5153529494181495,7.3872334602771,0.2312425281624346,0.2053336128272641,0.1833400768227875,226.38232421875,20260909-m0-seed1-final-ctx-s105-n500-drop10100-mc50
CNP,m0,18866,1,106,500,phase1_full_budget_reuse,8.36008767047689,4.596727685865743,7.233841976268261,0.2312627426327492,0.2053117520471616,0.1823724270798266,226.38232421875,20260909-m0-seed1-final-ctx-s106-n500-drop10100-mc50-cleanrerun
CNP,m0,18866,1,107,500,phase1_full_budget_reuse,8.283865801089357,4.465986493342487,7.456001541203176,0.2313107146583976,0.2053872374329947,0.1810063561424613,226.38232421875,20260909-m0-seed1-final-ctx-s107-n500-drop10100-mc50-cleanrerun
CNP,m0,18866,1,108,500,phase1_full_budget_reuse,8.255275654325173,4.406039922854839,7.547208693836207,0.2314094452105194,0.2054636562856566,0.182080393191427,226.38232421875,20260909-m0-seed1-final-ctx-s108-n500-drop10100-mc50-cleanrerun
CNP,m0,18866,1,109,500,phase1_full_budget_reuse,8.396950839225735,4.688948242411329,7.122932751505719,0.2312060155814473,0.2052629490880546,0.1828482854180038,226.38232421875,20260909-m0-seed1-final-ctx-s109-n500-drop10100-mc50
CNP,m0,18866,2,100,500,phase1_full_budget_reuse,7.981958196071109,4.612272879621354,8.522134492478756,0.2348383421471837,0.206774126709638,0.1822624411433935,226.38232421875,20260909-m0-seed2-final-ctx-s100-n500-drop10100-mc50
CNP,m0,18866,2,101,500,phase1_full_budget_reuse,8.024622504411086,4.586313535114632,8.679575108631646,0.2352203707410239,0.2069903207574528,0.1817287472076714,226.38232421875,20260909-m0-seed2-final-ctx-s101-n500-drop10100-mc50
CNP,m0,18866,2,102,500,phase1_full_budget_reuse,7.966426928245827,4.648803651385659,8.411762427511945,0.234593635316315,0.206636944261465,0.184349238872528,226.38232421875,20260909-m0-seed2-final-ctx-s102-n500-drop10100-mc50
CNP,m0,18866,2,103,500,phase1_full_budget_reuse,8.038425967543628,4.573562586598184,8.987669458501186,0.2356911977745605,0.2072322069572952,0.185031671077013,226.38232421875,20260909-m0-seed2-final-ctx-s103-n500-drop10100-mc50
CNP,m0,18866,2,104,500,phase1_full_budget_reuse,7.973518777578681,4.606224539492719,8.657128455829696,0.2349773126257314,0.206829960323083,0.1847017742693424,226.38232421875,20260909-m0-seed2-final-ctx-s104-n500-drop10100-mc50
CNP,m0,18866,2,105,500,phase1_full_budget_reuse,7.93730285031172,4.628532167930037,8.629847292169773,0.2348013536695855,0.2067192350612789,0.1836404181085527,226.38232421875,20260909-m0-seed2-final-ctx-s105-n500-drop10100-mc50
CNP,m0,18866,2,106,500,phase1_full_budget_reuse,7.995191246642327,4.602519470709006,8.631477221680985,0.235033088233334,0.2068754005395075,0.1835158602334559,226.38232421875,20260909-m0-seed2-final-ctx-s106-n500-drop10100-mc50
CNP,m0,18866,2,107,500,phase1_full_budget_reuse,7.974639383274126,4.594143673607034,8.742119880769081,0.2350913948863409,0.2068858250227999,0.1829486610367894,226.38232421875,20260909-m0-seed2-final-ctx-s107-n500-drop10100-mc50
CNP,m0,18866,2,108,500,phase1_full_budget_reuse,8.054372248816225,4.576489630252302,9.016320919389534,0.2357980650475838,0.2072997132639822,0.184454517904669,226.38232421875,20260909-m0-seed2-final-ctx-s108-n500-drop10100-mc50
CNP,m0,18866,2,109,500,phase1_full_budget_reuse,7.942576292553556,4.678343086549097,8.398689090831791,0.2344513109546603,0.2065434721216699,0.182684828992933,226.38232421875,20260909-m0-seed2-final-ctx-s109-n500-drop10100-mc50
Attentive CNP,m1,18866,0,100,500,phase1_full_budget_reuse,8.070704463607417,6.207743042625487,7.237626571209701,0.2320952623089281,0.2061172329661644,0.2737133302725851,821.62744140625,20260909-m1-seed0-final-ctx-s100-n500-drop10100-mc50
Attentive CNP,m1,18866,0,101,500,phase1_full_budget_reuse,8.1667850902129,6.366681385110199,7.030460169880959,0.2320254398736073,0.2062517531166726,0.2721460042521357,821.62744140625,20260909-m1-seed0-final-ctx-s101-n500-drop10100-mc50
Attentive CNP,m1,18866,0,102,500,phase1_full_budget_reuse,8.132042766767704,6.291597626082441,7.1245680799242646,0.2320833586384102,0.2062166746620512,0.2751142843626439,821.62744140625,20260909-m1-seed0-final-ctx-s102-n500-drop10100-mc50
Attentive CNP,m1,18866,0,103,500,phase1_full_budget_reuse,8.068442031030925,6.24562000054907,7.203127138697848,0.2319959575975486,0.2060722771941045,0.2745532384142279,821.62744140625,20260909-m1-seed0-final-ctx-s103-n500-drop10100-mc50
Attentive CNP,m1,18866,0,104,500,phase1_full_budget_reuse,8.172384025824469,6.315981911734159,7.022108418546702,0.2320099398719733,0.206181075266459,0.2736769430339336,821.62744140625,20260909-m1-seed0-final-ctx-s104-n500-drop10100-mc50
Attentive CNP,m1,18866,0,105,500,phase1_full_budget_reuse,8.095526668560064,6.220669544780813,7.169643643344709,0.2320473957119624,0.2060937904277109,0.2791446661576628,821.62744140625,20260909-m1-seed0-final-ctx-s105-n500-drop10100-mc50
Attentive CNP,m1,18866,0,106,500,phase1_full_budget_reuse,8.115748013573246,6.271032459292399,7.1198194758925695,0.2320167285692673,0.2061203312297027,0.274794568773359,821.62744140625,20260909-m1-seed0-final-ctx-s106-n500-drop10100-mc50
Attentive CNP,m1,18866,0,107,500,phase1_full_budget_reuse,8.147815670422505,6.2809218787333805,7.074305077166877,0.232032873650262,0.2061632258614117,0.2753490600734949,821.62744140625,20260909-m1-seed0-final-ctx-s107-n500-drop10100-mc50
Attentive CNP,m1,18866,0,108,500,phase1_full_budget_reuse,8.144786331101352,6.316941754751748,7.062452931200144,0.2320007399032246,0.2061733119883798,0.2731439541094005,821.62744140625,20260909-m1-seed0-final-ctx-s108-n500-drop10100-mc50
Attentive CNP,m1,18866,0,109,500,phase1_full_budget_reuse,8.114070070965434,6.247575219276673,7.1369780257751145,0.2320612607344464,0.2061349115314614,0.2749825920909643,821.62744140625,20260909-m1-seed0-final-ctx-s109-n500-drop10100-mc50
Attentive CNP,m1,18866,1,100,500,phase1_full_budget_reuse,8.601427972851262,5.440476738317993,7.358167223399517,0.231146940726606,0.2062084945957445,0.2747107720933854,821.62744140625,20260909-m1-seed1-final-ctx-s100-n500-drop10100-mc50
Attentive CNP,m1,18866,1,101,500,phase1_full_budget_reuse,8.616245458310237,5.504994338187895,7.275835168072656,0.2310861036358554,0.2062316588054759,0.2946910359896719,821.62744140625,20260909-m1-seed1-final-ctx-s101-n500-drop10100-mc50
Attentive CNP,m1,18866,1,102,500,phase1_full_budget_reuse,8.611615081999071,5.501078066099146,7.299266006729735,0.231116627163001,0.2062493344048246,0.2742220908403396,821.62744140625,20260909-m1-seed1-final-ctx-s102-n500-drop10100-mc50
Attentive CNP,m1,18866,1,103,500,phase1_full_budget_reuse,8.596907601274383,5.379433031563327,7.386989427078659,0.2311059967414765,0.2061202929158555,0.2787820030935108,821.62744140625,20260909-m1-seed1-final-ctx-s103-n500-drop10100-mc50
Attentive CNP,m1,18866,1,104,500,phase1_full_budget_reuse,8.616636392358862,5.42992678306256,7.306189100112538,0.231098866325465,0.2061744964298155,0.2744462937116623,821.62744140625,20260909-m1-seed1-final-ctx-s104-n500-drop10100-mc50
Attentive CNP,m1,18866,1,105,500,phase1_full_budget_reuse,8.608343331225983,5.380572910966944,7.362276321485796,0.2311387612544535,0.2061585625433705,0.2743350113742053,821.62744140625,20260909-m1-seed1-final-ctx-s105-n500-drop10100-mc50
Attentive CNP,m1,18866,1,106,500,phase1_full_budget_reuse,8.612199068124834,5.425714470135447,7.324178792618278,0.2311065190304314,0.2061754042107719,0.2742456099949777,821.62744140625,20260909-m1-seed1-final-ctx-s106-n500-drop10100-mc50
Attentive CNP,m1,18866,1,107,500,phase1_full_budget_reuse,8.61040335021151,5.406101468413399,7.337862708011015,0.2311114686577688,0.2061631939449708,0.273145992308855,821.62744140625,20260909-m1-seed1-final-ctx-s107-n500-drop10100-mc50
Attentive CNP,m1,18866,1,108,500,phase1_full_budget_reuse,8.610400096032357,5.436677686790062,7.313472029212359,0.2310823763472485,0.2061626008811865,0.2723323460668325,821.62744140625,20260909-m1-seed1-final-ctx-s108-n500-drop10100-mc50
Attentive CNP,m1,18866,1,109,500,phase1_full_budget_reuse,8.610456469219189,5.431540310725966,7.330314214556396,0.231127574564441,0.2061977415484865,0.273972577881068,821.62744140625,20260909-m1-seed1-final-ctx-s109-n500-drop10100-mc50
Attentive CNP,m1,18866,2,100,500,phase1_full_budget_reuse,8.036676330332428,4.913167133908476,8.948961433411032,0.2338715885666054,0.207422800874294,0.2788376589305699,821.62744140625,20260909-m1-seed2-final-ctx-s100-n500-drop10100-mc50
Attentive CNP,m1,18866,2,101,500,phase1_full_budget_reuse,8.028022447135305,4.920618595923701,8.903953584415484,0.2338243583474146,0.2073665173782946,0.2745565338991582,821.62744140625,20260909-m1-seed2-final-ctx-s101-n500-drop10100-mc50
Attentive CNP,m1,18866,2,102,500,phase1_full_budget_reuse,8.060643978588892,4.942993849444634,8.852285544427911,0.233824567894193,0.2074102423412186,0.2733291732147336,821.62744140625,20260909-m1-seed2-final-ctx-s102-n500-drop10100-mc50
Attentive CNP,m1,18866,2,103,500,phase1_full_budget_reuse,7.953415947194872,4.846093257085126,9.11445202202977,0.2338951319166288,0.2073424465996662,0.2733119879849255,821.62744140625,20260909-m1-seed2-final-ctx-s103-n500-drop10100-mc50
Attentive CNP,m1,18866,2,104,500,phase1_full_budget_reuse,7.985050693964776,4.874499823500456,9.033568319714895,0.2338714706223038,0.207358331449049,0.275371216237545,821.62744140625,20260909-m1-seed2-final-ctx-s104-n500-drop10100-mc50
Attentive CNP,m1,18866,2,105,500,phase1_full_budget_reuse,7.987241776922989,4.868495807898995,9.062216520590848,0.2339032050523276,0.2073905332546424,0.2733899243175983,821.62744140625,20260909-m1-seed2-final-ctx-s105-n500-drop10100-mc50
Attentive CNP,m1,18866,2,106,500,phase1_full_budget_reuse,7.990637104457187,4.876625570617208,9.022029945930964,0.2338698136851459,0.2073640111271775,0.2746037263423204,821.62744140625,20260909-m1-seed2-final-ctx-s106-n500-drop10100-mc50
Attentive CNP,m1,18866,2,107,500,phase1_full_budget_reuse,7.990283540047429,4.878609227460204,9.020673902528644,0.2338681089749984,0.2073620615626651,0.274091113358736,821.62744140625,20260909-m1-seed2-final-ctx-s107-n500-drop10100-mc50
Attentive CNP,m1,18866,2,108,500,phase1_full_budget_reuse,7.9805706742058655,4.879308866097905,9.013304152274006,0.2338375298470451,0.2073296137028245,0.2738720062188804,821.62744140625,20260909-m1-seed2-final-ctx-s108-n500-drop10100-mc50
Attentive CNP,m1,18866,2,109,500,phase1_full_budget_reuse,8.016935158397937,4.89662761079083,8.980749005865563,0.2338768025776269,0.2074003549560343,0.2737671048380434,821.62744140625,20260909-m1-seed2-final-ctx-s109-n500-drop10100-mc50
Attentive CNP + PE,m2,18866,0,100,500,phase1_full_budget_reuse,8.067611027190308,9.44774692177045,22.729685137444903,0.2314912595176211,0.2032308181719998,0.3339546909555793,821.63671875,20260909-m2-seed0-final-ctx-s100-n500-drop10100-mc50
Attentive CNP + PE,m2,18866,0,101,500,phase1_full_budget_reuse,7.489546325310795,8.918199884011358,23.643689624722285,0.2305193476395912,0.2031720227493553,0.3334285519085824,821.63671875,20260909-m2-seed0-final-ctx-s101-n500-drop10100-mc50
Attentive CNP + PE,m2,18866,0,102,500,phase1_full_budget_reuse,8.009544923479131,9.647501031662584,23.09047558193041,0.2314147124365832,0.203705874610373,0.3306221249513328,821.63671875,20260909-m2-seed0-final-ctx-s102-n500-drop10100-mc50
Attentive CNP + PE,m2,18866,0,103,500,phase1_full_budget_reuse,6.551558108741984,7.24942645843387,25.16842494383432,0.2290509855879588,0.202476356614781,0.331577006727457,821.63671875,20260909-m2-seed0-final-ctx-s103-n500-drop10100-mc50
Attentive CNP + PE,m2,18866,0,104,500,phase1_full_budget_reuse,6.964036455669767,7.874566603806664,24.59579699300547,0.2296896207629759,0.2027060511035908,0.3345140190795064,821.63671875,20260909-m2-seed0-final-ctx-s104-n500-drop10100-mc50
Attentive CNP + PE,m2,18866,0,105,500,phase1_full_budget_reuse,6.997920497224413,7.901046167618793,24.57352108671042,0.2298123302784176,0.2027261267309884,0.3325488483533263,821.63671875,20260909-m2-seed0-final-ctx-s105-n500-drop10100-mc50
Attentive CNP + PE,m2,18866,0,106,500,phase1_full_budget_reuse,7.337873869050804,8.48825351459408,24.018533473181403,0.2303260812605123,0.203009865855469,0.3314788569696247,821.63671875,20260909-m2-seed0-final-ctx-s106-n500-drop10100-mc50
Attentive CNP + PE,m2,18866,0,107,500,phase1_full_budget_reuse,6.692306825469034,7.471166672638846,25.040059454231677,0.2292973955833382,0.2026211408212872,0.3292692243121564,821.63671875,20260909-m2-seed0-final-ctx-s107-n500-drop10100-mc50
Attentive CNP + PE,m2,18866,0,108,500,phase1_full_budget_reuse,6.464491094535672,7.2498112977878835,25.38663734136773,0.2289395337487097,0.202561225627927,0.3303990056738257,821.63671875,20260909-m2-seed0-final-ctx-s108-n500-drop10100-mc50
Attentive CNP + PE,m2,18866,0,109,500,phase1_full_budget_reuse,7.520979417065524,8.716639053067837,23.80589955942572,0.2306862952837137,0.2031616956027616,0.3297331230714917,821.63671875,20260909-m2-seed0-final-ctx-s109-n500-drop10100-mc50
Attentive CNP + PE,m2,18866,1,100,500,phase1_full_budget_reuse,6.482889624837538,8.04477167843507,22.15731457451162,0.2296124680011993,0.2021404213669289,0.3328836988657713,821.63671875,20260909-m2-seed1-final-ctx-s100-n500-drop10100-mc50
Attentive CNP + PE,m2,18866,1,101,500,phase1_full_budget_reuse,5.575583774149077,7.894347421106576,23.151484818761237,0.2290217663003309,0.2025808830872521,0.33106958726421,821.63671875,20260909-m2-seed1-final-ctx-s101-n500-drop10100-mc50
Attentive CNP + PE,m2,18866,1,102,500,phase1_full_budget_reuse,6.0526337895114,8.263155452274376,22.784976989424425,0.2295312269130792,0.2025831633284232,0.3315065251663327,821.63671875,20260909-m2-seed1-final-ctx-s102-n500-drop10100-mc50
Attentive CNP + PE,m2,18866,1,103,500,phase1_full_budget_reuse,5.219055566533691,6.501630954626752,24.25931584945521,0.2280360088100731,0.2022195658991106,0.3307047425769269,821.63671875,20260909-m2-seed1-final-ctx-s103-n500-drop10100-mc50
Attentive CNP + PE,m2,18866,1,104,500,phase1_full_budget_reuse,5.396568469388441,6.817573175710661,24.123379655409195,0.2283950535561841,0.2023597792637083,0.333007391076535,821.63671875,20260909-m2-seed1-final-ctx-s104-n500-drop10100-mc50
Attentive CNP + PE,m2,18866,1,105,500,phase1_full_budget_reuse,5.414317511506023,6.664620248986429,24.55499237821983,0.228324788934909,0.2024574676300683,0.3308232547715306,821.63671875,20260909-m2-seed1-final-ctx-s105-n500-drop10100-mc50
Attentive CNP + PE,m2,18866,1,106,500,phase1_full_budget_reuse,5.720033822664767,7.593907792464572,23.70748925152565,0.2290665840732673,0.2026147545129245,0.3303711772896349,821.63671875,20260909-m2-seed1-final-ctx-s106-n500-drop10100-mc50
Attentive CNP + PE,m2,18866,1,107,500,phase1_full_budget_reuse,5.300717068954233,6.579898950965443,24.218825881750973,0.2281514003119194,0.2022700347602377,0.3309345068410039,821.63671875,20260909-m2-seed1-final-ctx-s107-n500-drop10100-mc50
Attentive CNP + PE,m2,18866,1,108,500,phase1_full_budget_reuse,5.2591356831057405,6.825899436120119,23.993423453861613,0.2282591896742704,0.2023127617212546,0.3321933541446924,821.63671875,20260909-m2-seed1-final-ctx-s108-n500-drop10100-mc50
Attentive CNP + PE,m2,18866,1,109,500,phase1_full_budget_reuse,5.869558551727991,7.459491309744118,23.552803110163417,0.2290729590778373,0.2024750333960054,0.3342444440349936,821.63671875,20260909-m2-seed1-final-ctx-s109-n500-drop10100-mc50
Attentive CNP + PE,m2,18866,2,100,500,phase1_full_budget_reuse,5.775888398239813,7.230702198254388,20.11819411243017,0.2291881023844635,0.2000079797207992,0.3326005348935723,821.63671875,20260909-m2-seed2-final-ctx-s100-n500-drop10100-mc50
Attentive CNP + PE,m2,18866,2,101,500,phase1_full_budget_reuse,5.378782247548697,7.35937009889944,20.651005469094823,0.2292891278156447,0.2008207847872622,0.3308337517082691,821.63671875,20260909-m2-seed2-final-ctx-s101-n500-drop10100-mc50
Attentive CNP + PE,m2,18866,2,102,500,phase1_full_budget_reuse,5.8049985171629945,7.801639806279856,20.21708239321468,0.2296081883371553,0.2007207762334091,0.3271545488387346,821.63671875,20260909-m2-seed2-final-ctx-s102-n500-drop10100-mc50
Attentive CNP + PE,m2,18866,2,103,500,phase1_full_budget_reuse,4.66887024880649,5.762043367598873,23.056955932868945,0.2281835657926861,0.2010458463120428,0.3310850267298519,821.63671875,20260909-m2-seed2-final-ctx-s103-n500-drop10100-mc50
Attentive CNP + PE,m2,18866,2,104,500,phase1_full_budget_reuse,4.913975540918514,6.156189144999136,22.61149832034574,0.2284416174079502,0.2009695900636759,0.3323426120914519,821.63671875,20260909-m2-seed2-final-ctx-s104-n500-drop10100-mc50
Attentive CNP + PE,m2,18866,2,105,500,phase1_full_budget_reuse,4.91345041008789,5.991219262718027,23.362459434063137,0.2283402774276194,0.201312271320512,0.330949128139764,821.63671875,20260909-m2-seed2-final-ctx-s105-n500-drop10100-mc50
Attentive CNP + PE,m2,18866,2,106,500,phase1_full_budget_reuse,5.276997523989274,6.83008993217048,21.684621819748973,0.2289223688829203,0.2008358361303695,0.3290305170230567,821.63671875,20260909-m2-seed2-final-ctx-s106-n500-drop10100-mc50
Attentive CNP + PE,m2,18866,2,107,500,phase1_full_budget_reuse,4.774153712000855,5.900022991044429,22.83612045279981,0.2282472407003938,0.2009525429994902,0.3366282819770276,821.63671875,20260909-m2-seed2-final-ctx-s107-n500-drop10100-mc50
Attentive CNP + PE,m2,18866,2,108,500,phase1_full_budget_reuse,4.665313126329861,5.960551916858287,22.2917161892768,0.228316986579404,0.2007007009673226,0.3297166577540338,821.63671875,20260909-m2-seed2-final-ctx-s108-n500-drop10100-mc50
Attentive CNP + PE,m2,18866,2,109,500,phase1_full_budget_reuse,5.322720630095108,6.798397412192777,22.01874807414528,0.2289607828610988,0.2010459594084597,0.3311973381787538,821.63671875,20260909-m2-seed2-final-ctx-s109-n500-drop10100-mc50
Density-guided CNP (ours),ours,18866,0,100,500,phase1_full_budget_reuse,3.965313218283402,4.094667482566751,14.463163596997456,0.2238490812859983,0.1910846826293512,10.322583083063364,6726.35791015625,20260909-ours-seed0-final-ctx-s100-n500-drop10100-mc50-pilot
Density-guided CNP (ours),ours,18866,0,101,500,phase1_full_budget_reuse,4.4383164426260695,4.234137200385158,8.171253392119667,0.2238220928237399,0.1881013866372408,10.321472795214504,6726.35791015625,20260909-ours-seed0-final-ctx-s101-n500-drop10100-mc50
Density-guided CNP (ours),ours,18866,0,102,500,phase1_full_budget_reuse,4.177201170144364,4.140741354718326,9.20665102290556,0.2238744274831037,0.1885437707369302,10.3254913832061,6726.35791015625,20260909-ours-seed0-final-ctx-s102-n500-drop10100-mc50
Density-guided CNP (ours),ours,18866,0,103,500,phase1_full_budget_reuse,3.884558590599959,4.087610344338284,11.868619082066806,0.2237212163094323,0.1906898025683433,10.318664650898429,6726.35791015625,20260909-ours-seed0-final-ctx-s103-n500-drop10100-mc50
Density-guided CNP (ours),ours,18866,0,104,500,phase1_full_budget_reuse,3.883335121040759,4.190030975392127,10.408049358307837,0.2238644093674111,0.1896156849280247,10.322342548053712,6726.35791015625,20260909-ours-seed0-final-ctx-s104-n500-drop10100-mc50
Density-guided CNP (ours),ours,18866,0,105,500,phase1_full_budget_reuse,3.647081347872688,4.110938600734551,25.29603620009572,0.2238940285824987,0.1969163548697998,10.32760006096214,6726.35791015625,20260909-ours-seed0-final-ctx-s105-n500-drop10100-mc50
Density-guided CNP (ours),ours,18866,0,106,500,phase1_full_budget_reuse,3.714076350808799,4.110669525640221,10.814945566165248,0.2238992348917425,0.1899752940425793,10.318501569330692,6726.35791015625,20260909-ours-seed0-final-ctx-s106-n500-drop10100-mc50
Density-guided CNP (ours),ours,18866,0,107,500,phase1_full_budget_reuse,3.8291905881009134,4.178228020555736,12.917489400441095,0.2237922213217282,0.1909052449786823,10.328024852089584,6726.35791015625,20260909-ours-seed0-final-ctx-s107-n500-drop10100-mc50
Density-guided CNP (ours),ours,18866,0,108,500,phase1_full_budget_reuse,4.091657978625466,4.171640226860557,9.978258538020391,0.2237126768668911,0.189303915896082,10.32781124394387,6726.35791015625,20260909-ours-seed0-final-ctx-s108-n500-drop10100-mc50
Density-guided CNP (ours),ours,18866,0,109,500,phase1_full_budget_reuse,3.73526063405902,4.095895171640331,11.297255201843038,0.224102006193697,0.1903077900881986,10.316632129251955,6726.35791015625,20260909-ours-seed0-final-ctx-s109-n500-drop10100-mc50
Density-guided CNP (ours),ours,18866,1,100,500,phase1_full_budget_reuse,3.5884499977168005,3.84681445903649,16.30808588054079,0.2234401453450588,0.1915420197120207,10.318708261940628,6726.35791015625,20260909-ours-seed1-final-ctx-s100-n500-drop10100-mc50
Density-guided CNP (ours),ours,18866,1,101,500,phase1_full_budget_reuse,3.3810543886254805,4.016218450411754,8.66353265832593,0.2233616159074898,0.1882273583580016,10.32661738106981,6726.35791015625,20260909-ours-seed1-final-ctx-s101-n500-drop10100-mc50
Density-guided CNP (ours),ours,18866,1,102,500,phase1_full_budget_reuse,3.248673267620546,3.94487562740125,10.427517569894835,0.2233379956668348,0.1888023872165833,10.324514769017696,6726.35791015625,20260909-ours-seed1-final-ctx-s102-n500-drop10100-mc50
Density-guided CNP (ours),ours,18866,1,103,500,phase1_full_budget_reuse,3.576963488320232,3.894661594078404,20.763565039238976,0.2235213174721508,0.1938165142216039,10.326519806869328,6726.35791015625,20260909-ours-seed1-final-ctx-s103-n500-drop10100-mc50
Density-guided CNP (ours),ours,18866,1,104,500,phase1_full_budget_reuse,3.2679913812711403,3.998812960872322,12.775973801775562,0.2233826191518058,0.1907853014428482,10.332926933653653,6726.35791015625,20260909-ours-seed1-final-ctx-s104-n500-drop10100-mc50
Density-guided CNP (ours),ours,18866,1,105,500,phase1_full_budget_reuse,3.586855378398173,3.9401641784832178,23.018669369573885,0.2235751907899322,0.1955771675160019,10.320422738790512,6726.35791015625,20260909-ours-seed1-final-ctx-s105-n500-drop10100-mc50
Density-guided CNP (ours),ours,18866,1,106,500,phase1_full_budget_reuse,3.436045595845065,3.943972822700752,13.112503269399362,0.2234208590660543,0.1909304068820372,10.336495594121516,6726.35791015625,20260909-ours-seed1-final-ctx-s106-n500-drop10100-mc50
Density-guided CNP (ours),ours,18866,1,107,500,phase1_full_budget_reuse,3.3009658467534577,3.990325213559756,21.21329527911577,0.2234419512134574,0.1941507300229892,10.336062417831272,6726.35791015625,20260909-ours-seed1-final-ctx-s107-n500-drop10100-mc50
Density-guided CNP (ours),ours,18866,1,108,500,phase1_full_budget_reuse,3.245147857826181,3.97193149466544,11.533746044969169,0.2234210775853691,0.1898479193025172,10.32224691985175,6726.35791015625,20260909-ours-seed1-final-ctx-s108-n500-drop10100-mc50
Density-guided CNP (ours),ours,18866,1,109,500,phase1_full_budget_reuse,3.486697564679013,3.918472972356168,19.68451874449017,0.2235088977656018,0.1931058480389463,10.327450711745769,6726.35791015625,20260909-ours-seed1-final-ctx-s109-n500-drop10100-mc50
Density-guided CNP (ours),ours,18866,2,100,500,phase1_full_budget_reuse,3.2705449143027967,4.0197456848423085,15.342519278424248,0.2236654886192039,0.1914265078649578,10.319935958832502,6726.35791015625,20260909-ours-seed2-final-ctx-s100-n500-drop10100-mc50
Density-guided CNP (ours),ours,18866,2,101,500,phase1_full_budget_reuse,3.599390650616032,4.2018859518694045,8.710266958846152,0.2237169389150967,0.1883717013821039,10.321548525243998,6726.35791015625,20260909-ours-seed2-final-ctx-s101-n500-drop10100-mc50
Density-guided CNP (ours),ours,18866,2,102,500,phase1_full_budget_reuse,3.2708689669280298,4.123529766195051,9.913833469925676,0.2236835707070648,0.1888596262454498,10.326731693930924,6726.35791015625,20260909-ours-seed2-final-ctx-s102-n500-drop10100-mc50
Density-guided CNP (ours),ours,18866,2,103,500,phase1_full_budget_reuse,3.247117752726737,4.075237222458873,22.028038206895733,0.2237450247075454,0.194420514986441,10.34343859832734,6726.35791015625,20260909-ours-seed2-final-ctx-s103-n500-drop10100-mc50
Density-guided CNP (ours),ours,18866,2,104,500,phase1_full_budget_reuse,3.282325620925449,4.183168622325217,11.561254602418334,0.223709112995067,0.1905405823481862,10.330774398054928,6726.35791015625,20260909-ours-seed2-final-ctx-s104-n500-drop10100-mc50
Density-guided CNP (ours),ours,18866,2,105,500,phase1_full_budget_reuse,3.3610188574537188,4.125923721463733,24.01704570780825,0.223783511211007,0.1961107452595704,10.331536006648092,6726.35791015625,20260909-ours-seed2-final-ctx-s105-n500-drop10100-mc50
Density-guided CNP (ours),ours,18866,2,106,500,phase1_full_budget_reuse,3.249549480078469,4.122848942535114,12.668130102862026,0.2237101637952788,0.1909070309208898,10.331335469149051,6726.35791015625,20260909-ours-seed2-final-ctx-s106-n500-drop10100-mc50
Density-guided CNP (ours),ours,18866,2,107,500,phase1_full_budget_reuse,3.2538507038200737,4.175199168720917,22.63094311259114,0.2237572105384707,0.1950036547407071,10.337733796797693,6726.35791015625,20260909-ours-seed2-final-ctx-s107-n500-drop10100-mc50
Density-guided CNP (ours),ours,18866,2,108,500,phase1_full_budget_reuse,3.3804334175424158,4.162788550332135,11.399050788671945,0.2237289720268367,0.1898727654103422,10.338305019773545,6726.35791015625,20260909-ours-seed2-final-ctx-s108-n500-drop10100-mc50
Density-guided CNP (ours),ours,18866,2,109,500,phase1_full_budget_reuse,3.297645386753053,4.10078307074036,20.84706782131412,0.2237533068922848,0.1936062260285234,10.335782329086214,6726.35791015625,20260909-ours-seed2-final-ctx-s109-n500-drop10100-mc50
CNP,m0,2000,0,100,500,phase2_new_evaluation,8.084665793400028,5.704475259172644,6.553435302814864,0.229686818238547,0.20439173257255122,0.18751381896436214,226.38232421875,20260909-phase2-b2000-m0-seed0-final-ctx-s100-n500-drop10100-mc50
CNP,m0,2000,0,101,500,phase2_new_evaluation,7.807599204903543,5.2497294604267015,6.841469687972896,0.2296241254789687,0.20440974619524085,0.19074650388211012,226.38232421875,20260909-phase2-b2000-m0-seed0-final-ctx-s101-n500-drop10100-mc50
CNP,m0,2000,0,102,500,phase2_new_evaluation,8.108036884603912,5.751478237126195,6.534097799747954,0.22969942765472587,0.20439400007681052,0.18805315205827355,226.38232421875,20260909-phase2-b2000-m0-seed0-final-ctx-s102-n500-drop10100-mc50
CNP,m0,2000,0,103,500,phase2_new_evaluation,7.414163112512349,4.563257782482706,7.503005750082115,0.22979154933693235,0.20466560374336332,0.19140788912773132,226.38232421875,20260909-phase2-b2000-m0-seed0-final-ctx-s103-n500-drop10100-mc50
CNP,m0,2000,0,104,500,phase2_new_evaluation,7.635049887020011,4.96311931272911,7.132009210751327,0.2296511343072524,0.20447676268830048,0.18980838265269995,226.38232421875,20260909-phase2-b2000-m0-seed0-final-ctx-s104-n500-drop10100-mc50
CNP,m0,2000,0,105,500,phase2_new_evaluation,7.64868460460507,5.012952795033137,7.161496540045611,0.2296505825483971,0.20446455194647145,0.18814149964600801,226.38232421875,20260909-phase2-b2000-m0-seed0-final-ctx-s105-n500-drop10100-mc50
CNP,m0,2000,0,106,500,phase2_new_evaluation,7.760133754599435,5.196277385754779,6.919998044972396,0.22962733120275242,0.20441910055556706,0.1875158017501235,226.38232421875,20260909-phase2-b2000-m0-seed0-final-ctx-s106-n500-drop10100-mc50
CNP,m0,2000,0,107,500,phase2_new_evaluation,7.52463658972152,4.761780161061983,7.339428915477547,0.22970514433303268,0.2045568083146808,0.1863934132270515,226.38232421875,20260909-phase2-b2000-m0-seed0-final-ctx-s107-n500-drop10100-mc50
CNP,m0,2000,0,108,500,phase2_new_evaluation,7.3986423245395425,4.5365293414669035,7.524617829340877,0.22980896491024497,0.20468208409518077,0.18753659166395664,226.38232421875,20260909-phase2-b2000-m0-seed0-final-ctx-s108-n500-drop10100-mc50
CNP,m0,2000,0,109,500,phase2_new_evaluation,7.944430379699761,5.494648828516214,6.73505339766728,0.22964895915651903,0.2043884643836289,0.18730560364201665,226.38232421875,20260909-phase2-b2000-m0-seed0-final-ctx-s109-n500-drop10100-mc50
CNP,m0,2000,1,100,500,phase2_new_evaluation,8.34874584618246,4.139556510487084,7.230801773841806,0.2324292580541247,0.2076862158207789,0.19013723824173212,226.38232421875,20260909-phase2-b2000-m0-seed1-final-ctx-s100-n500-drop10100-mc50
CNP,m0,2000,1,101,500,phase2_new_evaluation,8.290066942041753,4.134829246088357,7.467255133619384,0.23257300564999395,0.20776621953892235,0.18594003189355135,226.38232421875,20260909-phase2-b2000-m0-seed1-final-ctx-s101-n500-drop10100-mc50
CNP,m0,2000,1,102,500,phase2_new_evaluation,8.354831881367142,4.132126437269851,7.1866553320760485,0.23238239982355371,0.20763994681463135,0.18626866722479463,226.38232421875,20260909-phase2-b2000-m0-seed1-final-ctx-s102-n500-drop10100-mc50
CNP,m0,2000,1,103,500,phase2_new_evaluation,8.179899839653677,4.110967833099951,8.111246549037238,0.23276551646778162,0.20789946824360364,0.18575660418719053,226.38232421875,20260909-phase2-b2000-m0-seed1-final-ctx-s103-n500-drop10100-mc50
CNP,m0,2000,1,104,500,phase2_new_evaluation,8.21299611657621,4.0725038408811365,7.736212866801087,0.2325039855324699,0.20765710795801826,0.18664840795099735,226.38232421875,20260909-phase2-b2000-m0-seed1-final-ctx-s104-n500-drop10100-mc50
CNP,m0,2000,1,105,500,phase2_new_evaluation,8.212639193217417,4.073416993257852,7.7580935585970385,0.23248478976900577,0.20766606580536276,0.18789083510637283,226.38232421875,20260909-phase2-b2000-m0-seed1-final-ctx-s105-n500-drop10100-mc50
CNP,m0,2000,1,106,500,phase2_new_evaluation,8.255362722539788,4.111528246706496,7.589798329669914,0.23255097263666205,0.20773462841091936,0.18739733891561627,226.38232421875,20260909-phase2-b2000-m0-seed1-final-ctx-s106-n500-drop10100-mc50
CNP,m0,2000,1,107,500,phase2_new_evaluation,8.17855000096213,4.092045032266964,7.953793639593755,0.23263312631519223,0.20778674638981834,0.18491916498169303,226.38232421875,20260909-phase2-b2000-m0-seed1-final-ctx-s107-n500-drop10100-mc50
CNP,m0,2000,1,108,500,phase2_new_evaluation,8.189068467043912,4.13325351760729,8.144839957930412,0.23284725918611973,0.20797852763401406,0.18550165090709925,226.38232421875,20260909-phase2-b2000-m0-seed1-final-ctx-s108-n500-drop10100-mc50
CNP,m0,2000,1,109,500,phase2_new_evaluation,8.29922282520217,4.093291563802063,7.374444296086226,0.23235967487260048,0.20757638760791192,0.18429451016709208,226.38232421875,20260909-phase2-b2000-m0-seed1-final-ctx-s109-n500-drop10100-mc50
CNP,m0,2000,2,100,500,phase2_new_evaluation,8.383554456811492,4.204206038255083,7.288454915793087,0.2323660536222392,0.20823555278282388,0.18622349202632904,226.38232421875,20260909-phase2-b2000-m0-seed2-final-ctx-s100-n500-drop10100-mc50
CNP,m0,2000,2,101,500,phase2_new_evaluation,8.348617028594315,4.1402208804096645,7.392136461255819,0.23217854268551258,0.2081403717338448,0.18681683717295527,226.38232421875,20260909-phase2-b2000-m0-seed2-final-ctx-s101-n500-drop10100-mc50
CNP,m0,2000,2,102,500,phase2_new_evaluation,8.402349513781196,4.154863481220486,7.178112640661041,0.23221423918110884,0.2081158151784189,0.18632986396551132,226.38232421875,20260909-phase2-b2000-m0-seed2-final-ctx-s102-n500-drop10100-mc50
CNP,m0,2000,2,103,500,phase2_new_evaluation,8.31811607621105,4.252736655012411,8.156796866528161,0.23247745533114672,0.20857987965243702,0.18668276304379106,226.38232421875,20260909-phase2-b2000-m0-seed2-final-ctx-s103-n500-drop10100-mc50
CNP,m0,2000,2,104,500,phase2_new_evaluation,8.304937551797172,4.113851125300248,7.659373343148744,0.2320573065135056,0.20815290145146886,0.18640968622639775,226.38232421875,20260909-phase2-b2000-m0-seed2-final-ctx-s104-n500-drop10100-mc50
CNP,m0,2000,2,105,500,phase2_new_evaluation,8.327017066422508,4.228403767292526,7.917048156104032,0.23240978329230488,0.20845817524521976,0.18562489608302712,226.38232421875,20260909-phase2-b2000-m0-seed2-final-ctx-s105-n500-drop10100-mc50
CNP,m0,2000,2,106,500,phase2_new_evaluation,8.338946619614994,4.18515425960289,7.548690510230505,0.23229459017777646,0.20826710585181352,0.18718313286080956,226.38232421875,20260909-phase2-b2000-m0-seed2-final-ctx-s106-n500-drop10100-mc50
CNP,m0,2000,2,107,500,phase2_new_evaluation,8.319888347958953,4.210023004047929,7.931041030990101,0.23234147816889722,0.2084280700316067,0.18692367104813457,226.38232421875,20260909-phase2-b2000-m0-seed2-final-ctx-s107-n500-drop10100-mc50
CNP,m0,2000,2,108,500,phase2_new_evaluation,8.327189153844321,4.273462067057402,8.106110394398328,0.23252808716718879,0.20860284914907193,0.1859371680766344,226.38232421875,20260909-phase2-b2000-m0-seed2-final-ctx-s108-n500-drop10100-mc50
CNP,m0,2000,2,109,500,phase2_new_evaluation,8.3557385494253,4.10909130928567,7.338828188248684,0.2320871138460408,0.20807073241911264,0.18603489408269525,226.38232421875,20260909-phase2-b2000-m0-seed2-final-ctx-s109-n500-drop10100-mc50
Attentive CNP,m1,2000,0,100,500,phase2_new_evaluation,7.882760263505016,5.825507061902203,10.73643054357277,0.23075957525288177,0.20798871451204476,0.276115152053535,821.62744140625,20260909-phase2-b2000-m1-seed0-final-ctx-s100-n500-drop10100-mc50
Attentive CNP,m1,2000,0,101,500,phase2_new_evaluation,7.87107848185699,5.893093370621999,10.82116636411313,0.23065367063623618,0.20822262730968946,0.27411670982837677,821.62744140625,20260909-phase2-b2000-m1-seed0-final-ctx-s101-n500-drop10100-mc50
Attentive CNP,m1,2000,0,102,500,phase2_new_evaluation,7.876272227353945,5.822257998712695,10.493938065877138,0.2306968984012146,0.20832751635476363,0.2742913910187781,821.62744140625,20260909-phase2-b2000-m1-seed0-final-ctx-s102-n500-drop10100-mc50
Attentive CNP,m1,2000,0,103,500,phase2_new_evaluation,8.14698398645083,5.803602991167506,11.488737689296936,0.23098313878037777,0.20849930898429242,0.2762786019593477,821.62744140625,20260909-phase2-b2000-m1-seed0-final-ctx-s103-n500-drop10100-mc50
Attentive CNP,m1,2000,0,104,500,phase2_new_evaluation,8.008839547947929,5.811902861750368,11.022800214913197,0.23083492007619866,0.20836516024388546,0.27642857702448964,821.62744140625,20260909-phase2-b2000-m1-seed0-final-ctx-s104-n500-drop10100-mc50
Attentive CNP,m1,2000,0,105,500,phase2_new_evaluation,8.118106941222708,5.735634961595546,11.088924878739855,0.23099507078964962,0.2085728430011858,0.2740585790015757,821.62744140625,20260909-phase2-b2000-m1-seed0-final-ctx-s105-n500-drop10100-mc50
Attentive CNP,m1,2000,0,106,500,phase2_new_evaluation,8.003957298747585,5.817905242282925,10.998221478317038,0.23084663071531103,0.20825721025782826,0.27581235812976956,821.62744140625,20260909-phase2-b2000-m1-seed0-final-ctx-s106-n500-drop10100-mc50
Attentive CNP,m1,2000,0,107,500,phase2_new_evaluation,8.110669100971734,5.776892959180832,11.249959837732952,0.23095100772672544,0.20853158525053808,0.2753585372120142,821.62744140625,20260909-phase2-b2000-m1-seed0-final-ctx-s107-n500-drop10100-mc50
Attentive CNP,m1,2000,0,108,500,phase2_new_evaluation,8.066071670586496,5.856463916429606,11.478916212860415,0.2308836435574915,0.2083366547963376,0.27542067505419254,821.62744140625,20260909-phase2-b2000-m1-seed0-final-ctx-s108-n500-drop10100-mc50
Attentive CNP,m1,2000,0,109,500,phase2_new_evaluation,7.959054610643087,5.784219414035863,10.661261756583297,0.2308062005513281,0.20834055898484155,0.2764992821030319,821.62744140625,20260909-phase2-b2000-m1-seed0-final-ctx-s109-n500-drop10100-mc50
Attentive CNP,m1,2000,1,100,500,phase2_new_evaluation,7.957078723965232,4.275640234503683,9.804198604724727,0.23283804986704015,0.20784904181618485,0.27613295800983906,821.62744140625,20260909-phase2-b2000-m1-seed1-final-ctx-s100-n500-drop10100-mc50
Attentive CNP,m1,2000,1,101,500,phase2_new_evaluation,7.955980020329181,4.2443632391859225,9.743544630700681,0.23271083679216434,0.20775543646439457,0.2747653219848871,821.62744140625,20260909-phase2-b2000-m1-seed1-final-ctx-s101-n500-drop10100-mc50
Attentive CNP,m1,2000,1,102,500,phase2_new_evaluation,7.966873069587346,4.285380924276091,9.78709542367313,0.2328284546275842,0.2078971659846131,0.2760420558042824,821.62744140625,20260909-phase2-b2000-m1-seed1-final-ctx-s102-n500-drop10100-mc50
Attentive CNP,m1,2000,1,103,500,phase2_new_evaluation,7.916032966798782,4.210197088723847,9.957154217321307,0.23253995153567894,0.20754463634321432,0.2758571431040764,821.62744140625,20260909-phase2-b2000-m1-seed1-final-ctx-s103-n500-drop10100-mc50
Attentive CNP,m1,2000,1,104,500,phase2_new_evaluation,7.937486458279548,4.219502365119221,9.945035732879285,0.23261309087284357,0.2076550516750751,0.27504926081746817,821.62744140625,20260909-phase2-b2000-m1-seed1-final-ctx-s104-n500-drop10100-mc50
Attentive CNP,m1,2000,1,105,500,phase2_new_evaluation,7.930902627521383,4.2366772236395605,9.966915487582648,0.23263970107946397,0.2076802521499064,0.2746976329945028,821.62744140625,20260909-phase2-b2000-m1-seed1-final-ctx-s105-n500-drop10100-mc50
Attentive CNP,m1,2000,1,106,500,phase2_new_evaluation,7.94025865506345,4.240177933608289,9.898310729025093,0.23266531616369998,0.20771581598415498,0.2760750367306173,821.62744140625,20260909-phase2-b2000-m1-seed1-final-ctx-s106-n500-drop10100-mc50
Attentive CNP,m1,2000,1,107,500,phase2_new_evaluation,7.926804163315458,4.222754135903169,9.949867444270723,0.23257424273935148,0.20761712868130155,0.2759109456092119,821.62744140625,20260909-phase2-b2000-m1-seed1-final-ctx-s107-n500-drop10100-mc50
Attentive CNP,m1,2000,1,108,500,phase2_new_evaluation,7.920844566830376,4.213802896292445,9.825022123147884,0.2325351899864333,0.20754855718181522,0.2786562768742442,821.62744140625,20260909-phase2-b2000-m1-seed1-final-ctx-s108-n500-drop10100-mc50
Attentive CNP,m1,2000,1,109,500,phase2_new_evaluation,7.950324179924914,4.251951294810433,9.895773051466781,0.23272494321894963,0.2077823632213731,0.2748076431453228,821.62744140625,20260909-phase2-b2000-m1-seed1-final-ctx-s109-n500-drop10100-mc50
Attentive CNP,m1,2000,2,100,500,phase2_new_evaluation,8.174081397791495,4.487297233359016,10.321289867948089,0.23201718537880703,0.2085560715722068,0.27598777413368225,821.62744140625,20260909-phase2-b2000-m1-seed2-final-ctx-s100-n500-drop10100-mc50
Attentive CNP,m1,2000,2,101,500,phase2_new_evaluation,8.16754489285523,4.4458802315682995,10.252021883070205,0.23200396883922103,0.20843996144734162,0.27519248332828283,821.62744140625,20260909-phase2-b2000-m1-seed2-final-ctx-s101-n500-drop10100-mc50
Attentive CNP,m1,2000,2,102,500,phase2_new_evaluation,8.17340323236074,4.482729542833981,10.294571637051044,0.23200930897566777,0.20855002450455026,0.2772228280082345,821.62744140625,20260909-phase2-b2000-m1-seed2-final-ctx-s102-n500-drop10100-mc50
Attentive CNP,m1,2000,2,103,500,phase2_new_evaluation,8.160802614691898,4.413415758832874,10.530210510864956,0.23202207587388674,0.2084027071474457,0.2747151372022927,821.62744140625,20260909-phase2-b2000-m1-seed2-final-ctx-s103-n500-drop10100-mc50
Attentive CNP,m1,2000,2,104,500,phase2_new_evaluation,8.164593752274591,4.423730858183792,10.4939057546181,0.23201468339282078,0.20842864865801203,0.2749564261175692,821.62744140625,20260909-phase2-b2000-m1-seed2-final-ctx-s104-n500-drop10100-mc50
Attentive CNP,m1,2000,2,105,500,phase2_new_evaluation,8.16542064820326,4.435752052644085,10.570364671692136,0.2320242440134079,0.2084772842568439,0.27640968514606357,821.62744140625,20260909-phase2-b2000-m1-seed2-final-ctx-s105-n500-drop10100-mc50
Attentive CNP,m1,2000,2,106,500,phase2_new_evaluation,8.167048601053065,4.443694475445131,10.44410215618578,0.23201519084643996,0.2084745937413368,0.2766934232786298,821.62744140625,20260909-phase2-b2000-m1-seed2-final-ctx-s106-n500-drop10100-mc50
Attentive CNP,m1,2000,2,107,500,phase2_new_evaluation,8.16341813873415,4.4225449121650255,10.526257573565765,0.23201886991710202,0.20843277096186072,0.27477867901325226,821.62744140625,20260909-phase2-b2000-m1-seed2-final-ctx-s107-n500-drop10100-mc50
Attentive CNP,m1,2000,2,108,500,phase2_new_evaluation,8.158951430612357,4.41297584637057,10.414634723811124,0.23201495098181443,0.208377885094792,0.2750919032841921,821.62744140625,20260909-phase2-b2000-m1-seed2-final-ctx-s108-n500-drop10100-mc50
Attentive CNP,m1,2000,2,109,500,phase2_new_evaluation,8.168850518065268,4.458217996462233,10.433684861631882,0.23201383932466635,0.20851026173806253,0.274655865970999,821.62744140625,20260909-phase2-b2000-m1-seed2-final-ctx-s109-n500-drop10100-mc50
Attentive CNP + PE,m2,2000,0,100,500,phase2_new_evaluation,12.817268602963344,16.72839808271978,25.06948825139972,0.2837948677766812,0.25821905633223513,0.3311013411730528,821.63671875,20260909-phase2-b2000-m2-seed0-final-ctx-s100-n500-drop10100-mc50
Attentive CNP + PE,m2,2000,0,101,500,phase2_new_evaluation,13.052146558770742,17.04008335724425,24.706208996993567,0.2850865203118856,0.25972601899547637,0.33403319492936134,821.63671875,20260909-phase2-b2000-m2-seed0-final-ctx-s101-n500-drop10100-mc50
Attentive CNP + PE,m2,2000,0,102,500,phase2_new_evaluation,13.140136230749228,17.19907211283473,25.75227196341038,0.2857785855359973,0.26125453785568203,0.3338486962020397,821.63671875,20260909-phase2-b2000-m2-seed0-final-ctx-s102-n500-drop10100-mc50
Attentive CNP + PE,m2,2000,0,103,500,phase2_new_evaluation,12.63180729324829,17.385663445226317,29.708711268708605,0.28681079703806855,0.2648510984790551,0.33645877009257674,821.63671875,20260909-phase2-b2000-m2-seed0-final-ctx-s103-n500-drop10100-mc50
Attentive CNP + PE,m2,2000,0,104,500,phase2_new_evaluation,12.474236244397147,16.806017244247005,26.882726600419648,0.2846748322427775,0.2603355374776994,0.33450640505179763,821.63671875,20260909-phase2-b2000-m2-seed0-final-ctx-s104-n500-drop10100-mc50
Attentive CNP + PE,m2,2000,0,105,500,phase2_new_evaluation,12.51744264343618,17.205426275122168,29.119072554706925,0.285717237022507,0.26454952693789696,0.33464477583765984,821.63671875,20260909-phase2-b2000-m2-seed0-final-ctx-s105-n500-drop10100-mc50
Attentive CNP + PE,m2,2000,0,106,500,phase2_new_evaluation,12.752572897726719,17.03814841011912,26.51952079465316,0.2852267492439821,0.26051172488496716,0.3414226397871971,821.63671875,20260909-phase2-b2000-m2-seed0-final-ctx-s106-n500-drop10100-mc50
Attentive CNP + PE,m2,2000,0,107,500,phase2_new_evaluation,12.868848619096129,17.452910630507578,28.355140271260492,0.2876225337066387,0.26560227036568934,0.3387047522701323,821.63671875,20260909-phase2-b2000-m2-seed0-final-ctx-s107-n500-drop10100-mc50
Attentive CNP + PE,m2,2000,0,108,500,phase2_new_evaluation,12.795759941983679,17.24791015019868,27.12003009202736,0.28614667634190893,0.26270295517485265,0.35353521862998605,821.63671875,20260909-phase2-b2000-m2-seed0-final-ctx-s108-n500-drop10100-mc50
Attentive CNP + PE,m2,2000,0,109,500,phase2_new_evaluation,12.594208714127866,17.003473564174428,26.010367859583734,0.28475547524691847,0.2603644236636471,0.35110904462635517,821.63671875,20260909-phase2-b2000-m2-seed0-final-ctx-s109-n500-drop10100-mc50
Attentive CNP + PE,m2,2000,1,100,500,phase2_new_evaluation,17.255329586136902,16.051828992759127,25.30481104595449,0.2793066416094528,0.25856855448236044,0.3365348940715194,821.63671875,20260909-phase2-b2000-m2-seed1-final-ctx-s100-n500-drop10100-mc50
Attentive CNP + PE,m2,2000,1,101,500,phase2_new_evaluation,17.0218501375419,17.361122941959913,25.408846244887464,0.283657310295902,0.26333506273834784,0.34251767862588167,821.63671875,20260909-phase2-b2000-m2-seed1-final-ctx-s101-n500-drop10100-mc50
Attentive CNP + PE,m2,2000,1,102,500,phase2_new_evaluation,16.986073459499252,16.914858711957436,26.255330788821794,0.28326079468907345,0.2636988712043642,0.33476502588018775,821.63671875,20260909-phase2-b2000-m2-seed1-final-ctx-s102-n500-drop10100-mc50
Attentive CNP + PE,m2,2000,1,103,500,phase2_new_evaluation,16.51123795311599,15.941669225582666,28.352370950149584,0.28151391025649214,0.2628487894822231,0.332272884901613,821.63671875,20260909-phase2-b2000-m2-seed1-final-ctx-s103-n500-drop10100-mc50
Attentive CNP + PE,m2,2000,1,104,500,phase2_new_evaluation,17.109531094328144,15.79690803803241,26.49813592973364,0.28010187938583425,0.26033241921588907,0.3337719412520528,821.63671875,20260909-phase2-b2000-m2-seed1-final-ctx-s104-n500-drop10100-mc50
Attentive CNP + PE,m2,2000,1,105,500,phase2_new_evaluation,16.350071605482206,15.53355878762316,28.436306993946104,0.28027360699194803,0.262142222284177,0.33822305919602513,821.63671875,20260909-phase2-b2000-m2-seed1-final-ctx-s105-n500-drop10100-mc50
Attentive CNP + PE,m2,2000,1,106,500,phase2_new_evaluation,17.196003496383554,16.496229608535902,26.34800712304549,0.28238892473179,0.26273160239276033,0.33558581303805113,821.63671875,20260909-phase2-b2000-m2-seed1-final-ctx-s106-n500-drop10100-mc50
Attentive CNP + PE,m2,2000,1,107,500,phase2_new_evaluation,15.986514451453667,16.75033108840133,30.013062432910697,0.2856217048097261,0.2685959542322188,0.3304041395895183,821.63671875,20260909-phase2-b2000-m2-seed1-final-ctx-s107-n500-drop10100-mc50
Attentive CNP + PE,m2,2000,1,108,500,phase2_new_evaluation,16.399300433985346,16.823060032505587,27.65253097978079,0.2832656535118758,0.26507852659683573,0.33460233779624104,821.63671875,20260909-phase2-b2000-m2-seed1-final-ctx-s108-n500-drop10100-mc50
Attentive CNP + PE,m2,2000,1,109,500,phase2_new_evaluation,16.600188397086963,16.828691177107398,26.20742064942519,0.28290605479603415,0.26367212818110436,0.33092000894248486,821.63671875,20260909-phase2-b2000-m2-seed1-final-ctx-s109-n500-drop10100-mc50
Attentive CNP + PE,m2,2000,2,100,500,phase2_new_evaluation,12.016710474823535,16.036135315196937,37.15830122766422,0.2827532105086485,0.2739918062257176,0.32749290531501174,821.63671875,20260909-phase2-b2000-m2-seed2-final-ctx-s100-n500-drop10100-mc50
Attentive CNP + PE,m2,2000,2,101,500,phase2_new_evaluation,12.78931773974101,16.89938993290347,35.47137669252808,0.2865071645970416,0.27791742807610764,0.33284988068044186,821.63671875,20260909-phase2-b2000-m2-seed2-final-ctx-s101-n500-drop10100-mc50
Attentive CNP + PE,m2,2000,2,102,500,phase2_new_evaluation,12.089928631872985,16.49755951125442,36.81363708006741,0.28453076566446395,0.27509361332277454,0.33064882503822446,821.63671875,20260909-phase2-b2000-m2-seed2-final-ctx-s102-n500-drop10100-mc50
Attentive CNP + PE,m2,2000,2,103,500,phase2_new_evaluation,11.291480262964185,16.230463791736753,41.614044224155485,0.28395679478454217,0.27962851287220747,0.3422108581289649,821.63671875,20260909-phase2-b2000-m2-seed2-final-ctx-s103-n500-drop10100-mc50
Attentive CNP + PE,m2,2000,2,104,500,phase2_new_evaluation,11.676724362606471,16.211893376102537,38.5939719795203,0.28458029426081033,0.27696566076669027,0.33135877083987,821.63671875,20260909-phase2-b2000-m2-seed2-final-ctx-s104-n500-drop10100-mc50
Attentive CNP + PE,m2,2000,2,105,500,phase2_new_evaluation,11.520464980813193,16.140296181210257,41.396062217039436,0.2837716470377595,0.27937249343261505,0.33596824016422033,821.63671875,20260909-phase2-b2000-m2-seed2-final-ctx-s105-n500-drop10100-mc50
Attentive CNP + PE,m2,2000,2,106,500,phase2_new_evaluation,11.544905957998871,16.22060972486532,38.0061397978202,0.28434137726870506,0.2756693741555326,0.3330388911999762,821.63671875,20260909-phase2-b2000-m2-seed2-final-ctx-s106-n500-drop10100-mc50
Attentive CNP + PE,m2,2000,2,107,500,phase2_new_evaluation,11.497622732473745,16.427652417227414,39.368316334307885,0.286385010826095,0.2804223541701961,0.33556755911558867,821.63671875,20260909-phase2-b2000-m2-seed2-final-ctx-s107-n500-drop10100-mc50
Attentive CNP + PE,m2,2000,2,108,500,phase2_new_evaluation,11.665066689120199,16.58663985279514,39.98673511805044,0.2849609140516207,0.28029995072382435,0.334566009696573,821.63671875,20260909-phase2-b2000-m2-seed2-final-ctx-s108-n500-drop10100-mc50
Attentive CNP + PE,m2,2000,2,109,500,phase2_new_evaluation,11.968390111776836,16.599165242275824,38.406650070306846,0.2856384149528682,0.27909064038317527,0.3324740892276168,821.63671875,20260909-phase2-b2000-m2-seed2-final-ctx-s109-n500-drop10100-mc50
Density-guided CNP (ours),ours,2000,0,100,500,phase2_new_evaluation,9.089568341632868,13.172350981819363,11.157389296486581,0.24477271580084356,0.20673075294565263,1.584417193196714,3922.55908203125,20260909-phase2-b2000-ours-seed0-final-ctx-s100-n500-drop10100-mc50
Density-guided CNP (ours),ours,2000,0,101,500,phase2_new_evaluation,9.631752811556403,14.045588438030682,6.507778701212104,0.24547420580349433,0.2084013634257586,1.585995860863477,3922.55908203125,20260909-phase2-b2000-ours-seed0-final-ctx-s101-n500-drop10100-mc50
Density-guided CNP (ours),ours,2000,0,102,500,phase2_new_evaluation,9.305585405011435,13.389870737904413,6.085278059947947,0.24479508698305122,0.20625179908483113,1.5999073428101838,3922.55908203125,20260909-phase2-b2000-ours-seed0-final-ctx-s102-n500-drop10100-mc50
Density-guided CNP (ours),ours,2000,0,103,500,phase2_new_evaluation,8.981365105889855,13.560864710881226,15.352579667996743,0.24434529691843812,0.20865290742301498,1.5820272900164127,3922.55908203125,20260909-phase2-b2000-ours-seed0-final-ctx-s103-n500-drop10100-mc50
Density-guided CNP (ours),ours,2000,0,104,500,phase2_new_evaluation,9.355728325897783,13.88086031283401,6.541111705399529,0.24499128618298893,0.20740080908754446,1.5856947819702327,3922.55908203125,20260909-phase2-b2000-ours-seed0-final-ctx-s104-n500-drop10100-mc50
Density-guided CNP (ours),ours,2000,0,105,500,phase2_new_evaluation,8.902677231807028,13.622680688191863,28.628146566258334,0.24440302833242636,0.2250327970367647,1.581217564176768,3922.55908203125,20260909-phase2-b2000-ours-seed0-final-ctx-s105-n500-drop10100-mc50
Density-guided CNP (ours),ours,2000,0,106,500,phase2_new_evaluation,9.070382314857449,13.685969165832724,6.525839061339818,0.2444244160829888,0.20561591102764648,1.5858073960989714,3922.55908203125,20260909-phase2-b2000-ours-seed0-final-ctx-s106-n500-drop10100-mc50
Density-guided CNP (ours),ours,2000,0,107,500,phase2_new_evaluation,9.20736129903165,13.91448649069536,20.33121573802187,0.24473723337890224,0.21358470067894134,1.5834511150605977,3922.55908203125,20260909-phase2-b2000-ours-seed0-final-ctx-s107-n500-drop10100-mc50
Density-guided CNP (ours),ours,2000,0,108,500,phase2_new_evaluation,9.381019464145462,13.785007622649376,6.77200842695787,0.24492178472768106,0.2070289397814382,1.5859666387550533,3922.55908203125,20260909-phase2-b2000-ours-seed0-final-ctx-s108-n500-drop10100-mc50
Density-guided CNP (ours),ours,2000,0,109,500,phase2_new_evaluation,9.048052560133135,13.513876943879813,10.392829499728991,0.24474808661425654,0.20621263184246424,1.5844757710583508,3922.55908203125,20260909-phase2-b2000-ours-seed0-final-ctx-s109-n500-drop10100-mc50
Density-guided CNP (ours),ours,2000,1,100,500,phase2_new_evaluation,11.293593720894457,12.962279280830396,12.485098802747883,0.24822111834059135,0.20987591546421075,1.585718589834869,3922.55908203125,20260909-phase2-b2000-ours-seed1-final-ctx-s100-n500-drop10100-mc50
Density-guided CNP (ours),ours,2000,1,101,500,phase2_new_evaluation,11.833963490750504,13.369918427248455,5.100649558358727,0.24787763118156106,0.20888767805077754,1.5840385109186172,3922.55908203125,20260909-phase2-b2000-ours-seed1-final-ctx-s101-n500-drop10100-mc50
Density-guided CNP (ours),ours,2000,1,102,500,phase2_new_evaluation,11.49069235078011,13.165357962937474,4.353140177989731,0.2477015463547576,0.20790298498802148,1.581445600837469,3922.55908203125,20260909-phase2-b2000-ours-seed1-final-ctx-s102-n500-drop10100-mc50
Density-guided CNP (ours),ours,2000,1,103,500,phase2_new_evaluation,11.02943685177912,13.393487581915231,4.869325465653264,0.24752597386556086,0.207669049892132,1.5777648170478642,3922.55908203125,20260909-phase2-b2000-ours-seed1-final-ctx-s103-n500-drop10100-mc50
Density-guided CNP (ours),ours,2000,1,104,500,phase2_new_evaluation,10.933727429350917,13.368059379610358,4.662158458595403,0.24720952603347557,0.2079050900562002,1.577637315262109,3922.55908203125,20260909-phase2-b2000-ours-seed1-final-ctx-s104-n500-drop10100-mc50
Density-guided CNP (ours),ours,2000,1,105,500,phase2_new_evaluation,10.387124673840884,13.415923860157902,26.922681897687976,0.24718740204799158,0.21810748073258196,1.5701847923919559,3922.55908203125,20260909-phase2-b2000-ours-seed1-final-ctx-s105-n500-drop10100-mc50
Density-guided CNP (ours),ours,2000,1,106,500,phase2_new_evaluation,10.79696053551423,13.431492892595282,6.02229500249394,0.24698760236953218,0.20794065571091994,1.5770826139487326,3922.55908203125,20260909-phase2-b2000-ours-seed1-final-ctx-s106-n500-drop10100-mc50
Density-guided CNP (ours),ours,2000,1,107,500,phase2_new_evaluation,10.807108648008978,13.363369567672901,5.574701650665605,0.24705848537990158,0.20791334477798024,1.5867051761597395,3922.55908203125,20260909-phase2-b2000-ours-seed1-final-ctx-s107-n500-drop10100-mc50
Density-guided CNP (ours),ours,2000,1,108,500,phase2_new_evaluation,11.402767482137271,13.340012969120957,5.2928786950346645,0.24752690715846618,0.2086713479250046,1.5833534761331975,3922.55908203125,20260909-phase2-b2000-ours-seed1-final-ctx-s108-n500-drop10100-mc50
Density-guided CNP (ours),ours,2000,1,109,500,phase2_new_evaluation,10.849786614482973,13.397004162304846,5.083652891026909,0.24757595794895831,0.20742919644345928,1.574729859828949,3922.55908203125,20260909-phase2-b2000-ours-seed1-final-ctx-s109-n500-drop10100-mc50
Density-guided CNP (ours),ours,2000,2,100,500,phase2_new_evaluation,6.929447503147257,11.560179694836899,12.040276649855386,0.24095464810485703,0.2014936490824129,1.5845882501453161,3922.55908203125,20260909-phase2-b2000-ours-seed2-final-ctx-s100-n500-drop10100-mc50
Density-guided CNP (ours),ours,2000,2,101,500,phase2_new_evaluation,9.45822824001822,11.553999780672726,4.472790224673796,0.2414858029826848,0.20324202607618394,1.5883673932403326,3922.55908203125,20260909-phase2-b2000-ours-seed2-final-ctx-s101-n500-drop10100-mc50
Density-guided CNP (ours),ours,2000,2,102,500,phase2_new_evaluation,8.13580151381691,11.517089987282983,4.2484638704873285,0.240834508830025,0.20097295997092485,1.5856061629019678,3922.55908203125,20260909-phase2-b2000-ours-seed2-final-ctx-s102-n500-drop10100-mc50
Density-guided CNP (ours),ours,2000,2,103,500,phase2_new_evaluation,7.013222180485918,11.948157820301903,19.339220993452212,0.240933312062846,0.20495798475392904,1.5819099489599466,3922.55908203125,20260909-phase2-b2000-ours-seed2-final-ctx-s103-n500-drop10100-mc50
Density-guided CNP (ours),ours,2000,2,104,500,phase2_new_evaluation,8.739614515962206,11.605540673240872,4.4737964710910525,0.24088004994496676,0.20236725737819455,1.5833096262067556,3922.55908203125,20260909-phase2-b2000-ours-seed2-final-ctx-s104-n500-drop10100-mc50
Density-guided CNP (ours),ours,2000,2,105,500,phase2_new_evaluation,7.1572093447996625,11.82145179413274,28.924263285433334,0.24069565953335975,0.2146342740078193,1.582682176027447,3922.55908203125,20260909-phase2-b2000-ours-seed2-final-ctx-s105-n500-drop10100-mc50
Density-guided CNP (ours),ours,2000,2,106,500,phase2_new_evaluation,7.573569804796356,11.854632437282824,6.074975018931368,0.24052171881560008,0.20092788538126322,1.5815756972879171,3922.55908203125,20260909-phase2-b2000-ours-seed2-final-ctx-s106-n500-drop10100-mc50
Density-guided CNP (ours),ours,2000,2,107,500,phase2_new_evaluation,8.579066795621012,11.642239871930546,23.770047742038425,0.24096175838446873,0.21017159842730995,1.5820226958021522,3922.55908203125,20260909-phase2-b2000-ours-seed2-final-ctx-s107-n500-drop10100-mc50
Density-guided CNP (ours),ours,2000,2,108,500,phase2_new_evaluation,8.235990566686494,11.543916733992395,5.38116885782299,0.24127440293742056,0.2015352017439213,1.5779726901091635,3922.55908203125,20260909-phase2-b2000-ours-seed2-final-ctx-s108-n500-drop10100-mc50
Density-guided CNP (ours),ours,2000,2,109,500,phase2_new_evaluation,7.437773523665209,11.825806883134984,16.502563085752993,0.24045964810058265,0.20327959443264842,1.5863189902156591,3922.55908203125,20260909-phase2-b2000-ours-seed2-final-ctx-s109-n500-drop10100-mc50
CNP,m0,5000,0,100,500,phase2_new_evaluation,7.7022831766827675,6.149110676433342,8.24941091845802,0.23032188820489133,0.20485542623550948,0.1862349808216095,226.38232421875,20260909-phase2-b5000-m0-seed0-final-ctx-s100-n500-drop10100-mc50
CNP,m0,5000,0,101,500,phase2_new_evaluation,7.497304670512143,5.855780017971031,8.525937975741172,0.23042310690357645,0.20492261057107994,0.18139772024005651,226.38232421875,20260909-phase2-b5000-m0-seed0-final-ctx-s101-n500-drop10100-mc50
CNP,m0,5000,0,102,500,phase2_new_evaluation,7.705199709260858,6.1526569594854985,8.247111094460926,0.23031933397847235,0.2048515844386186,0.18187762098386884,226.38232421875,20260909-phase2-b5000-m0-seed0-final-ctx-s102-n500-drop10100-mc50
CNP,m0,5000,0,103,500,phase2_new_evaluation,7.231392410716286,5.395724987627032,9.143004702596627,0.23067173864566468,0.2051829149998121,0.18257599603384733,226.38232421875,20260909-phase2-b5000-m0-seed0-final-ctx-s103-n500-drop10100-mc50
CNP,m0,5000,0,104,500,phase2_new_evaluation,7.415730213830154,5.711385197949157,8.748130465285278,0.23042141963640733,0.2049724683186185,0.18336031399667263,226.38232421875,20260909-phase2-b5000-m0-seed0-final-ctx-s104-n500-drop10100-mc50
CNP,m0,5000,0,105,500,phase2_new_evaluation,7.395655357887219,5.675142243805258,8.81032902022943,0.2304209651910459,0.2049837259970647,0.18218744918704033,226.38232421875,20260909-phase2-b5000-m0-seed0-final-ctx-s105-n500-drop10100-mc50
CNP,m0,5000,0,106,500,phase2_new_evaluation,7.457963872880503,5.782178326015849,8.61056127521474,0.23044535492493937,0.20494640803308156,0.18285671016201377,226.38232421875,20260909-phase2-b5000-m0-seed0-final-ctx-s106-n500-drop10100-mc50
CNP,m0,5000,0,107,500,phase2_new_evaluation,7.293920921787731,5.5019114787770205,8.999671828604223,0.23055884785500114,0.20508811164016658,0.1842276002280414,226.38232421875,20260909-phase2-b5000-m0-seed0-final-ctx-s107-n500-drop10100-mc50
CNP,m0,5000,0,108,500,phase2_new_evaluation,7.205445493110697,5.333758041107719,9.212028711355808,0.23077634272185446,0.20524478932467055,0.18363193096593022,226.38232421875,20260909-phase2-b5000-m0-seed0-final-ctx-s108-n500-drop10100-mc50
CNP,m0,5000,0,109,500,phase2_new_evaluation,7.649872335882485,6.094187965868642,8.374184136263269,0.23027950556186508,0.20485939759782568,0.18301098234951496,226.38232421875,20260909-phase2-b5000-m0-seed0-final-ctx-s109-n500-drop10100-mc50
CNP,m0,5000,1,100,500,phase2_new_evaluation,7.693602510619119,5.194018032153592,7.096647004703077,0.23062184825766177,0.20491456436929334,0.18351374473422766,226.38232421875,20260909-phase2-b5000-m0-seed1-final-ctx-s100-n500-drop10100-mc50
CNP,m0,5000,1,101,500,phase2_new_evaluation,7.570073148418451,5.052945912542022,7.284132946243377,0.23068674368467082,0.20495161452839888,0.18317652586847544,226.38232421875,20260909-phase2-b5000-m0-seed1-final-ctx-s101-n500-drop10100-mc50
CNP,m0,5000,1,102,500,phase2_new_evaluation,7.681694599526236,5.181155526190081,7.120830123131834,0.23060843015917445,0.20490879353049313,0.18056409806013107,226.38232421875,20260909-phase2-b5000-m0-seed1-final-ctx-s102-n500-drop10100-mc50
CNP,m0,5000,1,103,500,phase2_new_evaluation,7.381316188902527,4.815362710230926,7.711881212549902,0.23095245897157152,0.20512368672616504,0.18055113358423114,226.38232421875,20260909-phase2-b5000-m0-seed1-final-ctx-s103-n500-drop10100-mc50
CNP,m0,5000,1,104,500,phase2_new_evaluation,7.482394447956699,4.976346943159711,7.488068575728871,0.23073031845698377,0.2049782622288721,0.18107083020731807,226.38232421875,20260909-phase2-b5000-m0-seed1-final-ctx-s104-n500-drop10100-mc50
CNP,m0,5000,1,105,500,phase2_new_evaluation,7.44414407556188,4.95103284846686,7.53241095370971,0.23080065435976957,0.2050141507899737,0.18128045834600925,226.38232421875,20260909-phase2-b5000-m0-seed1-final-ctx-s105-n500-drop10100-mc50
CNP,m0,5000,1,106,500,phase2_new_evaluation,7.518990022457022,5.0056494629499015,7.378569586922182,0.23073688071063295,0.20497774317695985,0.1808956377208233,226.38232421875,20260909-phase2-b5000-m0-seed1-final-ctx-s106-n500-drop10100-mc50
CNP,m0,5000,1,107,500,phase2_new_evaluation,7.4069900611012764,4.874173417773813,7.632984900272903,0.23087847240828804,0.20507085877701783,0.1819688337855041,226.38232421875,20260909-phase2-b5000-m0-seed1-final-ctx-s107-n500-drop10100-mc50
CNP,m0,5000,1,108,500,phase2_new_evaluation,7.3819110148660325,4.785074901772944,7.727296149593678,0.23099941391927123,0.20515594536200382,0.18183887796476483,226.38232421875,20260909-phase2-b5000-m0-seed1-final-ctx-s108-n500-drop10100-mc50
CNP,m0,5000,1,109,500,phase2_new_evaluation,7.59443010781292,5.123661905719272,7.257017564861344,0.23062491128557155,0.2049122201134732,0.17894847225397825,226.38232421875,20260909-phase2-b5000-m0-seed1-final-ctx-s109-n500-drop10100-mc50
CNP,m0,5000,2,100,500,phase2_new_evaluation,7.57375267295331,4.884048475080889,10.150598038385859,0.23314830573830486,0.20711987534744303,0.1788738202303648,226.38232421875,20260909-phase2-b5000-m0-seed2-final-ctx-s100-n500-drop10100-mc50
CNP,m0,5000,2,101,500,phase2_new_evaluation,7.740001355581525,4.829701325310114,10.39242655671231,0.2334333328772748,0.20735281843289707,0.185541404876858,226.38232421875,20260909-phase2-b5000-m0-seed2-final-ctx-s101-n500-drop10100-mc50
CNP,m0,5000,2,102,500,phase2_new_evaluation,7.520776951589769,4.904431815676737,10.107271969199852,0.23306196355183456,0.2070378007414129,0.19445600267499685,226.38232421875,20260909-phase2-b5000-m0-seed2-final-ctx-s102-n500-drop10100-mc50
CNP,m0,5000,2,103,500,phase2_new_evaluation,7.800146436961709,4.800611002244258,10.69372152053052,0.2335439743252576,0.20743055912657007,0.2003421038389206,226.38232421875,20260909-phase2-b5000-m0-seed2-final-ctx-s103-n500-drop10100-mc50
CNP,m0,5000,2,104,500,phase2_new_evaluation,7.60652285672641,4.870378890796864,10.368293539297099,0.2332007931477601,0.20712744527675436,0.18836447224020958,226.38232421875,20260909-phase2-b5000-m0-seed2-final-ctx-s104-n500-drop10100-mc50
CNP,m0,5000,2,105,500,phase2_new_evaluation,7.5784170204121315,4.884345166983558,10.368992632703538,0.23312671590528528,0.20707074264399483,0.19068863289430737,226.38232421875,20260909-phase2-b5000-m0-seed2-final-ctx-s105-n500-drop10100-mc50
CNP,m0,5000,2,106,500,phase2_new_evaluation,7.589487708754167,4.875478424274673,10.263642278739576,0.23319340774277086,0.20712214614212685,0.19005195470526814,226.38232421875,20260909-phase2-b5000-m0-seed2-final-ctx-s106-n500-drop10100-mc50
CNP,m0,5000,2,107,500,phase2_new_evaluation,7.640900864860174,4.857716060912132,10.469077587335034,0.233247230851839,0.20717082695280603,0.1873275749385357,226.38232421875,20260909-phase2-b5000-m0-seed2-final-ctx-s107-n500-drop10100-mc50
CNP,m0,5000,2,108,500,phase2_new_evaluation,7.8495523723438865,4.785603212443533,10.746923790406013,0.2336370287140188,0.20750931029527594,0.18872801214456558,226.38232421875,20260909-phase2-b5000-m0-seed2-final-ctx-s108-n500-drop10100-mc50
CNP,m0,5000,2,109,500,phase2_new_evaluation,7.460136800148595,4.9381479174483385,10.103071319721055,0.23292866992562092,0.2069087873756829,0.19639603607356548,226.38232421875,20260909-phase2-b5000-m0-seed2-final-ctx-s109-n500-drop10100-mc50
Attentive CNP,m1,5000,0,100,500,phase2_new_evaluation,7.151778184728904,6.499257316604182,9.676961828868526,0.23010944254762386,0.20584809210824456,0.28060018504038453,821.62744140625,20260909-phase2-b5000-m1-seed0-final-ctx-s100-n500-drop10100-mc50
Attentive CNP,m1,5000,0,101,500,phase2_new_evaluation,7.0978491673370625,6.641767453571022,9.423851662473528,0.23003441021445364,0.20587015485203528,0.28055508015677333,821.62744140625,20260909-phase2-b5000-m1-seed0-final-ctx-s101-n500-drop10100-mc50
Attentive CNP,m1,5000,0,102,500,phase2_new_evaluation,7.109086500900702,6.567423225116559,9.53126975764523,0.23007694994992017,0.2058765792084956,0.2796595599502325,821.62744140625,20260909-phase2-b5000-m1-seed0-final-ctx-s102-n500-drop10100-mc50
Attentive CNP,m1,5000,0,103,500,phase2_new_evaluation,7.160975023709539,6.55033896460005,9.6569899808921,0.23004626912729964,0.20581534201060311,0.28194152005016804,821.62744140625,20260909-phase2-b5000-m1-seed0-final-ctx-s103-n500-drop10100-mc50
Attentive CNP,m1,5000,0,104,500,phase2_new_evaluation,7.140719821846616,6.595326188908612,9.387522283804826,0.2300254255452385,0.2058006428151081,0.27651382982730865,821.62744140625,20260909-phase2-b5000-m1-seed0-final-ctx-s104-n500-drop10100-mc50
Attentive CNP,m1,5000,0,105,500,phase2_new_evaluation,7.178855445301433,6.516704235674481,9.58228185311502,0.2300645877380231,0.20580915673397632,0.2772521609440446,821.62744140625,20260909-phase2-b5000-m1-seed0-final-ctx-s105-n500-drop10100-mc50
Attentive CNP,m1,5000,0,106,500,phase2_new_evaluation,7.1505123262776875,6.571371710662823,9.516478558170848,0.23004654714560777,0.2058033157356523,0.2851327280513942,821.62744140625,20260909-phase2-b5000-m1-seed0-final-ctx-s106-n500-drop10100-mc50
Attentive CNP,m1,5000,0,107,500,phase2_new_evaluation,7.151575092781767,6.562386192268085,9.495663309605934,0.2300391686727603,0.20581280533216245,0.27952528512105346,821.62744140625,20260909-phase2-b5000-m1-seed0-final-ctx-s107-n500-drop10100-mc50
Attentive CNP,m1,5000,0,108,500,phase2_new_evaluation,7.127085770585665,6.599883995052874,9.500462876682764,0.23002149833696853,0.20581849726685036,0.279332660138607,821.62744140625,20260909-phase2-b5000-m1-seed0-final-ctx-s108-n500-drop10100-mc50
Attentive CNP,m1,5000,0,109,500,phase2_new_evaluation,7.146664447678044,6.550088175044134,9.487184240076083,0.23006635570194636,0.2058123475559764,0.2786298869177699,821.62744140625,20260909-phase2-b5000-m1-seed0-final-ctx-s109-n500-drop10100-mc50
Attentive CNP,m1,5000,1,100,500,phase2_new_evaluation,7.364247319547154,6.033723526837189,10.231565377044392,0.2301481909921572,0.20599176560079233,0.27956752479076385,821.62744140625,20260909-phase2-b5000-m1-seed1-final-ctx-s100-n500-drop10100-mc50
Attentive CNP,m1,5000,1,101,500,phase2_new_evaluation,7.359837192817313,5.997443423536948,10.068236122722993,0.23015181451007616,0.20593005642075451,0.2803158052265644,821.62744140625,20260909-phase2-b5000-m1-seed1-final-ctx-s101-n500-drop10100-mc50
Attentive CNP,m1,5000,1,102,500,phase2_new_evaluation,7.354392081878798,6.039935129548443,10.00736786872611,0.23012072596621172,0.20590924335960495,0.2792206169106066,821.62744140625,20260909-phase2-b5000-m1-seed1-final-ctx-s102-n500-drop10100-mc50
Attentive CNP,m1,5000,1,103,500,phase2_new_evaluation,7.435150224976408,6.031732594904306,10.624979914186843,0.2302446430024291,0.20612585649690093,0.27737043099477887,821.62744140625,20260909-phase2-b5000-m1-seed1-final-ctx-s103-n500-drop10100-mc50
Attentive CNP,m1,5000,1,104,500,phase2_new_evaluation,7.3898477694786715,6.031451956809382,10.35450565827509,0.2301883964120773,0.20601793275512467,0.2796197887510061,821.62744140625,20260909-phase2-b5000-m1-seed1-final-ctx-s104-n500-drop10100-mc50
Attentive CNP,m1,5000,1,105,500,phase2_new_evaluation,7.402407348698093,6.074207316232387,10.531224093971996,0.23020858649071033,0.2060771149438105,0.2794555709697306,821.62744140625,20260909-phase2-b5000-m1-seed1-final-ctx-s105-n500-drop10100-mc50
Attentive CNP,m1,5000,1,106,500,phase2_new_evaluation,7.383767579370357,6.02681355153373,10.394758063770624,0.23017937036024394,0.20604228985617176,0.28123875381425023,821.62744140625,20260909-phase2-b5000-m1-seed1-final-ctx-s106-n500-drop10100-mc50
Attentive CNP,m1,5000,1,107,500,phase2_new_evaluation,7.410719080258795,6.046817209735599,10.501033784401894,0.23021921732188053,0.20606462742894624,0.28051786217838526,821.62744140625,20260909-phase2-b5000-m1-seed1-final-ctx-s107-n500-drop10100-mc50
Attentive CNP,m1,5000,1,108,500,phase2_new_evaluation,7.419033373186039,6.011183476580036,10.458335666551175,0.23022769602367377,0.20605925949699072,0.280566677916795,821.62744140625,20260909-phase2-b5000-m1-seed1-final-ctx-s108-n500-drop10100-mc50
Attentive CNP,m1,5000,1,109,500,phase2_new_evaluation,7.359241216662859,6.061322691569868,10.246734819686187,0.23014638814496255,0.20598249482407405,0.2806568332016468,821.62744140625,20260909-phase2-b5000-m1-seed1-final-ctx-s109-n500-drop10100-mc50
Attentive CNP,m1,5000,2,100,500,phase2_new_evaluation,8.737319856949014,5.212766134990071,15.92775197569963,0.2341465472261857,0.21043898619637527,0.2803603741340339,821.62744140625,20260909-phase2-b5000-m1-seed2-final-ctx-s100-n500-drop10100-mc50
Attentive CNP,m1,5000,2,101,500,phase2_new_evaluation,8.678256646564412,5.231917726561917,15.75276977140661,0.23407147960206814,0.21030062926556423,0.2816889458335936,821.62744140625,20260909-phase2-b5000-m1-seed2-final-ctx-s101-n500-drop10100-mc50
Attentive CNP,m1,5000,2,102,500,phase2_new_evaluation,8.728146882216334,5.224536003465207,15.814618001306165,0.2341655104116333,0.21039883274518076,0.2799256076104939,821.62744140625,20260909-phase2-b5000-m1-seed2-final-ctx-s102-n500-drop10100-mc50
Attentive CNP,m1,5000,2,103,500,phase2_new_evaluation,8.613498769153487,5.223710929211302,15.886064013802606,0.2339191963765982,0.21021392860628793,0.2789055882021785,821.62744140625,20260909-phase2-b5000-m1-seed2-final-ctx-s103-n500-drop10100-mc50
Attentive CNP,m1,5000,2,104,500,phase2_new_evaluation,8.63416712898581,5.225068479950952,15.847284591763582,0.23399629995996296,0.21024070894209027,0.2777110869064927,821.62744140625,20260909-phase2-b5000-m1-seed2-final-ctx-s104-n500-drop10100-mc50
Attentive CNP,m1,5000,2,105,500,phase2_new_evaluation,8.651957504558736,5.216197710895733,15.935119168839037,0.23401564438785963,0.21029049013387002,0.30047443602234125,821.62744140625,20260909-phase2-b5000-m1-seed2-final-ctx-s105-n500-drop10100-mc50
Attentive CNP,m1,5000,2,106,500,phase2_new_evaluation,8.653656448305632,5.221131473436842,15.867652755975723,0.2340424150728465,0.21027801651836245,0.2796347909606993,821.62744140625,20260909-phase2-b5000-m1-seed2-final-ctx-s106-n500-drop10100-mc50
Attentive CNP,m1,5000,2,107,500,phase2_new_evaluation,8.633162129784791,5.2250156362250655,15.851787612589257,0.2339781756021237,0.21023871482197512,0.2793698930181563,821.62744140625,20260909-phase2-b5000-m1-seed2-final-ctx-s107-n500-drop10100-mc50
Attentive CNP,m1,5000,2,108,500,phase2_new_evaluation,8.613749565398168,5.232490665807115,15.770872354024727,0.23393098877421103,0.21019228975716236,0.28059126203879714,821.62744140625,20260909-phase2-b5000-m1-seed2-final-ctx-s108-n500-drop10100-mc50
Attentive CNP,m1,5000,2,109,500,phase2_new_evaluation,8.685929258108835,5.217165683341861,15.893936045811044,0.2341033259097504,0.21033921893836643,0.28051386680454016,821.62744140625,20260909-phase2-b5000-m1-seed2-final-ctx-s109-n500-drop10100-mc50
Attentive CNP + PE,m2,5000,0,100,500,phase2_new_evaluation,11.987641170750873,13.69878760134654,23.92820882119504,0.2547629334731441,0.2247410953564742,0.33872962417081,821.63671875,20260909-phase2-b5000-m2-seed0-final-ctx-s100-n500-drop10100-mc50
Attentive CNP + PE,m2,5000,0,101,500,phase2_new_evaluation,11.740122643887352,13.580025911744526,24.55842457139026,0.25506696805411533,0.22550409392017193,0.33818419417366385,821.63671875,20260909-phase2-b5000-m2-seed0-final-ctx-s101-n500-drop10100-mc50
Attentive CNP + PE,m2,5000,0,102,500,phase2_new_evaluation,11.793632874637487,13.789087630615619,24.206720517134393,0.25554441766818764,0.2254768205338273,0.3389610112644732,821.63671875,20260909-phase2-b5000-m2-seed0-final-ctx-s102-n500-drop10100-mc50
Attentive CNP + PE,m2,5000,0,103,500,phase2_new_evaluation,11.368086293385376,13.198992819880068,24.93929490211392,0.25475896969682016,0.22517089919003883,0.3381891129538417,821.63671875,20260909-phase2-b5000-m2-seed0-final-ctx-s103-n500-drop10100-mc50
Attentive CNP + PE,m2,5000,0,104,500,phase2_new_evaluation,11.171317034978221,12.979526653916274,25.510595238352014,0.2542395571461506,0.22532762770123313,0.3345357710495591,821.63671875,20260909-phase2-b5000-m2-seed0-final-ctx-s104-n500-drop10100-mc50
Attentive CNP + PE,m2,5000,0,105,500,phase2_new_evaluation,10.780369956400602,12.80940001381357,25.93453884856625,0.25387048550967795,0.22501681024443784,0.33403332298621535,821.63671875,20260909-phase2-b5000-m2-seed0-final-ctx-s105-n500-drop10100-mc50
Attentive CNP + PE,m2,5000,0,106,500,phase2_new_evaluation,11.394906525113482,13.154739643196406,25.02491645251751,0.25466822525538646,0.22537390152961143,0.3360280990600586,821.63671875,20260909-phase2-b5000-m2-seed0-final-ctx-s106-n500-drop10100-mc50
Attentive CNP + PE,m2,5000,0,107,500,phase2_new_evaluation,10.81541599333318,12.616023485704014,25.996867827971858,0.25393299063032304,0.22540410303563332,0.3417458110488951,821.63671875,20260909-phase2-b5000-m2-seed0-final-ctx-s107-n500-drop10100-mc50
Attentive CNP + PE,m2,5000,0,108,500,phase2_new_evaluation,10.899591580913707,12.796316813990567,26.064761745991262,0.2538027680074095,0.22538924680962383,0.33727478981018066,821.63671875,20260909-phase2-b5000-m2-seed0-final-ctx-s108-n500-drop10100-mc50
Attentive CNP + PE,m2,5000,0,109,500,phase2_new_evaluation,11.450245615401593,13.222988144625806,24.828216318074173,0.2547803567519633,0.2251851171765887,0.3394489446654916,821.63671875,20260909-phase2-b5000-m2-seed0-final-ctx-s109-n500-drop10100-mc50
Attentive CNP + PE,m2,5000,1,100,500,phase2_new_evaluation,11.657052364429004,11.525321521976611,31.794886147717783,0.2531029079463538,0.23379327589968973,0.3515126872807741,821.63671875,20260909-phase2-b5000-m2-seed1-final-ctx-s100-n500-drop10100-mc50
Attentive CNP + PE,m2,5000,1,101,500,phase2_new_evaluation,11.459839456820834,11.349392899804256,32.50832443045874,0.2531531458505694,0.23460323460839078,0.33943129889667034,821.63671875,20260909-phase2-b5000-m2-seed1-final-ctx-s101-n500-drop10100-mc50
Attentive CNP + PE,m2,5000,1,102,500,phase2_new_evaluation,11.462922515141235,11.335795230395416,32.28092727383425,0.2530915834526537,0.23421240939489704,0.3398845726624131,821.63671875,20260909-phase2-b5000-m2-seed1-final-ctx-s102-n500-drop10100-mc50
Attentive CNP + PE,m2,5000,1,103,500,phase2_new_evaluation,11.099689412320574,11.192810014745621,34.292321808954505,0.2533934187025461,0.23620938787003534,0.3416530778631568,821.63671875,20260909-phase2-b5000-m2-seed1-final-ctx-s103-n500-drop10100-mc50
Attentive CNP + PE,m2,5000,1,104,500,phase2_new_evaluation,11.196754634314926,11.308273526525278,33.495203610754906,0.2532913684442641,0.23543713901263372,0.3398528699763119,821.63671875,20260909-phase2-b5000-m2-seed1-final-ctx-s104-n500-drop10100-mc50
Attentive CNP + PE,m2,5000,1,105,500,phase2_new_evaluation,11.068257649184638,11.274866817863616,34.24293110727111,0.25338495446003,0.23610211227829628,0.3408760642632842,821.63671875,20260909-phase2-b5000-m2-seed1-final-ctx-s105-n500-drop10100-mc50
Attentive CNP + PE,m2,5000,1,106,500,phase2_new_evaluation,11.244035532474584,11.31053965682631,33.350419749999524,0.2532614945199871,0.235347250954042,0.33674531895667315,821.63671875,20260909-phase2-b5000-m2-seed1-final-ctx-s106-n500-drop10100-mc50
Attentive CNP + PE,m2,5000,1,107,500,phase2_new_evaluation,11.098052637178627,11.164212073448834,34.44066267095219,0.2534090664124964,0.23634905549985583,0.33963814517483115,821.63671875,20260909-phase2-b5000-m2-seed1-final-ctx-s107-n500-drop10100-mc50
Attentive CNP + PE,m2,5000,1,108,500,phase2_new_evaluation,11.183851484176653,11.209206298557248,34.21910124492042,0.2534307887936123,0.23612794690450725,0.34291925840079784,821.63671875,20260909-phase2-b5000-m2-seed1-final-ctx-s108-n500-drop10100-mc50
Attentive CNP + PE,m2,5000,1,109,500,phase2_new_evaluation,11.250928340184103,11.34876334637418,33.50093344351569,0.2533606484241374,0.2354790318521183,0.34087204094976187,821.63671875,20260909-phase2-b5000-m2-seed1-final-ctx-s109-n500-drop10100-mc50
Attentive CNP + PE,m2,5000,2,100,500,phase2_new_evaluation,11.318270535252802,11.206326451283486,29.781197523259184,0.25400526570381565,0.2325209762430877,0.3359951111488044,821.63671875,20260909-phase2-b5000-m2-seed2-final-ctx-s100-n500-drop10100-mc50
Attentive CNP + PE,m2,5000,2,101,500,phase2_new_evaluation,11.433521154044486,11.203899075861441,30.561202153563098,0.25453600002622373,0.2336755858104762,0.33373072231188416,821.63671875,20260909-phase2-b5000-m2-seed2-final-ctx-s101-n500-drop10100-mc50
Attentive CNP + PE,m2,5000,2,102,500,phase2_new_evaluation,11.471958505747413,11.289748952225237,29.275335489673942,0.2547396580407191,0.23299648528506856,0.3396995412185788,821.63671875,20260909-phase2-b5000-m2-seed2-final-ctx-s102-n500-drop10100-mc50
Attentive CNP + PE,m2,5000,2,103,500,phase2_new_evaluation,11.788728145312719,11.607785126536955,33.11474392251236,0.2551530052863175,0.236688174830894,0.3367375796660781,821.63671875,20260909-phase2-b5000-m2-seed2-final-ctx-s103-n500-drop10100-mc50
Attentive CNP + PE,m2,5000,2,104,500,phase2_new_evaluation,11.57112102146935,11.383165174103436,31.944034181145508,0.2545384494473217,0.23479574760313668,0.3361195819452405,821.63671875,20260909-phase2-b5000-m2-seed2-final-ctx-s104-n500-drop10100-mc50
Attentive CNP + PE,m2,5000,2,105,500,phase2_new_evaluation,11.531120961127979,11.516407964149842,33.267412640019685,0.2548420030517677,0.23610158417755536,0.33649057894945145,821.63671875,20260909-phase2-b5000-m2-seed2-final-ctx-s105-n500-drop10100-mc50
Attentive CNP + PE,m2,5000,2,106,500,phase2_new_evaluation,11.538156194263186,11.392968738714938,31.755175903408595,0.2549470381284971,0.23512524030670606,0.33713423227891326,821.63671875,20260909-phase2-b5000-m2-seed2-final-ctx-s106-n500-drop10100-mc50
Attentive CNP + PE,m2,5000,2,107,500,phase2_new_evaluation,11.702100816389668,11.560658991192401,32.62637441134526,0.2549826467364362,0.23595878934450115,0.33873287588357925,821.63671875,20260909-phase2-b5000-m2-seed2-final-ctx-s107-n500-drop10100-mc50
Attentive CNP + PE,m2,5000,2,108,500,phase2_new_evaluation,11.795429526823591,11.445943370909442,33.01533839997208,0.2548618581513254,0.23606317977906852,0.3412815020419657,821.63671875,20260909-phase2-b5000-m2-seed2-final-ctx-s108-n500-drop10100-mc50
Attentive CNP + PE,m2,5000,2,109,500,phase2_new_evaluation,11.512114876932044,11.310908946361758,31.006845603849936,0.25464402315307055,0.2341494486376876,0.3413148592226207,821.63671875,20260909-phase2-b5000-m2-seed2-final-ctx-s109-n500-drop10100-mc50
Density-guided CNP (ours),ours,5000,0,100,500,phase2_new_evaluation,5.167602334925016,3.6354008237145816,19.457839236385773,0.22495523261043246,0.19431560258198438,3.1393784121610224,6726.30517578125,20260909-phase2-b5000-ours-seed0-final-ctx-s100-n500-drop10100-mc50
Density-guided CNP (ours),ours,5000,0,101,500,phase2_new_evaluation,4.876324610643476,3.526691060877967,8.324513197127317,0.22505677322058593,0.19050744170473205,3.1396999550051987,6726.30517578125,20260909-phase2-b5000-ours-seed0-final-ctx-s101-n500-drop10100-mc50
Density-guided CNP (ours),ours,5000,0,102,500,phase2_new_evaluation,4.879464879899878,3.5835090405789716,11.57973827926509,0.22505160833612572,0.1910245830891655,3.1416383208706975,6726.30517578125,20260909-phase2-b5000-ours-seed0-final-ctx-s102-n500-drop10100-mc50
Density-guided CNP (ours),ours,5000,0,103,500,phase2_new_evaluation,5.064908514146512,3.621462124962215,26.20157568907236,0.22481198907134045,0.19916002735692956,3.1442938740365207,6726.30517578125,20260909-phase2-b5000-ours-seed0-final-ctx-s103-n500-drop10100-mc50
Density-guided CNP (ours),ours,5000,0,104,500,phase2_new_evaluation,4.799772588209095,3.542665708928138,17.821281758487707,0.2250681959509303,0.19405010076911636,3.1339215096086264,6726.30517578125,20260909-phase2-b5000-ours-seed0-final-ctx-s104-n500-drop10100-mc50
Density-guided CNP (ours),ours,5000,0,105,500,phase2_new_evaluation,4.979475032122632,3.5967322569515825,30.976616994306553,0.22497573788872705,0.2028746593302566,3.1403685230761766,6726.30517578125,20260909-phase2-b5000-ours-seed0-final-ctx-s105-n500-drop10100-mc50
Density-guided CNP (ours),ours,5000,0,106,500,phase2_new_evaluation,4.892085126352863,3.594260055857322,17.73038290501752,0.2250017619918594,0.19376235586710838,3.136989785823971,6726.30517578125,20260909-phase2-b5000-ours-seed0-final-ctx-s106-n500-drop10100-mc50
Density-guided CNP (ours),ours,5000,0,107,500,phase2_new_evaluation,4.823716255922562,3.5450176636547863,27.75621200232279,0.2249980026604156,0.20067572977568243,3.1417978778481483,6726.30517578125,20260909-phase2-b5000-ours-seed0-final-ctx-s107-n500-drop10100-mc50
Density-guided CNP (ours),ours,5000,0,108,500,phase2_new_evaluation,4.891327392961086,3.5499567355260107,14.342493947578458,0.22487011679216587,0.19241218479850125,3.1396049689501524,6726.30517578125,20260909-phase2-b5000-ours-seed0-final-ctx-s108-n500-drop10100-mc50
Density-guided CNP (ours),ours,5000,0,109,500,phase2_new_evaluation,4.920230107670365,3.6082736287170305,24.323635347401755,0.22529800638276493,0.19772391359253547,3.1439650212414563,6726.30517578125,20260909-phase2-b5000-ours-seed0-final-ctx-s109-n500-drop10100-mc50
Density-guided CNP (ours),ours,5000,1,100,500,phase2_new_evaluation,5.760453871785588,4.2769133914689155,15.15128257883163,0.2250593801309924,0.19396421768880612,3.1358498418703675,6726.30517578125,20260909-phase2-b5000-ours-seed1-final-ctx-s100-n500-drop10100-mc50
Density-guided CNP (ours),ours,5000,1,101,500,phase2_new_evaluation,5.356314483146436,4.296417031150527,7.386822313413484,0.22540147541817904,0.19136407944134465,3.145046583842486,6726.30517578125,20260909-phase2-b5000-ours-seed1-final-ctx-s101-n500-drop10100-mc50
Density-guided CNP (ours),ours,5000,1,102,500,phase2_new_evaluation,5.225663724016395,4.329149740621877,7.3916141146067895,0.2252831575361085,0.19085165378432195,3.1383200851269066,6726.30517578125,20260909-phase2-b5000-ours-seed1-final-ctx-s102-n500-drop10100-mc50
Density-guided CNP (ours),ours,5000,1,103,500,phase2_new_evaluation,5.582846588780334,4.3010663904433475,15.907816398740641,0.22493258440774747,0.1935968487559335,3.1337742512114346,6726.30517578125,20260909-phase2-b5000-ours-seed1-final-ctx-s103-n500-drop10100-mc50
Density-guided CNP (ours),ours,5000,1,104,500,phase2_new_evaluation,5.28279799132928,4.326388855181974,11.597006833056762,0.22532346736923012,0.1927823481309833,3.1417601350694895,6726.30517578125,20260909-phase2-b5000-ours-seed1-final-ctx-s104-n500-drop10100-mc50
Density-guided CNP (ours),ours,5000,1,105,500,phase2_new_evaluation,5.683712921927732,4.3417304565227575,40.47756214552856,0.2252191383564522,0.2148124148656032,3.135465594008565,6726.30517578125,20260909-phase2-b5000-ours-seed1-final-ctx-s105-n500-drop10100-mc50
Density-guided CNP (ours),ours,5000,1,106,500,phase2_new_evaluation,5.4637635952627175,4.334173117722171,11.429944232957205,0.22514945050506674,0.19241548136768252,3.144122691359371,6726.30517578125,20260909-phase2-b5000-ours-seed1-final-ctx-s106-n500-drop10100-mc50
Density-guided CNP (ours),ours,5000,1,107,500,phase2_new_evaluation,5.331629726265298,4.329328177058109,18.563982017740713,0.22520012287695862,0.19537195453205602,3.1425740057602525,6726.30517578125,20260909-phase2-b5000-ours-seed1-final-ctx-s107-n500-drop10100-mc50
Density-guided CNP (ours),ours,5000,1,108,500,phase2_new_evaluation,5.2196649601280924,4.310797876895775,10.580555931917763,0.22518428132692875,0.19218030892681653,3.136807342991233,6726.30517578125,20260909-phase2-b5000-ours-seed1-final-ctx-s108-n500-drop10100-mc50
Density-guided CNP (ours),ours,5000,1,109,500,phase2_new_evaluation,5.542353904298585,4.321275867419463,13.289128196224507,0.22536923079710874,0.19258071852689304,3.146871104836464,6726.30517578125,20260909-phase2-b5000-ours-seed1-final-ctx-s109-n500-drop10100-mc50
Density-guided CNP (ours),ours,5000,2,100,500,phase2_new_evaluation,6.061184155744056,3.9587115207940053,22.26557989299593,0.22472781075999979,0.19622993879592196,3.1395590407773852,6726.30517578125,20260909-phase2-b5000-ours-seed2-final-ctx-s100-n500-drop10100-mc50
Density-guided CNP (ours),ours,5000,2,101,500,phase2_new_evaluation,4.607993270932431,3.933545647551881,10.814651026554499,0.22451206525578696,0.1904711313079317,3.141417482867837,6726.30517578125,20260909-phase2-b5000-ours-seed2-final-ctx-s101-n500-drop10100-mc50
Density-guided CNP (ours),ours,5000,2,102,500,phase2_new_evaluation,5.040303187492883,3.9783780981241255,13.200824712561666,0.22457240928093217,0.19102599255524028,3.139951773919165,6726.30517578125,20260909-phase2-b5000-ours-seed2-final-ctx-s102-n500-drop10100-mc50
Density-guided CNP (ours),ours,5000,2,103,500,phase2_new_evaluation,5.764337291267779,4.030842449416762,33.16446280704859,0.22473042846657768,0.20509210817854356,3.146636547986418,6726.30517578125,20260909-phase2-b5000-ours-seed2-final-ctx-s103-n500-drop10100-mc50
Density-guided CNP (ours),ours,5000,2,104,500,phase2_new_evaluation,5.337762928966896,3.973567898996962,16.99301619290096,0.22459514650172083,0.19396939256477133,3.141149069648236,6726.30517578125,20260909-phase2-b5000-ours-seed2-final-ctx-s104-n500-drop10100-mc50
Density-guided CNP (ours),ours,5000,2,105,500,phase2_new_evaluation,6.187607444553698,4.048320187891463,36.292357880543,0.22487167564309882,0.20821412117359733,3.131259333807975,6726.30517578125,20260909-phase2-b5000-ours-seed2-final-ctx-s105-n500-drop10100-mc50
Density-guided CNP (ours),ours,5000,2,106,500,phase2_new_evaluation,5.626526136191493,4.037514703182869,17.546084598437265,0.22466673397250714,0.1941606001995113,3.1403175448067486,6726.30517578125,20260909-phase2-b5000-ours-seed2-final-ctx-s106-n500-drop10100-mc50
Density-guided CNP (ours),ours,5000,2,107,500,phase2_new_evaluation,5.458009406634112,3.9781695672305397,34.0660093318248,0.22467602880870854,0.20602333584155036,3.134833062067628,6726.30517578125,20260909-phase2-b5000-ours-seed2-final-ctx-s107-n500-drop10100-mc50
Density-guided CNP (ours),ours,5000,2,108,500,phase2_new_evaluation,5.139991575309585,3.9462325675758665,15.765033892196328,0.22450441435909926,0.1928791202236247,3.1372313951142132,6726.30517578125,20260909-phase2-b5000-ours-seed2-final-ctx-s108-n500-drop10100-mc50
Density-guided CNP (ours),ours,5000,2,109,500,phase2_new_evaluation,5.701964343457157,4.039722552155649,31.269123603407657,0.2248967951531705,0.20329512463015179,3.1399646238423884,6726.30517578125,20260909-phase2-b5000-ours-seed2-final-ctx-s109-n500-drop10100-mc50
